2026-01-18 18:02:43,268 - Knowledge - INFO - Created shared MongoDB connection pool
2026-01-18 18:02:43,582 - Knowledge - INFO - Starting Knowledge Graph processing with 20 threads
2026-01-18 18:02:43,744 - Knowledge - INFO - Initial configuration: chunk_size=65536, max_cache_size=500
2026-01-18 18:02:43,944 - Knowledge - INFO - Knowledge Graph concurrency configuration: workers=20, max_batch_size=10, max_concurrent_llm_calls=50
2026-01-18 18:02:45,496 - Knowledge - INFO - 🔍 _load_persisted_knowledge called - checking for Redis optimization
2026-01-18 18:02:45,689 - Knowledge - WARNING - ❌ load_from_redis method not found - Redis support not attached
2026-01-18 18:02:45,851 - Knowledge - INFO - load persisted knowledge: begin
2026-01-18 18:02:46,054 - Knowledge - INFO - Loaded 0 files from persisted knowledge
2026-01-18 18:02:46,257 - Knowledge - INFO - load persisted knowledge: end
2026-01-18 18:02:46,454 - Knowledge - WARNING - No persisted knowledge found. Files will be queued during start()
2026-01-18 18:02:46,642 - Knowledge - INFO - Redis support added with prefix knowledge:b9139i1:
2026-01-18 18:02:47,127 - Knowledge - INFO - Starting knowledge initialization for ID: upHgkQ-b9139i1
2026-01-18 18:02:47,320 - Knowledge - INFO - 🔍 Checking Redis for build_id: b9139i1
2026-01-18 18:02:47,552 - Knowledge - INFO - 🔍 Full session ID: upHgkQ-b9139i1
2026-01-18 18:02:47,747 - Knowledge - INFO - 🔍 Redis prefix will be: knowledge:b9139i1:
2026-01-18 18:02:47,912 - Knowledge - INFO - 🔍 Using attached load_from_redis() method
2026-01-18 18:02:48,099 - Knowledge - INFO - 🔍 Attempting to load knowledge from Redis...
2026-01-18 18:02:48,264 - Knowledge - INFO - 🔍 Using derived instance_id for Redis lookup: b9139i1
2026-01-18 18:02:48,476 - Knowledge - WARNING - ❌ No Redis cache found
2026-01-18 18:02:48,632 - Knowledge - INFO - 📁 Loading knowledge from disk...
2026-01-18 18:02:48,835 - Knowledge - INFO - load persisted docinfo: begin
2026-01-18 18:02:49,013 - Knowledge - INFO - load persisted docinfo: end
2026-01-18 18:02:49,240 - Knowledge - INFO - 🔍 _load_persisted_knowledge called - checking for Redis optimization
2026-01-18 18:02:49,455 - Knowledge - INFO - ✅ load_from_redis method found - attempting Redis load
2026-01-18 18:02:49,608 - Knowledge - INFO - 🔍 Attempting to load knowledge from Redis...
2026-01-18 18:02:49,783 - Knowledge - INFO - 🔍 Using derived instance_id for Redis lookup: b9139i1
2026-01-18 18:02:49,982 - Knowledge - WARNING - ❌ No Redis cache found
2026-01-18 18:02:50,148 - Knowledge - INFO - ❌ Redis load returned False - falling back to file loading
2026-01-18 18:02:50,347 - Knowledge - INFO - load persisted knowledge: begin
2026-01-18 18:02:50,521 - Knowledge - INFO - Loaded 0 files from persisted knowledge
2026-01-18 18:02:50,677 - Knowledge - INFO - load persisted knowledge: end
2026-01-18 18:02:50,905 - Knowledge - INFO - 📁 Disk load complete in 2.11s
2026-01-18 18:02:51,144 - Knowledge - INFO - Populating ingest queue with source files...
2026-01-18 18:02:51,470 - Knowledge - INFO - Added 244 files from /app/data/T0015/307413/b9139i1/kuksa-val to ingest queue
2026-01-18 18:02:51,644 - Knowledge - INFO - [WEBSOCKET] Sent: Type=progress_update, Size: 160, Duration: 0ms
2026-01-18 18:02:51,869 - Knowledge - INFO - Worker kw1 created using shared MongoDB connection pool
2026-01-18 18:02:52,061 - Knowledge - INFO - knowledge worker kw1 start
2026-01-18 18:02:52,061 - Knowledge - INFO - Worker kw2 created using shared MongoDB connection pool
2026-01-18 18:02:52,264 - Knowledge - INFO - [kw1] Queue=244, InProgress=0, PendingWorkers=0/1, Completed=0/244 (0.0%)
2026-01-18 18:02:52,342 - Knowledge - INFO - knowledge worker kw2 start
2026-01-18 18:02:52,342 - Knowledge - INFO - Worker kw3 created using shared MongoDB connection pool
2026-01-18 18:02:52,443 - Knowledge - INFO - Batch sizing: calculated=6, max_allowed=10, queue=244, active_workers=0/2
2026-01-18 18:02:52,576 - Knowledge - INFO - [kw2] Queue=244, InProgress=0, PendingWorkers=0/2, Completed=0/244 (0.0%)
2026-01-18 18:02:52,657 - Knowledge - INFO - knowledge worker kw3 start
2026-01-18 18:02:52,658 - Knowledge - INFO - Worker kw4 created using shared MongoDB connection pool
2026-01-18 18:02:52,807 - Knowledge - INFO - Worker kw1 processing /app/data/T0015/307413/b9139i1/kuksa-val/test/stresstest/config.ini
2026-01-18 18:02:52,881 - Knowledge - INFO - Batch sizing: calculated=6, max_allowed=10, queue=244, active_workers=1/3
2026-01-18 18:02:52,970 - Knowledge - INFO - [kw3] Queue=238, InProgress=0, PendingWorkers=1/3, Completed=0/244 (0.0%)
2026-01-18 18:02:53,053 - Knowledge - INFO - knowledge worker kw4 start
2026-01-18 18:02:53,053 - Knowledge - INFO - Worker kw5 created using shared MongoDB connection pool
2026-01-18 18:02:53,156 - Knowledge - INFO - Fast-tracked /app/data/T0015/307413/b9139i1/kuksa-val/test/stresstest/config.ini (ext=.ini, size=119)
2026-01-18 18:02:53,242 - Knowledge - INFO - Worker kw2 processing /app/data/T0015/307413/b9139i1/kuksa-val/test/stresstest/subscriber.py
2026-01-18 18:02:53,336 - Knowledge - INFO - Batch sizing: calculated=6, max_allowed=10, queue=238, active_workers=2/4
2026-01-18 18:02:53,418 - Knowledge - INFO - [kw4] Queue=232, InProgress=0, PendingWorkers=2/4, Completed=0/244 (0.0%)
2026-01-18 18:02:53,524 - Knowledge - INFO - knowledge worker kw5 start
2026-01-18 18:02:53,524 - Knowledge - INFO - Worker kw6 created using shared MongoDB connection pool
2026-01-18 18:02:53,639 - Knowledge - INFO - Worker kw1 processing /app/data/T0015/307413/b9139i1/kuksa-val/test/stresstest/broker.py
2026-01-18 18:02:53,735 - Knowledge - INFO - Fast-tracked /app/data/T0015/307413/b9139i1/kuksa-val/test/stresstest/subscriber.py (ext=.py, size=1217)
2026-01-18 18:02:53,872 - Knowledge - INFO - Worker kw3 processing /app/data/T0015/307413/b9139i1/kuksa-val/kuksa_certificates/jwt/super-admin.json
2026-01-18 18:02:53,963 - Knowledge - INFO - Batch sizing: calculated=6, max_allowed=10, queue=232, active_workers=3/5
2026-01-18 18:02:54,092 - Knowledge - INFO - [kw5] Queue=226, InProgress=0, PendingWorkers=3/5, Completed=0/244 (0.0%)
2026-01-18 18:02:54,169 - Knowledge - INFO - knowledge worker kw6 start
2026-01-18 18:02:54,169 - Knowledge - INFO - Worker kw7 created using shared MongoDB connection pool
2026-01-18 18:02:54,240 - Knowledge - INFO - Fast-tracked /app/data/T0015/307413/b9139i1/kuksa-val/test/stresstest/broker.py (ext=.py, size=1694)
2026-01-18 18:02:54,321 - Knowledge - INFO - Worker kw2 processing /app/data/T0015/307413/b9139i1/kuksa-val/test/stresstest/stresstest.py
2026-01-18 18:02:54,430 - Knowledge - INFO - Fast-tracked /app/data/T0015/307413/b9139i1/kuksa-val/kuksa_certificates/jwt/super-admin.json (ext=.json, size=175)
2026-01-18 18:02:54,506 - Knowledge - INFO - Worker kw4 processing /app/data/T0015/307413/b9139i1/kuksa-val/kuksa_apps/s3/s3_uploader.py
2026-01-18 18:02:54,592 - Knowledge - INFO - Batch sizing: calculated=6, max_allowed=10, queue=226, active_workers=4/6
2026-01-18 18:02:54,703 - Knowledge - INFO - [kw6] Queue=220, InProgress=0, PendingWorkers=4/6, Completed=0/244 (0.0%)
2026-01-18 18:02:54,759 - Knowledge - INFO - knowledge worker kw7 start
2026-01-18 18:02:54,759 - Knowledge - INFO - Worker kw8 created using shared MongoDB connection pool
2026-01-18 18:02:54,860 - Knowledge - INFO - Worker kw1 processing /app/data/T0015/307413/b9139i1/kuksa-val/test/stresstest/client.py
2026-01-18 18:02:54,935 - Knowledge - INFO - Fast-tracked /app/data/T0015/307413/b9139i1/kuksa-val/test/stresstest/stresstest.py (ext=.py, size=1748)
2026-01-18 18:02:55,032 - Knowledge - INFO - Worker kw3 processing /app/data/T0015/307413/b9139i1/kuksa-val/kuksa_certificates/jwt/README.md
2026-01-18 18:02:55,163 - Knowledge - INFO - Worker kw4 processing /app/data/T0015/307413/b9139i1/kuksa-val/kuksa_apps/s3/config.ini
2026-01-18 18:02:55,240 - Knowledge - INFO - Worker kw5 processing /app/data/T0015/307413/b9139i1/kuksa-val/kuksa_apps/node-red/kuksa_config/obdfeeder.ini
2026-01-18 18:02:55,344 - Knowledge - INFO - Batch sizing: calculated=6, max_allowed=10, queue=220, active_workers=5/7
2026-01-18 18:02:55,421 - Knowledge - INFO - [kw7] Queue=214, InProgress=0, PendingWorkers=5/7, Completed=0/244 (0.0%)
2026-01-18 18:02:55,509 - Knowledge - INFO - knowledge worker kw8 start
2026-01-18 18:02:55,509 - Knowledge - INFO - Worker kw9 created using shared MongoDB connection pool
2026-01-18 18:02:55,612 - Knowledge - INFO - Fast-tracked /app/data/T0015/307413/b9139i1/kuksa-val/test/stresstest/client.py (ext=.py, size=1441)
2026-01-18 18:02:55,693 - Knowledge - INFO - Worker kw2 processing /app/data/T0015/307413/b9139i1/kuksa-val/test/stresstest/stress.py
2026-01-18 18:02:55,814 - Knowledge - INFO - Fast-tracked /app/data/T0015/307413/b9139i1/kuksa-val/kuksa_certificates/jwt/README.md (ext=.md, size=1057)
2026-01-18 18:02:55,906 - Knowledge - INFO - Fast-tracked /app/data/T0015/307413/b9139i1/kuksa-val/kuksa_apps/s3/config.ini (ext=.ini, size=850)
2026-01-18 18:02:56,019 - Knowledge - INFO - Fast-tracked /app/data/T0015/307413/b9139i1/kuksa-val/kuksa_apps/node-red/kuksa_config/obdfeeder.ini (ext=.ini, size=217)
2026-01-18 18:02:56,137 - Knowledge - INFO - Worker kw6 processing /app/data/T0015/307413/b9139i1/kuksa-val/kuksa_apps/node-red/websocket-subscription.json
2026-01-18 18:02:56,223 - Knowledge - INFO - Batch sizing: calculated=6, max_allowed=10, queue=214, active_workers=6/8
2026-01-18 18:02:56,311 - Knowledge - INFO - [kw8] Queue=208, InProgress=0, PendingWorkers=6/8, Completed=0/244 (0.0%)
2026-01-18 18:02:56,385 - Knowledge - INFO - knowledge worker kw9 start
2026-01-18 18:02:56,386 - Knowledge - INFO - Worker kw10 created using shared MongoDB connection pool
2026-01-18 18:02:56,466 - Knowledge - INFO - Worker kw1 processing /app/data/T0015/307413/b9139i1/kuksa-val/test/stresstest/server.py
2026-01-18 18:02:56,562 - Knowledge - INFO - Fast-tracked /app/data/T0015/307413/b9139i1/kuksa-val/test/stresstest/stress.py (ext=.py, size=1400)
2026-01-18 18:02:56,658 - Knowledge - INFO - Worker kw3 processing /app/data/T0015/307413/b9139i1/kuksa-val/kuksa_certificates/jwt/single-read.json
2026-01-18 18:02:56,740 - Knowledge - INFO - Worker kw4 processing /app/data/T0015/307413/b9139i1/kuksa-val/kuksa_apps/s3/requirements.txt
2026-01-18 18:02:56,832 - Knowledge - INFO - Worker kw5 processing /app/data/T0015/307413/b9139i1/kuksa-val/kuksa_apps/node-red/websocket-advanced.json
2026-01-18 18:02:56,917 - Knowledge - INFO - Fast-tracked /app/data/T0015/307413/b9139i1/kuksa-val/kuksa_apps/node-red/websocket-subscription.json (ext=.json, size=14927)
2026-01-18 18:02:57,034 - Knowledge - INFO - Worker kw7 processing /app/data/T0015/307413/b9139i1/kuksa-val/data/vss-core/vss_release_2.1.json
2026-01-18 18:02:57,127 - Knowledge - INFO - Batch sizing: calculated=6, max_allowed=10, queue=208, active_workers=7/9
2026-01-18 18:02:57,201 - Knowledge - INFO - [kw9] Queue=202, InProgress=0, PendingWorkers=7/9, Completed=0/244 (0.0%)
2026-01-18 18:02:57,283 - Knowledge - INFO - knowledge worker kw10 start
2026-01-18 18:02:57,284 - Knowledge - INFO - Worker kw11 created using shared MongoDB connection pool
2026-01-18 18:02:57,369 - Knowledge - INFO - Fast-tracked /app/data/T0015/307413/b9139i1/kuksa-val/test/stresstest/server.py (ext=.py, size=1981)
2026-01-18 18:02:57,480 - Knowledge - INFO - Worker kw2 processing /app/data/T0015/307413/b9139i1/kuksa-val/Cross.toml
2026-01-18 18:02:57,605 - Knowledge - INFO - Fast-tracked /app/data/T0015/307413/b9139i1/kuksa-val/kuksa_certificates/jwt/single-read.json (ext=.json, size=167)
2026-01-18 18:02:57,696 - Knowledge - INFO - Fast-tracked /app/data/T0015/307413/b9139i1/kuksa-val/kuksa_apps/s3/requirements.txt (ext=.txt, size=1088)
2026-01-18 18:02:57,784 - Knowledge - INFO - Fast-tracked /app/data/T0015/307413/b9139i1/kuksa-val/kuksa_apps/node-red/websocket-advanced.json (ext=.json, size=12505)
2026-01-18 18:02:57,869 - Knowledge - INFO - Worker kw6 processing /app/data/T0015/307413/b9139i1/kuksa-val/kuksa_apps/node-red/README.md
2026-01-18 18:02:57,950 - Knowledge - INFO - Fast-tracked /app/data/T0015/307413/b9139i1/kuksa-val/data/vss-core/vss_release_2.1.json (ext=.json, size=319563)
2026-01-18 18:02:58,027 - Knowledge - INFO - Worker kw8 processing /app/data/T0015/307413/b9139i1/kuksa-val/doc/deployment.md
2026-01-18 18:02:58,126 - Knowledge - INFO - Batch sizing: calculated=6, max_allowed=10, queue=202, active_workers=8/10
2026-01-18 18:02:58,198 - Knowledge - INFO - [kw10] Queue=196, InProgress=0, PendingWorkers=8/10, Completed=0/244 (0.0%)
2026-01-18 18:02:58,301 - Knowledge - INFO - knowledge worker kw11 start
2026-01-18 18:02:58,301 - Knowledge - INFO - Worker kw12 created using shared MongoDB connection pool
2026-01-18 18:02:58,414 - Knowledge - INFO - Worker kw1 processing /app/data/T0015/307413/b9139i1/kuksa-val/test/stresstest/config.py
2026-01-18 18:02:58,513 - Knowledge - INFO - Fast-tracked /app/data/T0015/307413/b9139i1/kuksa-val/Cross.toml (ext=.toml, size=597)
2026-01-18 18:02:58,608 - Knowledge - INFO - Worker kw3 processing /app/data/T0015/307413/b9139i1/kuksa-val/kuksa_certificates/README.md
2026-01-18 18:02:58,695 - Knowledge - INFO - Worker kw4 processing /app/data/T0015/307413/b9139i1/kuksa-val/kuksa_apps/s3/pyarrow_mapping.py
2026-01-18 18:02:58,762 - Knowledge - INFO - Worker kw5 processing /app/data/T0015/307413/b9139i1/kuksa-val/kuksa_apps/node-red/mqtt/package.json
2026-01-18 18:02:58,870 - Knowledge - INFO - Fast-tracked /app/data/T0015/307413/b9139i1/kuksa-val/kuksa_apps/node-red/README.md (ext=.md, size=3358)
2026-01-18 18:02:58,957 - Knowledge - INFO - Worker kw7 processing /app/data/T0015/307413/b9139i1/kuksa-val/data/vss-core/vss_release_2.2.json
2026-01-18 18:02:59,081 - Knowledge - INFO - Fast-tracked /app/data/T0015/307413/b9139i1/kuksa-val/doc/deployment.md (ext=.md, size=10189)
2026-01-18 18:02:59,166 - Knowledge - INFO - Worker kw9 processing /app/data/T0015/307413/b9139i1/kuksa-val/doc/quickstart.md
2026-01-18 18:02:59,273 - Knowledge - INFO - Batch sizing: calculated=5, max_allowed=10, queue=196, active_workers=9/11
2026-01-18 18:02:59,385 - Knowledge - INFO - [kw11] Queue=190, InProgress=0, PendingWorkers=9/11, Completed=0/244 (0.0%)
2026-01-18 18:02:59,480 - Knowledge - INFO - knowledge worker kw12 start
2026-01-18 18:02:59,481 - Knowledge - INFO - Worker kw13 created using shared MongoDB connection pool
2026-01-18 18:02:59,599 - Knowledge - INFO - Fast-tracked /app/data/T0015/307413/b9139i1/kuksa-val/test/stresstest/config.py (ext=.py, size=1038)
2026-01-18 18:02:59,687 - Knowledge - INFO - Worker kw2 processing /app/data/T0015/307413/b9139i1/kuksa-val/kuksa_certificates/jwt/all-read-write.json
2026-01-18 18:02:59,759 - Knowledge - INFO - Fast-tracked /app/data/T0015/307413/b9139i1/kuksa-val/kuksa_certificates/README.md (ext=.md, size=3104)
2026-01-18 18:02:59,851 - Knowledge - INFO - Worker kw4 processing /app/data/T0015/307413/b9139i1/kuksa-val/kuksa_apps/s3/readme.md
2026-01-18 18:02:59,931 - Knowledge - INFO - Fast-tracked /app/data/T0015/307413/b9139i1/kuksa-val/kuksa_apps/node-red/mqtt/package.json (ext=.json, size=240)
2026-01-18 18:03:00,032 - Knowledge - INFO - Worker kw6 processing /app/data/T0015/307413/b9139i1/kuksa-val/kuksa_apps/node-red/docker-compose.yml
2026-01-18 18:03:00,115 - Knowledge - INFO - Fast-tracked /app/data/T0015/307413/b9139i1/kuksa-val/data/vss-core/vss_release_2.2.json (ext=.json, size=320354)
2026-01-18 18:03:00,233 - Knowledge - INFO - Worker kw8 processing /app/data/T0015/307413/b9139i1/kuksa-val/doc/terminology.md
2026-01-18 18:03:00,326 - Knowledge - INFO - Fast-tracked /app/data/T0015/307413/b9139i1/kuksa-val/doc/quickstart.md (ext=.md, size=6385)
2026-01-18 18:03:00,447 - Knowledge - INFO - Worker kw10 processing /app/data/T0015/307413/b9139i1/kuksa-val/doc/KUKSA.val_server/run-docker.md
2026-01-18 18:03:00,527 - Knowledge - INFO - Batch sizing: calculated=5, max_allowed=10, queue=190, active_workers=10/12
2026-01-18 18:03:00,608 - Knowledge - INFO - [kw12] Queue=185, InProgress=0, PendingWorkers=10/12, Completed=0/244 (0.0%)
2026-01-18 18:03:00,702 - Knowledge - INFO - knowledge worker kw13 start
2026-01-18 18:03:00,702 - Knowledge - INFO - Worker kw14 created using shared MongoDB connection pool
2026-01-18 18:03:00,792 - Knowledge - INFO - Worker kw1 processing /app/data/T0015/307413/b9139i1/kuksa-val/test/stresstest/README.md
2026-01-18 18:03:00,875 - Knowledge - INFO - Fast-tracked /app/data/T0015/307413/b9139i1/kuksa-val/kuksa_certificates/jwt/all-read-write.json (ext=.json, size=151)
2026-01-18 18:03:00,969 - Knowledge - INFO - Worker kw3 processing /app/data/T0015/307413/b9139i1/kuksa-val/kuksa_certificates/__init__.py
2026-01-18 18:03:01,072 - Knowledge - INFO - Fast-tracked /app/data/T0015/307413/b9139i1/kuksa-val/kuksa_apps/s3/readme.md (ext=.md, size=3173)
2026-01-18 18:03:01,152 - Knowledge - INFO - Worker kw5 processing /app/data/T0015/307413/b9139i1/kuksa-val/kuksa_apps/node-red/mqtt/settings.js
2026-01-18 18:03:01,234 - Knowledge - INFO - Fast-tracked /app/data/T0015/307413/b9139i1/kuksa-val/kuksa_apps/node-red/docker-compose.yml (ext=.yml, size=616)
2026-01-18 18:03:01,322 - Knowledge - INFO - Worker kw7 processing /app/data/T0015/307413/b9139i1/kuksa-val/data/vss-core/vss_release_4.0.json
2026-01-18 18:03:01,410 - Knowledge - INFO - Fast-tracked /app/data/T0015/307413/b9139i1/kuksa-val/doc/terminology.md (ext=.md, size=8550)
2026-01-18 18:03:01,518 - Knowledge - INFO - Worker kw9 processing /app/data/T0015/307413/b9139i1/kuksa-val/doc/KUKSA.val_server/cmake.md
2026-01-18 18:03:01,629 - Knowledge - INFO - Fast-tracked /app/data/T0015/307413/b9139i1/kuksa-val/doc/KUKSA.val_server/run-docker.md (ext=.md, size=1065)
2026-01-18 18:03:01,717 - Knowledge - INFO - Worker kw11 processing /app/data/T0015/307413/b9139i1/kuksa-val/doc/pictures/genGif.sh
2026-01-18 18:03:01,794 - Knowledge - INFO - Batch sizing: calculated=5, max_allowed=10, queue=185, active_workers=11/13
2026-01-18 18:03:01,907 - Knowledge - INFO - [kw13] Queue=180, InProgress=0, PendingWorkers=11/13, Completed=0/244 (0.0%)
2026-01-18 18:03:01,998 - Knowledge - INFO - knowledge worker kw14 start
2026-01-18 18:03:01,999 - Knowledge - INFO - Worker kw15 created using shared MongoDB connection pool
2026-01-18 18:03:02,079 - Knowledge - INFO - Fast-tracked /app/data/T0015/307413/b9139i1/kuksa-val/test/stresstest/README.md (ext=.md, size=1616)
2026-01-18 18:03:02,176 - Knowledge - INFO - Worker kw2 processing /app/data/T0015/307413/b9139i1/kuksa-val/kuksa_certificates/jwt/requirements.txt
2026-01-18 18:03:02,291 - Knowledge - INFO - Fast-tracked /app/data/T0015/307413/b9139i1/kuksa-val/kuksa_certificates/__init__.py (ext=.py, size=114)
2026-01-18 18:03:02,400 - Knowledge - INFO - Worker kw4 processing /app/data/T0015/307413/b9139i1/kuksa-val/kuksa_apps/node-red/kuksa_config/gpsd_feeder.ini
2026-01-18 18:03:02,493 - Knowledge - INFO - Worker kw5 processing /app/data/T0015/307413/b9139i1/kuksa-val/kuksa_apps/node-red/mqtt/flows.json
2026-01-18 18:03:02,567 - Knowledge - INFO - Worker kw6 processing /app/data/T0015/307413/b9139i1/kuksa-val/kuksa_apps/README.md
2026-01-18 18:03:02,657 - Knowledge - INFO - Fast-tracked /app/data/T0015/307413/b9139i1/kuksa-val/data/vss-core/vss_release_4.0.json (ext=.json, size=259898)
2026-01-18 18:03:02,736 - Knowledge - INFO - Worker kw8 processing /app/data/T0015/307413/b9139i1/kuksa-val/doc/system-architecture.md
2026-01-18 18:03:02,834 - Knowledge - INFO - Fast-tracked /app/data/T0015/307413/b9139i1/kuksa-val/doc/KUKSA.val_server/cmake.md (ext=.md, size=5463)
2026-01-18 18:03:02,947 - Knowledge - INFO - Worker kw10 processing /app/data/T0015/307413/b9139i1/kuksa-val/doc/server-vs-broker.md
2026-01-18 18:03:03,031 - Knowledge - INFO - Fast-tracked /app/data/T0015/307413/b9139i1/kuksa-val/doc/pictures/genGif.sh (ext=.sh, size=349)
2026-01-18 18:03:03,152 - Knowledge - INFO - Worker kw12 processing /app/data/T0015/307413/b9139i1/kuksa-val/jwt/README.md
2026-01-18 18:03:03,232 - Knowledge - INFO - Batch sizing: calculated=5, max_allowed=10, queue=180, active_workers=12/14
2026-01-18 18:03:03,314 - Knowledge - INFO - [kw14] Queue=175, InProgress=0, PendingWorkers=12/14, Completed=0/244 (0.0%)
2026-01-18 18:03:03,402 - Knowledge - INFO - knowledge worker kw15 start
2026-01-18 18:03:03,403 - Knowledge - INFO - Worker kw16 created using shared MongoDB connection pool
2026-01-18 18:03:03,511 - Knowledge - INFO - Processing batch of 6 files
2026-01-18 18:03:03,579 - Knowledge - INFO - Fast-tracked /app/data/T0015/307413/b9139i1/kuksa-val/kuksa_certificates/jwt/requirements.txt (ext=.txt, size=34)
2026-01-18 18:03:03,702 - Knowledge - INFO - Worker kw3 processing /app/data/T0015/307413/b9139i1/kuksa-val/proto/kuksa/val/v1/README.md
2026-01-18 18:03:03,786 - Knowledge - INFO - Fast-tracked /app/data/T0015/307413/b9139i1/kuksa-val/kuksa_apps/node-red/kuksa_config/gpsd_feeder.ini (ext=.ini, size=77)
2026-01-18 18:03:03,858 - Knowledge - INFO - Fast-tracked /app/data/T0015/307413/b9139i1/kuksa-val/kuksa_apps/node-red/mqtt/flows.json (ext=.json, size=11537)
2026-01-18 18:03:03,932 - Knowledge - INFO - Fast-tracked /app/data/T0015/307413/b9139i1/kuksa-val/kuksa_apps/README.md (ext=.md, size=302)
2026-01-18 18:03:04,051 - Knowledge - INFO - Worker kw7 processing /app/data/T0015/307413/b9139i1/kuksa-val/data/vss-core/README.md
2026-01-18 18:03:04,137 - Knowledge - INFO - Fast-tracked /app/data/T0015/307413/b9139i1/kuksa-val/doc/system-architecture.md (ext=.md, size=8675)
2026-01-18 18:03:04,213 - Knowledge - INFO - Worker kw9 processing /app/data/T0015/307413/b9139i1/kuksa-val/doc/KUKSA.val_server/jwt.md
2026-01-18 18:03:04,283 - Knowledge - INFO - Fast-tracked /app/data/T0015/307413/b9139i1/kuksa-val/doc/server-vs-broker.md (ext=.md, size=1683)
2026-01-18 18:03:04,365 - Knowledge - INFO - Worker kw11 processing /app/data/T0015/307413/b9139i1/kuksa-val/doc/pictures/README.md
2026-01-18 18:03:04,457 - Knowledge - INFO - Fast-tracked /app/data/T0015/307413/b9139i1/kuksa-val/jwt/README.md (ext=.md, size=1102)
2026-01-18 18:03:04,565 - Knowledge - INFO - Worker kw13 processing /app/data/T0015/307413/b9139i1/kuksa-val/kuksa_databroker/databroker-proto/proto/sdv/databroker/v1/README.md
2026-01-18 18:03:04,670 - Knowledge - INFO - Batch sizing: calculated=5, max_allowed=10, queue=175, active_workers=13/15
2026-01-18 18:03:04,754 - Knowledge - INFO - [kw15] Queue=170, InProgress=0, PendingWorkers=13/15, Completed=6/244 (2.5%)
2026-01-18 18:03:04,829 - Knowledge - INFO - knowledge worker kw16 start
2026-01-18 18:03:04,829 - Knowledge - INFO - Worker kw17 created using shared MongoDB connection pool
2026-01-18 18:03:04,916 - Knowledge - INFO - process ingested knowledge for /app/data/T0015/307413/b9139i1/kuksa-val/test/stresstest/config.ini
2026-01-18 18:03:05,017 - Knowledge - INFO - Processing batch of 6 files
2026-01-18 18:03:05,082 - Knowledge - INFO - Fast-tracked /app/data/T0015/307413/b9139i1/kuksa-val/proto/kuksa/val/v1/README.md (ext=.md, size=330)
2026-01-18 18:03:05,274 - Knowledge - INFO - Worker kw5 processing /app/data/T0015/307413/b9139i1/kuksa-val/kuksa_apps/node-red/feeders.yml
2026-01-18 18:03:05,350 - Knowledge - INFO - Worker kw6 processing /app/data/T0015/307413/b9139i1/kuksa-val/data/vss-core/vss_release_3.0.json
2026-01-18 18:03:05,448 - Knowledge - INFO - Fast-tracked /app/data/T0015/307413/b9139i1/kuksa-val/data/vss-core/README.md (ext=.md, size=8233)
2026-01-18 18:03:05,532 - Knowledge - INFO - Worker kw8 processing /app/data/T0015/307413/b9139i1/kuksa-val/doc/protocol/support.md
2026-01-18 18:03:05,611 - Knowledge - INFO - Fast-tracked /app/data/T0015/307413/b9139i1/kuksa-val/doc/KUKSA.val_server/jwt.md (ext=.md, size=4834)
2026-01-18 18:03:05,686 - Knowledge - INFO - Worker kw10 processing /app/data/T0015/307413/b9139i1/kuksa-val/doc/KUKSA.val_data_broker/authorization.md
2026-01-18 18:03:05,771 - Knowledge - INFO - Fast-tracked /app/data/T0015/307413/b9139i1/kuksa-val/doc/pictures/README.md (ext=.md, size=456)
2026-01-18 18:03:05,853 - Knowledge - INFO - Worker kw12 processing /app/data/T0015/307413/b9139i1/kuksa-val/jwt/actuate-provide-all.json
2026-01-18 18:03:05,924 - Knowledge - INFO - Fast-tracked /app/data/T0015/307413/b9139i1/kuksa-val/kuksa_databroker/databroker-proto/proto/sdv/databroker/v1/README.md (ext=.md, size=687)
2026-01-18 18:03:06,013 - Knowledge - INFO - Worker kw14 processing /app/data/T0015/307413/b9139i1/kuksa-val/kuksa_databroker/databroker-cli/src/main.rs
2026-01-18 18:03:06,072 - Knowledge - INFO - Fast-tracked /app/data/T0015/307413/b9139i1/kuksa-val/kuksa_apps/s3/pyarrow_mapping.py (small file (2085 bytes))
2026-01-18 18:03:06,083 - Knowledge - INFO - Batch sizing: calculated=5, max_allowed=10, queue=170, active_workers=14/16
2026-01-18 18:03:06,223 - Knowledge - INFO - [kw16] Queue=165, InProgress=0, PendingWorkers=14/16, Completed=12/244 (4.9%)
2026-01-18 18:03:06,321 - Knowledge - INFO - knowledge worker kw17 start
2026-01-18 18:03:06,322 - Knowledge - INFO - Worker kw18 created using shared MongoDB connection pool
2026-01-18 18:03:06,434 - Knowledge - INFO - process ingested knowledge for /app/data/T0015/307413/b9139i1/kuksa-val/test/stresstest/broker.py
2026-01-18 18:03:06,551 - Knowledge - INFO - process ingested knowledge for /app/data/T0015/307413/b9139i1/kuksa-val/test/stresstest/subscriber.py
2026-01-18 18:03:06,653 - Knowledge - INFO - Processing batch of 6 files
2026-01-18 18:03:06,712 - Knowledge - INFO - Fast-tracked /app/data/T0015/307413/b9139i1/kuksa-val/kuksa_apps/node-red/feeders.yml (ext=.yml, size=727)
2026-01-18 18:03:06,789 - Knowledge - INFO - Fast-tracked /app/data/T0015/307413/b9139i1/kuksa-val/data/vss-core/vss_release_3.0.json (ext=.json, size=219192)
2026-01-18 18:03:06,867 - Knowledge - INFO - Worker kw7 processing /app/data/T0015/307413/b9139i1/kuksa-val/data/vss-core/vss_release_2.0.json
2026-01-18 18:03:06,998 - Knowledge - INFO - Fast-tracked /app/data/T0015/307413/b9139i1/kuksa-val/doc/protocol/support.md (ext=.md, size=4660)
2026-01-18 18:03:07,062 - Knowledge - INFO - Worker kw9 processing /app/data/T0015/307413/b9139i1/kuksa-val/doc/KUKSA.val_server/build-docker.md
2026-01-18 18:03:07,178 - Knowledge - INFO - Fast-tracked /app/data/T0015/307413/b9139i1/kuksa-val/doc/KUKSA.val_data_broker/authorization.md (ext=.md, size=27260)
2026-01-18 18:03:07,270 - Knowledge - INFO - Worker kw11 processing /app/data/T0015/307413/b9139i1/kuksa-val/NOTICE.md
2026-01-18 18:03:07,356 - Knowledge - INFO - Fast-tracked /app/data/T0015/307413/b9139i1/kuksa-val/jwt/actuate-provide-all.json (ext=.json, size=155)
2026-01-18 18:03:07,432 - Knowledge - INFO - Worker kw13 processing /app/data/T0015/307413/b9139i1/kuksa-val/kuksa_databroker/databroker-proto/proto/kuksa/val/v1/README.md
2026-01-18 18:03:07,510 - Knowledge - INFO - Fast-tracked /app/data/T0015/307413/b9139i1/kuksa-val/kuksa_databroker/databroker-cli/src/main.rs (ext=.rs, size=1413)
2026-01-18 18:03:07,865 - Knowledge - INFO - Worker kw15 processing /app/data/T0015/307413/b9139i1/kuksa-val/kuksa_databroker/proto/sdv/databroker/v1/README.md
2026-01-18 18:03:07,982 - Knowledge - INFO - Batch sizing: calculated=5, max_allowed=10, queue=165, active_workers=15/17
2026-01-18 18:03:08,076 - Knowledge - INFO - [kw17] Queue=160, InProgress=0, PendingWorkers=15/17, Completed=18/244 (7.4%)
2026-01-18 18:03:08,192 - Knowledge - INFO - knowledge worker kw18 start
2026-01-18 18:03:08,193 - Knowledge - INFO - Worker kw19 created using shared MongoDB connection pool
2026-01-18 18:03:08,307 - Knowledge - INFO - process ingested knowledge for /app/data/T0015/307413/b9139i1/kuksa-val/test/stresstest/client.py
2026-01-18 18:03:08,377 - Knowledge - INFO - process ingested knowledge for /app/data/T0015/307413/b9139i1/kuksa-val/test/stresstest/stresstest.py
2026-01-18 18:03:08,462 - Knowledge - INFO - process ingested knowledge for /app/data/T0015/307413/b9139i1/kuksa-val/kuksa_certificates/jwt/super-admin.json
2026-01-18 18:03:08,717 - Knowledge - INFO - Worker kw6 processing /app/data/T0015/307413/b9139i1/kuksa-val/data/vss-core/vss_release_3.1.1.json
2026-01-18 18:03:08,814 - Knowledge - INFO - Fast-tracked /app/data/T0015/307413/b9139i1/kuksa-val/data/vss-core/vss_release_2.0.json (ext=.json, size=574433)
2026-01-18 18:03:08,894 - Knowledge - INFO - Worker kw8 processing /app/data/T0015/307413/b9139i1/kuksa-val/doc/protocol/README.md
2026-01-18 18:03:08,985 - Knowledge - INFO - Fast-tracked /app/data/T0015/307413/b9139i1/kuksa-val/doc/KUKSA.val_server/build-docker.md (ext=.md, size=918)
2026-01-18 18:03:09,086 - Knowledge - INFO - Worker kw10 processing /app/data/T0015/307413/b9139i1/kuksa-val/doc/KUKSA.val_data_broker/broker.md
2026-01-18 18:03:09,164 - Knowledge - INFO - Fast-tracked /app/data/T0015/307413/b9139i1/kuksa-val/NOTICE.md (ext=.md, size=17089)
2026-01-18 18:03:09,249 - Knowledge - INFO - Worker kw12 processing /app/data/T0015/307413/b9139i1/kuksa-val/jwt/provide-all.json
2026-01-18 18:03:09,381 - Knowledge - INFO - Fast-tracked /app/data/T0015/307413/b9139i1/kuksa-val/kuksa_databroker/databroker-proto/proto/kuksa/val/v1/README.md (ext=.md, size=330)
2026-01-18 18:03:09,497 - Knowledge - INFO - Worker kw14 processing /app/data/T0015/307413/b9139i1/kuksa-val/kuksa_databroker/databroker-cli/src/kuksa_cli.rs
2026-01-18 18:03:09,618 - Knowledge - INFO - Fast-tracked /app/data/T0015/307413/b9139i1/kuksa-val/kuksa_databroker/proto/sdv/databroker/v1/README.md (ext=.md, size=687)
2026-01-18 18:03:09,697 - Knowledge - INFO - Worker kw16 processing /app/data/T0015/307413/b9139i1/kuksa-val/kuksa_databroker/createbom/README.md
2026-01-18 18:03:09,788 - Knowledge - INFO - Batch sizing: calculated=5, max_allowed=10, queue=160, active_workers=16/18
2026-01-18 18:03:09,882 - Knowledge - INFO - [kw18] Queue=155, InProgress=0, PendingWorkers=16/18, Completed=18/244 (7.4%)
2026-01-18 18:03:10,003 - Knowledge - INFO - knowledge worker kw19 start
2026-01-18 18:03:10,003 - Knowledge - INFO - Worker kw20 created using shared MongoDB connection pool
2026-01-18 18:03:10,087 - Knowledge - INFO - process ingested knowledge for /app/data/T0015/307413/b9139i1/kuksa-val/test/stresstest/server.py
2026-01-18 18:03:10,181 - Knowledge - INFO - process ingested knowledge for /app/data/T0015/307413/b9139i1/kuksa-val/test/stresstest/stress.py
2026-01-18 18:03:10,263 - Knowledge - INFO - process ingested knowledge for /app/data/T0015/307413/b9139i1/kuksa-val/kuksa_certificates/jwt/README.md
2026-01-18 18:03:10,388 - Knowledge - INFO - Fast-tracked /app/data/T0015/307413/b9139i1/kuksa-val/data/vss-core/vss_release_3.1.1.json (ext=.json, size=238244)
2026-01-18 18:03:10,466 - Knowledge - INFO - Worker kw7 processing /app/data/T0015/307413/b9139i1/kuksa-val/Cargo.toml
2026-01-18 18:03:10,578 - Knowledge - INFO - Fast-tracked /app/data/T0015/307413/b9139i1/kuksa-val/doc/protocol/README.md (ext=.md, size=601)
2026-01-18 18:03:10,633 - Knowledge - INFO - Worker kw9 processing /app/data/T0015/307413/b9139i1/kuksa-val/doc/KUKSA.val_server/usage.md
2026-01-18 18:03:10,767 - Knowledge - INFO - Fast-tracked /app/data/T0015/307413/b9139i1/kuksa-val/doc/KUKSA.val_data_broker/broker.md (ext=.md, size=629)
2026-01-18 18:03:10,898 - Knowledge - INFO - Worker kw11 processing /app/data/T0015/307413/b9139i1/kuksa-val/jwt/provide-vehicle-speed.json
2026-01-18 18:03:10,983 - Knowledge - INFO - [LLM_CALL] Completed: settings.js:chunk1, Duration: 2425ms, PromptTokens: 7110, CompletionTokens: 199, Cost: $0.00079
2026-01-18 18:03:11,016 - Knowledge - INFO - Fast-tracked /app/data/T0015/307413/b9139i1/kuksa-val/jwt/provide-all.json (ext=.json, size=147)
2026-01-18 18:03:11,088 - Knowledge - INFO - Worker kw13 processing /app/data/T0015/307413/b9139i1/kuksa-val/kuksa_databroker/databroker-proto/Cargo.toml
2026-01-18 18:03:11,177 - Knowledge - INFO - Worker kw14 processing /app/data/T0015/307413/b9139i1/kuksa-val/kuksa_databroker/databroker-cli/src/cli.rs
2026-01-18 18:03:11,279 - Knowledge - INFO - Worker kw15 processing /app/data/T0015/307413/b9139i1/kuksa-val/kuksa_databroker/proto/kuksa/val/v1/README.md
2026-01-18 18:03:11,361 - Knowledge - INFO - Fast-tracked /app/data/T0015/307413/b9139i1/kuksa-val/kuksa_databroker/createbom/README.md (ext=.md, size=680)
2026-01-18 18:03:11,537 - Knowledge - INFO - Batch sizing: calculated=5, max_allowed=10, queue=155, active_workers=17/19
2026-01-18 18:03:11,662 - Knowledge - INFO - [kw19] Queue=150, InProgress=0, PendingWorkers=17/19, Completed=18/244 (7.4%)
2026-01-18 18:03:11,738 - Knowledge - INFO - knowledge worker kw20 start
2026-01-18 18:03:11,808 - Knowledge - INFO - process ingested knowledge for /app/data/T0015/307413/b9139i1/kuksa-val/test/stresstest/config.py
2026-01-18 18:03:11,881 - Knowledge - INFO - process ingested knowledge for /app/data/T0015/307413/b9139i1/kuksa-val/Cross.toml
2026-01-18 18:03:11,961 - Knowledge - INFO - process ingested knowledge for /app/data/T0015/307413/b9139i1/kuksa-val/kuksa_certificates/jwt/single-read.json
2026-01-18 18:03:12,189 - Knowledge - INFO - Fast-tracked /app/data/T0015/307413/b9139i1/kuksa-val/Cargo.toml (ext=.toml, size=1525)
2026-01-18 18:03:12,274 - Knowledge - INFO - Worker kw8 processing /app/data/T0015/307413/b9139i1/kuksa-val/doc/tls.md
2026-01-18 18:03:12,392 - Knowledge - INFO - Fast-tracked /app/data/T0015/307413/b9139i1/kuksa-val/doc/KUKSA.val_server/usage.md (ext=.md, size=6172)
2026-01-18 18:03:12,477 - Knowledge - INFO - Worker kw10 processing /app/data/T0015/307413/b9139i1/kuksa-val/doc/wildcard_matching.md
2026-01-18 18:03:12,552 - Knowledge - INFO - Fast-tracked /app/data/T0015/307413/b9139i1/kuksa-val/jwt/provide-vehicle-speed.json (ext=.json, size=161)
2026-01-18 18:03:12,709 - Knowledge - INFO - done ingest for /app/data/T0015/307413/b9139i1/kuksa-val/kuksa_apps/node-red/mqtt/settings.js
2026-01-18 18:03:12,709 - Knowledge - INFO - Worker kw17 processing /app/data/T0015/307413/b9139i1/kuksa-val/kuksa_databroker/build-all-targets.sh
2026-01-18 18:03:12,709 - Knowledge - INFO - Processing batch of 6 files
2026-01-18 18:03:12,801 - Knowledge - INFO - Worker kw12 processing /app/data/T0015/307413/b9139i1/kuksa-val/jwt/read-vehicle-speed.json
2026-01-18 18:03:12,940 - Knowledge - INFO - Fast-tracked /app/data/T0015/307413/b9139i1/kuksa-val/kuksa_databroker/databroker-proto/Cargo.toml (ext=.toml, size=968)
2026-01-18 18:03:13,048 - Knowledge - INFO - Worker kw14 processing /app/data/T0015/307413/b9139i1/kuksa-val/kuksa_databroker/databroker-cli/src/sdv_cli.rs
2026-01-18 18:03:13,171 - Knowledge - INFO - Fast-tracked /app/data/T0015/307413/b9139i1/kuksa-val/kuksa_databroker/proto/kuksa/val/v1/README.md (ext=.md, size=330)
2026-01-18 18:03:13,252 - Knowledge - INFO - Worker kw16 processing /app/data/T0015/307413/b9139i1/kuksa-val/kuksa_databroker/doc/TYPES.md
2026-01-18 18:03:13,362 - Knowledge - INFO - Worker kw18 processing /app/data/T0015/307413/b9139i1/kuksa-val/kuksa_databroker/integration_test/requirements-dev.txt
2026-01-18 18:03:13,449 - Knowledge - INFO - Batch sizing: calculated=5, max_allowed=10, queue=150, active_workers=18/20
2026-01-18 18:03:13,536 - Knowledge - INFO - [kw20] Queue=145, InProgress=0, PendingWorkers=18/20, Completed=24/244 (9.8%)
2026-01-18 18:03:13,663 - Knowledge - INFO - process ingested knowledge for /app/data/T0015/307413/b9139i1/kuksa-val/test/stresstest/README.md
2026-01-18 18:03:13,747 - Knowledge - INFO - process ingested knowledge for /app/data/T0015/307413/b9139i1/kuksa-val/kuksa_certificates/jwt/all-read-write.json
2026-01-18 18:03:13,818 - Knowledge - INFO - process ingested knowledge for /app/data/T0015/307413/b9139i1/kuksa-val/kuksa_certificates/README.md
2026-01-18 18:03:13,901 - Knowledge - INFO - Processing batch of 6 files
2026-01-18 18:03:14,025 - Knowledge - INFO - Fast-tracked /app/data/T0015/307413/b9139i1/kuksa-val/doc/tls.md (ext=.md, size=5218)
2026-01-18 18:03:14,112 - Knowledge - INFO - Worker kw9 processing /app/data/T0015/307413/b9139i1/kuksa-val/doc/KUKSA.val_server/liveUpdateVSSTree.md
2026-01-18 18:03:14,213 - Knowledge - INFO - Fast-tracked /app/data/T0015/307413/b9139i1/kuksa-val/doc/wildcard_matching.md (ext=.md, size=2155)
2026-01-18 18:03:14,308 - Knowledge - INFO - Worker kw11 processing /app/data/T0015/307413/b9139i1/kuksa-val/jwt/read-all.json
2026-01-18 18:03:14,324 - Knowledge - INFO - [LLM_CALL] Completed: s3_uploader.py:chunk1, Duration: 9160ms, PromptTokens: 5172, CompletionTokens: 1053, Cost: $0.00094
2026-01-18 18:03:14,523 - Knowledge - INFO - Worker kw17 processing /app/data/T0015/307413/b9139i1/kuksa-val/kuksa_databroker/NOTICE.md
2026-01-18 18:03:14,608 - Knowledge - INFO - process ingested knowledge for /app/data/T0015/307413/b9139i1/kuksa-val/kuksa_apps/node-red/websocket-subscription.json
2026-01-18 18:03:14,736 - Knowledge - INFO - Fast-tracked /app/data/T0015/307413/b9139i1/kuksa-val/jwt/read-vehicle-speed.json (ext=.json, size=158)
2026-01-18 18:03:14,884 - Knowledge - INFO - Worker kw13 processing /app/data/T0015/307413/b9139i1/kuksa-val/kuksa_databroker/databroker-proto/build.rs
2026-01-18 18:03:14,973 - Knowledge - INFO - Worker kw14 processing /app/data/T0015/307413/b9139i1/kuksa-val/kuksa_databroker/databroker-cli/Cargo.toml
2026-01-18 18:03:15,049 - Knowledge - INFO - Worker kw15 processing /app/data/T0015/307413/b9139i1/kuksa-val/kuksa_databroker/createbom/bomutil/maplicensefile.py
2026-01-18 18:03:15,129 - Knowledge - INFO - Fast-tracked /app/data/T0015/307413/b9139i1/kuksa-val/kuksa_databroker/doc/TYPES.md (ext=.md, size=2711)
2026-01-18 18:03:15,227 - Knowledge - INFO - Fast-tracked /app/data/T0015/307413/b9139i1/kuksa-val/kuksa_databroker/integration_test/requirements-dev.txt (ext=.txt, size=31)
2026-01-18 18:03:15,407 - Knowledge - INFO - Batch sizing: calculated=5, max_allowed=10, queue=145, active_workers=19/20
2026-01-18 18:03:15,653 - Knowledge - INFO - process ingested knowledge for /app/data/T0015/307413/b9139i1/kuksa-val/kuksa_certificates/jwt/requirements.txt
2026-01-18 18:03:15,741 - Knowledge - INFO - process ingested knowledge for /app/data/T0015/307413/b9139i1/kuksa-val/kuksa_certificates/__init__.py
2026-01-18 18:03:15,789 - Knowledge - INFO - process ingested knowledge for /app/data/T0015/307413/b9139i1/kuksa-val/data/vss-core/vss_release_2.1.json
2026-01-18 18:03:16,000 - Knowledge - INFO - Fast-tracked /app/data/T0015/307413/b9139i1/kuksa-val/doc/KUKSA.val_server/liveUpdateVSSTree.md (ext=.md, size=3864)
2026-01-18 18:03:16,170 - Knowledge - INFO - Fast-tracked /app/data/T0015/307413/b9139i1/kuksa-val/jwt/read-all.json (ext=.json, size=144)
2026-01-18 18:03:16,258 - Knowledge - INFO - done ingest for /app/data/T0015/307413/b9139i1/kuksa-val/kuksa_apps/s3/s3_uploader.py
2026-01-18 18:03:16,258 - Knowledge - INFO - Worker kw19 processing /app/data/T0015/307413/b9139i1/kuksa-val/kuksa_databroker/integration_test/gen_proto/sdv/databroker/v1/types_pb2_grpc.py
2026-01-18 18:03:16,258 - Knowledge - INFO - Processing batch of 6 files
2026-01-18 18:03:16,259 - Knowledge - INFO - Processing batch of 5 files
2026-01-18 18:03:16,259 - Knowledge - INFO - [WEBSOCKET] Sent: Type=progress_update, Size: 290, Duration: 0ms
2026-01-18 18:03:16,345 - Knowledge - INFO - Fast-tracked /app/data/T0015/307413/b9139i1/kuksa-val/kuksa_databroker/NOTICE.md (ext=.md, size=6308)
2026-01-18 18:03:16,421 - Knowledge - INFO - process ingested knowledge for /app/data/T0015/307413/b9139i1/kuksa-val/kuksa_apps/node-red/README.md
2026-01-18 18:03:16,506 - Knowledge - INFO - Worker kw12 processing /app/data/T0015/307413/b9139i1/kuksa-val/kuksa_databroker/databroker-proto/src/lib.rs
2026-01-18 18:03:16,601 - Knowledge - INFO - Fast-tracked /app/data/T0015/307413/b9139i1/kuksa-val/kuksa_databroker/databroker-proto/build.rs (ext=.rs, size=1169)
2026-01-18 18:03:16,681 - Knowledge - INFO - Fast-tracked /app/data/T0015/307413/b9139i1/kuksa-val/kuksa_databroker/databroker-cli/Cargo.toml (ext=.toml, size=1357)
2026-01-18 18:03:16,759 - Knowledge - INFO - Fast-tracked /app/data/T0015/307413/b9139i1/kuksa-val/kuksa_databroker/createbom/bomutil/maplicensefile.py (ext=.py, size=1588)
2026-01-18 18:03:16,829 - Knowledge - INFO - Worker kw16 processing /app/data/T0015/307413/b9139i1/kuksa-val/kuksa_databroker/doc/QUERY.md
2026-01-18 18:03:16,903 - Knowledge - INFO - Worker kw18 processing /app/data/T0015/307413/b9139i1/kuksa-val/kuksa_databroker/integration_test/test_databroker.py
2026-01-18 18:03:17,292 - Knowledge - INFO - process ingested knowledge for /app/data/T0015/307413/b9139i1/kuksa-val/proto/kuksa/val/v1/README.md
2026-01-18 18:03:17,382 - Knowledge - INFO - process ingested knowledge for /app/data/T0015/307413/b9139i1/kuksa-val/data/vss-core/vss_release_2.2.json
2026-01-18 18:03:17,753 - Knowledge - INFO - Fast-tracked /app/data/T0015/307413/b9139i1/kuksa-val/kuksa_databroker/integration_test/gen_proto/sdv/databroker/v1/types_pb2_grpc.py (ext=.py, size=159)
2026-01-18 18:03:17,830 - Knowledge - INFO - process ingested knowledge for /app/data/T0015/307413/b9139i1/kuksa-val/doc/deployment.md
2026-01-18 18:03:17,941 - Knowledge - INFO - process ingested knowledge for /app/data/T0015/307413/b9139i1/kuksa-val/doc/KUKSA.val_server/run-docker.md
2026-01-18 18:03:18,042 - Knowledge - INFO - Worker kw20 processing /app/data/T0015/307413/b9139i1/kuksa-val/kuksa_databroker/integration_test/gen_proto/sdv/databroker/v1/types_pb2.py
2026-01-18 18:03:18,043 - Knowledge - INFO - Processing batch of 6 files
2026-01-18 18:03:18,043 - Knowledge - INFO - Processing batch of 5 files
2026-01-18 18:03:18,043 - Knowledge - INFO - Processing batch of 6 files
2026-01-18 18:03:18,043 - Knowledge - INFO - [WEBSOCKET] Sent: Type=unknown, Size: ?, Duration: 1784ms
2026-01-18 18:03:18,163 - Knowledge - INFO - Worker kw17 processing /app/data/T0015/307413/b9139i1/kuksa-val/kuksa_databroker/README.md
2026-01-18 18:03:18,278 - Knowledge - INFO - process ingested knowledge for /app/data/T0015/307413/b9139i1/kuksa-val/kuksa_apps/node-red/docker-compose.yml
2026-01-18 18:03:18,430 - Knowledge - INFO - Worker kw13 processing /app/data/T0015/307413/b9139i1/kuksa-val/kuksa_databroker/prepare_release.sh
2026-01-18 18:03:18,623 - Knowledge - INFO - Worker kw15 processing /app/data/T0015/307413/b9139i1/kuksa-val/kuksa_databroker/createbom/bomutil/quirks.py
2026-01-18 18:03:18,695 - Knowledge - INFO - Fast-tracked /app/data/T0015/307413/b9139i1/kuksa-val/kuksa_databroker/doc/QUERY.md (ext=.md, size=10643)
2026-01-18 18:03:18,776 - Knowledge - INFO - Worker kw18 processing /app/data/T0015/307413/b9139i1/kuksa-val/kuksa_databroker/integration_test/gen_proto/sdv/databroker/v1/broker_pb2.pyi
2026-01-18 18:03:18,958 - Knowledge - INFO - process ingested knowledge for /app/data/T0015/307413/b9139i1/kuksa-val/data/vss-core/vss_release_4.0.json
2026-01-18 18:03:19,033 - Knowledge - INFO - Worker kw19 processing /app/data/T0015/307413/b9139i1/kuksa-val/kuksa_databroker/integration_test/gen_proto/sdv/databroker/v1/collector_pb2.pyi
2026-01-18 18:03:19,120 - Knowledge - INFO - process ingested knowledge for /app/data/T0015/307413/b9139i1/kuksa-val/doc/terminology.md
2026-01-18 18:03:19,268 - Knowledge - INFO - process ingested knowledge for /app/data/T0015/307413/b9139i1/kuksa-val/doc/server-vs-broker.md
2026-01-18 18:03:19,354 - Knowledge - INFO - Worker kw20 processing /app/data/T0015/307413/b9139i1/kuksa-val/kuksa_databroker/integration_test/update-proto.sh
2026-01-18 18:03:19,432 - Knowledge - INFO - process ingested knowledge for /app/data/T0015/307413/b9139i1/kuksa-val/doc/quickstart.md
2026-01-18 18:03:19,522 - Knowledge - INFO - process ingested knowledge for /app/data/T0015/307413/b9139i1/kuksa-val/doc/pictures/genGif.sh
2026-01-18 18:03:19,598 - Knowledge - INFO - process ingested knowledge for /app/data/T0015/307413/b9139i1/kuksa-val/kuksa_apps/node-red/kuksa_config/obdfeeder.ini
2026-01-18 18:03:19,712 - Knowledge - INFO - Progress: 18.4% | Files: 59/244 | Rate: 1.78 files/sec | Queue: 135
2026-01-18 18:03:19,713 - Knowledge - INFO - [kw3] Queue=135, InProgress=0, PendingWorkers=20/20, Completed=62/244 (25.4%)
2026-01-18 18:03:19,714 - Knowledge - INFO - [WEBSOCKET] Sent: Type=progress_update, Size: 289, Duration: 1ms
2026-01-18 18:03:19,826 - Knowledge - INFO - Fast-tracked /app/data/T0015/307413/b9139i1/kuksa-val/kuksa_databroker/README.md (ext=.md, size=9837)
2026-01-18 18:03:19,894 - Knowledge - INFO - process ingested knowledge for /app/data/T0015/307413/b9139i1/kuksa-val/kuksa_apps/README.md
2026-01-18 18:03:19,983 - Knowledge - INFO - Fast-tracked /app/data/T0015/307413/b9139i1/kuksa-val/kuksa_databroker/prepare_release.sh (ext=.sh, size=1358)
2026-01-18 18:03:20,086 - Knowledge - INFO - Fast-tracked /app/data/T0015/307413/b9139i1/kuksa-val/kuksa_databroker/createbom/bomutil/quirks.py (ext=.py, size=1557)
2026-01-18 18:03:20,176 - Knowledge - INFO - Worker kw16 processing /app/data/T0015/307413/b9139i1/kuksa-val/kuksa_databroker/doc/user_guide.md
2026-01-18 18:03:20,297 - Knowledge - INFO - Worker kw18 processing /app/data/T0015/307413/b9139i1/kuksa-val/kuksa_databroker/integration_test/gen_proto/sdv/databroker/v1/types_pb2.pyi
2026-01-18 18:03:20,380 - Knowledge - INFO - process ingested knowledge for /app/data/T0015/307413/b9139i1/kuksa-val/data/vss-core/README.md
2026-01-18 18:03:20,454 - Knowledge - INFO - Worker kw19 processing /app/data/T0015/307413/b9139i1/kuksa-val/kuksa_databroker/integration_test/gen_proto/sdv/databroker/v1/broker_pb2_grpc.py
2026-01-18 18:03:20,535 - Knowledge - INFO - process ingested knowledge for /app/data/T0015/307413/b9139i1/kuksa-val/doc/system-architecture.md
2026-01-18 18:03:20,656 - Knowledge - INFO - process ingested knowledge for /app/data/T0015/307413/b9139i1/kuksa-val/doc/KUKSA.val_data_broker/authorization.md
2026-01-18 18:03:20,777 - Knowledge - INFO - Fast-tracked /app/data/T0015/307413/b9139i1/kuksa-val/kuksa_databroker/integration_test/update-proto.sh (ext=.sh, size=1768)
2026-01-18 18:03:20,859 - Knowledge - INFO - process ingested knowledge for /app/data/T0015/307413/b9139i1/kuksa-val/doc/KUKSA.val_server/cmake.md
2026-01-18 18:03:20,950 - Knowledge - INFO - process ingested knowledge for /app/data/T0015/307413/b9139i1/kuksa-val/doc/pictures/README.md
2026-01-18 18:03:21,034 - Knowledge - INFO - process ingested knowledge for /app/data/T0015/307413/b9139i1/kuksa-val/kuksa_apps/node-red/websocket-advanced.json
2026-01-18 18:03:21,126 - Knowledge - INFO - [kw1] Queue=135, InProgress=0, PendingWorkers=20/20, Completed=62/244 (25.4%)
2026-01-18 18:03:21,215 - Knowledge - INFO - Batch sizing: calculated=5, max_allowed=10, queue=135, active_workers=20/20
2026-01-18 18:03:21,304 - Knowledge - INFO - Processing batch of 6 files
2026-01-18 18:03:21,305 - Knowledge - INFO - [WEBSOCKET] Sent: Type=unknown, Size: ?, Duration: 1592ms
2026-01-18 18:03:21,395 - Knowledge - INFO - Worker kw17 processing /app/data/T0015/307413/b9139i1/kuksa-val/kuksa_databroker/integration_test/requirements.txt
2026-01-18 18:03:21,495 - Knowledge - INFO - process ingested knowledge for /app/data/T0015/307413/b9139i1/kuksa-val/data/vss-core/vss_release_3.0.json
2026-01-18 18:03:21,697 - Knowledge - INFO - Worker kw15 processing /app/data/T0015/307413/b9139i1/kuksa-val/kuksa_databroker/createbom/createbom.py
2026-01-18 18:03:21,793 - Knowledge - INFO - Fast-tracked /app/data/T0015/307413/b9139i1/kuksa-val/kuksa_databroker/doc/user_guide.md (ext=.md, size=12560)
2026-01-18 18:03:21,894 - Knowledge - INFO - Worker kw18 processing /app/data/T0015/307413/b9139i1/kuksa-val/kuksa_databroker/integration_test/gen_proto/sdv/databroker/v1/collector_pb2_grpc.py
2026-01-18 18:03:22,001 - Knowledge - INFO - process ingested knowledge for /app/data/T0015/307413/b9139i1/kuksa-val/data/vss-core/vss_release_2.0.json
2026-01-18 18:03:22,087 - Knowledge - INFO - Worker kw19 processing /app/data/T0015/307413/b9139i1/kuksa-val/kuksa_databroker/integration_test/gen_proto/sdv/databroker/v1/collector_pb2.py
2026-01-18 18:03:22,165 - Knowledge - INFO - process ingested knowledge for /app/data/T0015/307413/b9139i1/kuksa-val/doc/protocol/support.md
2026-01-18 18:03:22,245 - Knowledge - INFO - process ingested knowledge for /app/data/T0015/307413/b9139i1/kuksa-val/doc/KUKSA.val_data_broker/broker.md
2026-01-18 18:03:22,322 - Knowledge - INFO - Worker kw20 processing /app/data/T0015/307413/b9139i1/kuksa-val/kuksa_databroker/integration_test/helper.py
2026-01-18 18:03:22,409 - Knowledge - INFO - process ingested knowledge for /app/data/T0015/307413/b9139i1/kuksa-val/doc/KUKSA.val_server/jwt.md
2026-01-18 18:03:22,497 - Knowledge - INFO - process ingested knowledge for /app/data/T0015/307413/b9139i1/kuksa-val/NOTICE.md
2026-01-18 18:03:22,576 - Knowledge - INFO - process ingested knowledge for /app/data/T0015/307413/b9139i1/kuksa-val/kuksa_apps/node-red/mqtt/package.json
2026-01-18 18:03:22,685 - Knowledge - INFO - Batch sizing: calculated=5, max_allowed=10, queue=135, active_workers=20/20
2026-01-18 18:03:22,838 - Knowledge - INFO - process ingested knowledge for /app/data/T0015/307413/b9139i1/kuksa-val/kuksa_apps/s3/s3_uploader.py
2026-01-18 18:03:22,933 - Knowledge - INFO - Progress: 24.2% | Files: 68/244 | Rate: 1.86 files/sec | Queue: 130
2026-01-18 18:03:22,934 - Knowledge - INFO - Async storing batch of 6 embeddings
2026-01-18 18:03:22,959 - Knowledge - INFO - Processing batch of 5 files
2026-01-18 18:03:23,025 - Knowledge - INFO - Fast-tracked /app/data/T0015/307413/b9139i1/kuksa-val/kuksa_databroker/integration_test/requirements.txt (ext=.txt, size=62)
2026-01-18 18:03:23,130 - Knowledge - INFO - process ingested knowledge for /app/data/T0015/307413/b9139i1/kuksa-val/data/vss-core/vss_release_3.1.1.json
2026-01-18 18:03:23,302 - Knowledge - INFO - Worker kw16 processing /app/data/T0015/307413/b9139i1/kuksa-val/kuksa_databroker/doc/behavior.md
2026-01-18 18:03:23,487 - Knowledge - INFO - process ingested knowledge for /app/data/T0015/307413/b9139i1/kuksa-val/Cargo.toml
2026-01-18 18:03:23,601 - Knowledge - INFO - Worker kw19 processing /app/data/T0015/307413/b9139i1/kuksa-val/kuksa_databroker/integration_test/gen_proto/sdv/databroker/v1/broker_pb2.py
2026-01-18 18:03:23,687 - Knowledge - INFO - process ingested knowledge for /app/data/T0015/307413/b9139i1/kuksa-val/doc/protocol/README.md
2026-01-18 18:03:23,770 - Knowledge - INFO - process ingested knowledge for /app/data/T0015/307413/b9139i1/kuksa-val/doc/wildcard_matching.md
2026-01-18 18:03:23,891 - Knowledge - INFO - Worker kw20 processing /app/data/T0015/307413/b9139i1/kuksa-val/kuksa_databroker/build-all-targets-cli.sh
2026-01-18 18:03:23,988 - Knowledge - INFO - process ingested knowledge for /app/data/T0015/307413/b9139i1/kuksa-val/doc/KUKSA.val_server/build-docker.md
2026-01-18 18:03:24,091 - Knowledge - INFO - process ingested knowledge for /app/data/T0015/307413/b9139i1/kuksa-val/jwt/provide-vehicle-speed.json
2026-01-18 18:03:24,174 - Knowledge - INFO - process ingested knowledge for /app/data/T0015/307413/b9139i1/kuksa-val/kuksa_apps/node-red/mqtt/settings.js
2026-01-18 18:03:24,252 - Knowledge - INFO - Async storing batch of 6 embeddings
2026-01-18 18:03:24,321 - Knowledge - INFO - process ingested knowledge for /app/data/T0015/307413/b9139i1/kuksa-val/kuksa_apps/s3/config.ini
2026-01-18 18:03:24,408 - Knowledge - INFO - [kw2] Queue=125, InProgress=0, PendingWorkers=20/20, Completed=69/244 (28.3%)
2026-01-18 18:03:24,491 - Knowledge - INFO - [LLM_CALL] Completed: lib.rs:chunk1, Duration: 4778ms, PromptTokens: 3302, CompletionTokens: 445, Cost: $0.00051
2026-01-18 18:03:24,538 - Knowledge - INFO - Worker kw3 processing /app/data/T0015/307413/b9139i1/kuksa-val/kuksa_databroker/lib/common/src/lib.rs
2026-01-18 18:03:24,639 - Knowledge - INFO - process ingested knowledge for /app/data/T0015/307413/b9139i1/kuksa-val/kuksa_databroker/databroker-proto/proto/sdv/databroker/v1/README.md
2026-01-18 18:03:24,749 - Knowledge - INFO - Worker kw17 processing /app/data/T0015/307413/b9139i1/kuksa-val/kuksa_databroker/integration_test/run.sh
2026-01-18 18:03:24,927 - Knowledge - INFO - Fast-tracked /app/data/T0015/307413/b9139i1/kuksa-val/kuksa_databroker/doc/behavior.md (ext=.md, size=988)
2026-01-18 18:03:25,280 - Knowledge - INFO - process ingested knowledge for /app/data/T0015/307413/b9139i1/kuksa-val/doc/tls.md
2026-01-18 18:03:25,419 - Knowledge - INFO - Worker kw20 processing /app/data/T0015/307413/b9139i1/kuksa-val/kuksa_databroker/lib/Cargo.toml
2026-01-18 18:03:25,753 - Knowledge - INFO - process ingested knowledge for /app/data/T0015/307413/b9139i1/kuksa-val/doc/KUKSA.val_server/usage.md
2026-01-18 18:03:25,753 - Knowledge - INFO - process ingested knowledge for /app/data/T0015/307413/b9139i1/kuksa-val/jwt/read-all.json
2026-01-18 18:03:25,864 - Knowledge - INFO - Worker kw1 processing /app/data/T0015/307413/b9139i1/kuksa-val/kuksa_databroker/lib/databroker-examples/examples/perf_setter.rs
2026-01-18 18:03:25,924 - Knowledge - INFO - process ingested knowledge for /app/data/T0015/307413/b9139i1/kuksa-val/kuksa_apps/node-red/mqtt/flows.json
2026-01-18 18:03:26,040 - Knowledge - INFO - Batch sizing: calculated=5, max_allowed=10, queue=125, active_workers=20/20
2026-01-18 18:03:26,135 - Knowledge - INFO - process ingested knowledge for /app/data/T0015/307413/b9139i1/kuksa-val/kuksa_apps/s3/requirements.txt
2026-01-18 18:03:26,202 - Knowledge - INFO - done ingest for /app/data/T0015/307413/b9139i1/kuksa-val/kuksa_databroker/databroker-proto/src/lib.rs
2026-01-18 18:03:26,353 - Knowledge - INFO - Worker kw3 processing /app/data/T0015/307413/b9139i1/kuksa-val/kuksa_databroker/lib/common/Cargo.toml
2026-01-18 18:03:26,359 - Knowledge - INFO - [WEBSOCKET] Sent: Type=progress_update, Size: 289, Duration: 0ms
2026-01-18 18:03:26,359 - Knowledge - INFO - [kw7] Queue=125, InProgress=0, PendingWorkers=20/20, Completed=69/244 (28.3%)
2026-01-18 18:03:26,411 - Knowledge - INFO - process ingested knowledge for /app/data/T0015/307413/b9139i1/kuksa-val/kuksa_databroker/databroker-proto/proto/kuksa/val/v1/README.md
2026-01-18 18:03:26,557 - Knowledge - INFO - Fast-tracked /app/data/T0015/307413/b9139i1/kuksa-val/kuksa_databroker/integration_test/run.sh (ext=.sh, size=1446)
2026-01-18 18:03:26,886 - Knowledge - INFO - Fast-tracked /app/data/T0015/307413/b9139i1/kuksa-val/kuksa_databroker/lib/Cargo.toml (ext=.toml, size=478)
2026-01-18 18:03:27,147 - Knowledge - INFO - process ingested knowledge for /app/data/T0015/307413/b9139i1/kuksa-val/doc/KUKSA.val_server/liveUpdateVSSTree.md
2026-01-18 18:03:27,267 - Knowledge - INFO - Worker kw1 processing /app/data/T0015/307413/b9139i1/kuksa-val/kuksa_databroker/lib/databroker-examples/examples/perf_subscriber.rs
2026-01-18 18:03:27,685 - Knowledge - INFO - process ingested knowledge for /app/data/T0015/307413/b9139i1/kuksa-val/kuksa_apps/node-red/feeders.yml
2026-01-18 18:03:27,725 - Knowledge - INFO - process ingested knowledge for /app/data/T0015/307413/b9139i1/kuksa-val/kuksa_apps/s3/pyarrow_mapping.py
2026-01-18 18:03:27,883 - Knowledge - INFO - Fast-tracked /app/data/T0015/307413/b9139i1/kuksa-val/kuksa_databroker/lib/common/Cargo.toml (ext=.toml, size=1062)
2026-01-18 18:03:28,011 - Knowledge - INFO - Processing batch of 5 files
2026-01-18 18:03:28,023 - Knowledge - INFO - Async storing batch of 6 embeddings
2026-01-18 18:03:28,030 - Knowledge - INFO - [WEBSOCKET] Sent: Type=unknown, Size: ?, Duration: 1671ms
2026-01-18 18:03:28,131 - Knowledge - INFO - Batch sizing: calculated=5, max_allowed=10, queue=125, active_workers=20/20
2026-01-18 18:03:28,254 - Knowledge - INFO - [kw10] Queue=120, InProgress=0, PendingWorkers=20/20, Completed=75/244 (30.7%)
2026-01-18 18:03:28,380 - Knowledge - INFO - Fast-tracked /app/data/T0015/307413/b9139i1/kuksa-val/kuksa_databroker/build-all-targets.sh (small file (2623 bytes))
2026-01-18 18:03:28,560 - Knowledge - INFO - process ingested knowledge for /app/data/T0015/307413/b9139i1/kuksa-val/kuksa_databroker/databroker-proto/Cargo.toml
2026-01-18 18:03:28,664 - Knowledge - INFO - Worker kw1 processing /app/data/T0015/307413/b9139i1/kuksa-val/kuksa_databroker/lib/kuksa/src/lib.rs
2026-01-18 18:03:29,033 - Knowledge - INFO - Worker kw3 processing /app/data/T0015/307413/b9139i1/kuksa-val/kuksa_databroker/lib/sdv/src/lib.rs
2026-01-18 18:03:29,125 - Knowledge - INFO - process ingested knowledge for /app/data/T0015/307413/b9139i1/kuksa-val/kuksa_databroker/createbom/README.md
2026-01-18 18:03:29,273 - Knowledge - INFO - Worker kw2 processing /app/data/T0015/307413/b9139i1/kuksa-val/kuksa_databroker/databroker/src/main.rs
2026-01-18 18:03:29,398 - Knowledge - INFO - Progress: 28.3% | Files: 79/244 | Rate: 1.84 files/sec | Queue: 120
2026-01-18 18:03:29,527 - Knowledge - INFO - [LLM_CALL] Completed: createbom.py:chunk1, Duration: 6304ms, PromptTokens: 3526, CompletionTokens: 414, Cost: $0.00052
2026-01-18 18:03:29,609 - Knowledge - INFO - Batch sizing: calculated=5, max_allowed=10, queue=120, active_workers=20/20
2026-01-18 18:03:29,999 - Knowledge - INFO - Worker kw1 processing /app/data/T0015/307413/b9139i1/kuksa-val/kuksa_databroker/lib/kuksa/Cargo.toml
2026-01-18 18:03:30,126 - Knowledge - INFO - Worker kw3 processing /app/data/T0015/307413/b9139i1/kuksa-val/kuksa_databroker/lib/sdv/Cargo.toml
2026-01-18 18:03:30,402 - Knowledge - INFO - Worker kw2 processing /app/data/T0015/307413/b9139i1/kuksa-val/kuksa_databroker/databroker/src/types.rs
2026-01-18 18:03:30,417 - Knowledge - INFO - process ingested knowledge for /app/data/T0015/307413/b9139i1/kuksa-val/kuksa_apps/s3/readme.md
2026-01-18 18:03:30,751 - Knowledge - INFO - done ingest for /app/data/T0015/307413/b9139i1/kuksa-val/kuksa_databroker/createbom/createbom.py
2026-01-18 18:03:30,774 - Knowledge - INFO - Async storing batch of 6 embeddings
2026-01-18 18:03:30,841 - Knowledge - INFO - process ingested knowledge for /app/data/T0015/307413/b9139i1/kuksa-val/kuksa_databroker/databroker-proto/build.rs
2026-01-18 18:03:30,842 - Knowledge - INFO - Processing batch of 5 files
2026-01-18 18:03:30,968 - Knowledge - INFO - Fast-tracked /app/data/T0015/307413/b9139i1/kuksa-val/kuksa_databroker/lib/kuksa/Cargo.toml (ext=.toml, size=1085)
2026-01-18 18:03:31,100 - Knowledge - INFO - Fast-tracked /app/data/T0015/307413/b9139i1/kuksa-val/kuksa_databroker/lib/sdv/Cargo.toml (ext=.toml, size=1093)
2026-01-18 18:03:31,236 - Knowledge - INFO - process ingested knowledge for /app/data/T0015/307413/b9139i1/kuksa-val/kuksa_databroker/doc/TYPES.md
2026-01-18 18:03:31,242 - Knowledge - INFO - [kw6] Queue=115, InProgress=0, PendingWorkers=20/20, Completed=79/244 (32.4%)
2026-01-18 18:03:31,254 - Knowledge - INFO - Worker kw2 processing /app/data/T0015/307413/b9139i1/kuksa-val/kuksa_databroker/databroker/src/grpc/server.rs
2026-01-18 18:03:31,641 - Knowledge - INFO - Worker kw7 processing /app/data/T0015/307413/b9139i1/kuksa-val/kuksa_databroker/databroker/src/grpc/sdv_databroker_v1/collector.rs
2026-01-18 18:03:31,880 - Knowledge - INFO - process ingested knowledge for /app/data/T0015/307413/b9139i1/kuksa-val/jwt/README.md
2026-01-18 18:03:32,265 - Knowledge - INFO - Worker kw1 processing /app/data/T0015/307413/b9139i1/kuksa-val/kuksa_databroker/databroker/src/broker.rs
2026-01-18 18:03:32,295 - Knowledge - INFO - [WEBSOCKET] Sent: Type=progress_update, Size: 290, Duration: 0ms
2026-01-18 18:03:32,379 - Knowledge - INFO - process ingested knowledge for /app/data/T0015/307413/b9139i1/kuksa-val/kuksa_apps/node-red/kuksa_config/gpsd_feeder.ini
2026-01-18 18:03:32,382 - Knowledge - INFO - Worker kw3 processing /app/data/T0015/307413/b9139i1/kuksa-val/kuksa_databroker/lib/databroker-examples/src/lib.rs
2026-01-18 18:03:32,683 - Knowledge - INFO - Batch sizing: calculated=5, max_allowed=10, queue=115, active_workers=20/20
2026-01-18 18:03:32,834 - Knowledge - INFO - Worker kw2 processing /app/data/T0015/307413/b9139i1/kuksa-val/kuksa_databroker/databroker/src/grpc/sdv_databroker_v1/broker.rs
2026-01-18 18:03:32,953 - Knowledge - INFO - process ingested knowledge for /app/data/T0015/307413/b9139i1/kuksa-val/kuksa_databroker/prepare_release.sh
2026-01-18 18:03:32,966 - Knowledge - INFO - Worker kw7 processing /app/data/T0015/307413/b9139i1/kuksa-val/kuksa_databroker/databroker/src/grpc/sdv_databroker_v1/mod.rs
2026-01-18 18:03:33,180 - Knowledge - INFO - process ingested knowledge for /app/data/T0015/307413/b9139i1/kuksa-val/kuksa_databroker/doc/QUERY.md
2026-01-18 18:03:33,194 - Knowledge - INFO - process ingested knowledge for /app/data/T0015/307413/b9139i1/kuksa-val/jwt/actuate-provide-all.json
2026-01-18 18:03:33,226 - Knowledge - INFO - Fast-tracked /app/data/T0015/307413/b9139i1/kuksa-val/kuksa_databroker/databroker/src/broker.rs (ext=.rs, size=106780)
2026-01-18 18:03:33,272 - Knowledge - INFO - Async storing batch of 5 embeddings
2026-01-18 18:03:33,273 - Knowledge - INFO - [LLM_CALL] Completed: kuksa_cli.rs:chunk1, Duration: 13560ms, PromptTokens: 20470, CompletionTokens: 914, Cost: $0.00241
2026-01-18 18:03:33,300 - Knowledge - INFO - [kw8] Queue=110, InProgress=0, PendingWorkers=20/20, Completed=87/244 (35.7%)
2026-01-18 18:03:33,443 - Knowledge - INFO - Fast-tracked /app/data/T0015/307413/b9139i1/kuksa-val/kuksa_databroker/lib/databroker-examples/src/lib.rs (ext=.rs, size=556)
2026-01-18 18:03:33,604 - Knowledge - INFO - Worker kw2 processing /app/data/T0015/307413/b9139i1/kuksa-val/kuksa_databroker/databroker/src/grpc/sdv_databroker_v1/conversions.rs
2026-01-18 18:03:33,766 - Knowledge - INFO - Fast-tracked /app/data/T0015/307413/b9139i1/kuksa-val/kuksa_databroker/databroker/src/grpc/sdv_databroker_v1/mod.rs (ext=.rs, size=601)
2026-01-18 18:03:33,948 - Knowledge - INFO - process ingested knowledge for /app/data/T0015/307413/b9139i1/kuksa-val/kuksa_databroker/doc/user_guide.md
2026-01-18 18:03:34,016 - Knowledge - INFO - process ingested knowledge for /app/data/T0015/307413/b9139i1/kuksa-val/jwt/provide-all.json
2026-01-18 18:03:34,019 - Knowledge - INFO - Async storage completed for 6 embeddings
2026-01-18 18:03:34,116 - Knowledge - INFO - Worker kw10 processing /app/data/T0015/307413/b9139i1/kuksa-val/kuksa_databroker/databroker/src/grpc/kuksa_val_v1/mod.rs
2026-01-18 18:03:34,222 - Knowledge - INFO - done ingest for /app/data/T0015/307413/b9139i1/kuksa-val/kuksa_databroker/databroker-cli/src/kuksa_cli.rs
2026-01-18 18:03:34,223 - Knowledge - INFO - [WEBSOCKET] Sent: Type=unknown, Size: ?, Duration: 1929ms
2026-01-18 18:03:34,312 - Knowledge - INFO - Batch sizing: calculated=5, max_allowed=10, queue=110, active_workers=20/20
2026-01-18 18:03:34,394 - Knowledge - INFO - Async storage completed for 6 embeddings
2026-01-18 18:03:34,477 - Knowledge - INFO - Async storage completed for 6 embeddings
2026-01-18 18:03:34,555 - Knowledge - INFO - Worker kw7 processing /app/data/T0015/307413/b9139i1/kuksa-val/kuksa_databroker/databroker/src/grpc/mod.rs
2026-01-18 18:03:34,646 - Knowledge - INFO - process ingested knowledge for /app/data/T0015/307413/b9139i1/kuksa-val/kuksa_databroker/doc/behavior.md
2026-01-18 18:03:34,727 - Knowledge - INFO - process ingested knowledge for /app/data/T0015/307413/b9139i1/kuksa-val/jwt/read-vehicle-speed.json
2026-01-18 18:03:34,935 - Knowledge - INFO - Fast-tracked /app/data/T0015/307413/b9139i1/kuksa-val/kuksa_databroker/databroker/src/grpc/kuksa_val_v1/mod.rs (ext=.rs, size=583)
2026-01-18 18:03:35,184 - Knowledge - INFO - Progress: 32.4% | Files: 87/244 | Rate: 1.82 files/sec | Queue: 105
2026-01-18 18:03:35,191 - Knowledge - INFO - Processing batch of 5 files
2026-01-18 18:03:35,289 - Knowledge - INFO - Async storing batch of 6 embeddings
2026-01-18 18:03:35,321 - Knowledge - INFO - [kw13] Queue=105, InProgress=0, PendingWorkers=20/20, Completed=87/244 (35.7%)
2026-01-18 18:03:35,327 - Knowledge - INFO - [kw4] Queue=105, InProgress=0, PendingWorkers=20/20, Completed=87/244 (35.7%)
2026-01-18 18:03:35,333 - Knowledge - INFO - [WEBSOCKET] Sent: Type=progress_update, Size: 290, Duration: 22ms
2026-01-18 18:03:35,617 - Knowledge - INFO - Fast-tracked /app/data/T0015/307413/b9139i1/kuksa-val/kuksa_databroker/databroker/src/grpc/mod.rs (ext=.rs, size=615)
2026-01-18 18:03:35,809 - Knowledge - INFO - process ingested knowledge for /app/data/T0015/307413/b9139i1/kuksa-val/kuksa_databroker/databroker-proto/src/lib.rs
2026-01-18 18:03:35,890 - Knowledge - INFO - Worker kw10 processing /app/data/T0015/307413/b9139i1/kuksa-val/kuksa_databroker/databroker/src/lib.rs
2026-01-18 18:03:35,964 - Knowledge - INFO - [kw11] Queue=100, InProgress=0, PendingWorkers=20/20, Completed=87/244 (35.7%)
2026-01-18 18:03:36,044 - Knowledge - INFO - process ingested knowledge for /app/data/T0015/307413/b9139i1/kuksa-val/kuksa_databroker/build-all-targets.sh
2026-01-18 18:03:36,125 - Knowledge - INFO - Worker kw6 processing /app/data/T0015/307413/b9139i1/kuksa-val/kuksa_databroker/databroker/src/query/mod.rs
2026-01-18 18:03:36,217 - Knowledge - INFO - Batch sizing: calculated=5, max_allowed=10, queue=105, active_workers=20/20
2026-01-18 18:03:36,295 - Knowledge - INFO - Batch sizing: calculated=5, max_allowed=10, queue=105, active_workers=20/20
2026-01-18 18:03:36,375 - Knowledge - INFO - [WEBSOCKET] Sent: Type=unknown, Size: ?, Duration: 1065ms
2026-01-18 18:03:36,490 - Knowledge - INFO - Worker kw7 processing /app/data/T0015/307413/b9139i1/kuksa-val/kuksa_databroker/databroker/src/grpc/kuksa_val_v1/conversions.rs
2026-01-18 18:03:36,645 - Knowledge - INFO - Fast-tracked /app/data/T0015/307413/b9139i1/kuksa-val/kuksa_databroker/databroker/src/lib.rs (ext=.rs, size=1336)
2026-01-18 18:03:36,700 - Knowledge - INFO - Fast-tracked /app/data/T0015/307413/b9139i1/kuksa-val/kuksa_databroker/build-all-targets-cli.sh (small file (2683 bytes))
2026-01-18 18:03:36,728 - Knowledge - INFO - Batch sizing: calculated=4, max_allowed=10, queue=100, active_workers=20/20
2026-01-18 18:03:36,835 - Knowledge - INFO - process ingested knowledge for /app/data/T0015/307413/b9139i1/kuksa-val/kuksa_databroker/NOTICE.md
2026-01-18 18:03:36,881 - Knowledge - INFO - Fast-tracked /app/data/T0015/307413/b9139i1/kuksa-val/kuksa_databroker/databroker/src/query/mod.rs (ext=.rs, size=859)
2026-01-18 18:03:37,211 - Knowledge - INFO - Progress: 35.7% | Files: 87/244 | Rate: 1.67 files/sec | Queue: 90
2026-01-18 18:03:37,213 - Knowledge - INFO - Async storing batch of 6 embeddings
2026-01-18 18:03:37,215 - Knowledge - INFO - [kw16] Queue=90, InProgress=0, PendingWorkers=20/20, Completed=88/244 (36.1%)
2026-01-18 18:03:37,218 - Knowledge - INFO - [kw5] Queue=90, InProgress=0, PendingWorkers=20/20, Completed=88/244 (36.1%)
2026-01-18 18:03:37,219 - Knowledge - INFO - Async storing batch of 6 embeddings
2026-01-18 18:03:37,219 - Knowledge - INFO - [LLM_CALL] Completed: sdv_cli.rs:chunk1, Duration: 14285ms, PromptTokens: 21266, CompletionTokens: 786, Cost: $0.00244
2026-01-18 18:03:37,321 - Knowledge - INFO - Worker kw7 processing /app/data/T0015/307413/b9139i1/kuksa-val/kuksa_databroker/databroker/src/grpc/kuksa_val_v1/val.rs
2026-01-18 18:03:37,463 - Knowledge - INFO - Worker kw10 processing /app/data/T0015/307413/b9139i1/kuksa-val/kuksa_databroker/databroker/src/query/executor.rs
2026-01-18 18:03:37,737 - Knowledge - INFO - process ingested knowledge for /app/data/T0015/307413/b9139i1/kuksa-val/kuksa_databroker/README.md
2026-01-18 18:03:37,825 - Knowledge - INFO - Worker kw6 processing /app/data/T0015/307413/b9139i1/kuksa-val/kuksa_databroker/databroker/src/authorization/jwt/decoder.rs
2026-01-18 18:03:37,952 - Knowledge - INFO - [kw9] Queue=86, InProgress=0, PendingWorkers=20/20, Completed=88/244 (36.1%)
2026-01-18 18:03:38,031 - Knowledge - INFO - Worker kw8 processing /app/data/T0015/307413/b9139i1/kuksa-val/kuksa_databroker/databroker/src/viss/v2/types.rs
2026-01-18 18:03:38,140 - Knowledge - INFO - Batch sizing: calculated=4, max_allowed=10, queue=90, active_workers=20/20
2026-01-18 18:03:38,262 - Knowledge - INFO - Batch sizing: calculated=4, max_allowed=10, queue=90, active_workers=20/20
2026-01-18 18:03:38,426 - Knowledge - INFO - Worker kw4 processing /app/data/T0015/307413/b9139i1/kuksa-val/kuksa_databroker/databroker/Cargo.toml
2026-01-18 18:03:38,616 - Knowledge - INFO - done ingest for /app/data/T0015/307413/b9139i1/kuksa-val/kuksa_databroker/databroker-cli/src/sdv_cli.rs
2026-01-18 18:03:38,668 - Knowledge - INFO - Async storing batch of 5 embeddings
2026-01-18 18:03:38,668 - Knowledge - INFO - [kw12] Queue=86, InProgress=0, PendingWorkers=20/20, Completed=88/244 (36.1%)
2026-01-18 18:03:38,697 - Knowledge - INFO - Async storing batch of 5 embeddings
2026-01-18 18:03:38,734 - Knowledge - INFO - [LLM_CALL] Completed: types_pb2.py:chunk1, Duration: 7975ms, PromptTokens: 7384, CompletionTokens: 59, Cost: $0.00076
2026-01-18 18:03:38,821 - Knowledge - INFO - Async storage completed for 6 embeddings
2026-01-18 18:03:38,878 - Knowledge - INFO - Worker kw10 processing /app/data/T0015/307413/b9139i1/kuksa-val/kuksa_databroker/databroker/src/query/expr.rs
2026-01-18 18:03:38,974 - Knowledge - INFO - process ingested knowledge for /app/data/T0015/307413/b9139i1/kuksa-val/kuksa_databroker/integration_test/requirements.txt
2026-01-18 18:03:39,135 - Knowledge - INFO - Worker kw6 processing /app/data/T0015/307413/b9139i1/kuksa-val/kuksa_databroker/databroker/src/authorization/jwt/scope.rs
2026-01-18 18:03:39,262 - Knowledge - INFO - Batch sizing: calculated=4, max_allowed=10, queue=86, active_workers=20/20
2026-01-18 18:03:39,338 - Knowledge - INFO - Worker kw8 processing /app/data/T0015/307413/b9139i1/kuksa-val/kuksa_databroker/databroker/src/viss/v2/conversions.rs
2026-01-18 18:03:39,965 - Knowledge - INFO - Fast-tracked /app/data/T0015/307413/b9139i1/kuksa-val/kuksa_databroker/databroker/Cargo.toml (ext=.toml, size=2490)
2026-01-18 18:03:40,143 - Knowledge - INFO - Worker kw13 processing /app/data/T0015/307413/b9139i1/kuksa-val/kuksa_databroker/databroker/src/viss/mod.rs
2026-01-18 18:03:40,213 - Knowledge - INFO - Batch sizing: calculated=4, max_allowed=10, queue=86, active_workers=20/20
2026-01-18 18:03:40,369 - Knowledge - INFO - Worker kw11 processing /app/data/T0015/307413/b9139i1/kuksa-val/codecov.yml
2026-01-18 18:03:40,466 - Knowledge - INFO - done ingest for /app/data/T0015/307413/b9139i1/kuksa-val/kuksa_databroker/integration_test/gen_proto/sdv/databroker/v1/types_pb2.py
2026-01-18 18:03:40,486 - Knowledge - INFO - Async storing batch of 5 embeddings
2026-01-18 18:03:40,491 - Knowledge - INFO - Async storing batch of 6 embeddings
2026-01-18 18:03:40,502 - Knowledge - INFO - [LLM_CALL] Completed: broker_pb2.py:chunk1, Duration: 5206ms, PromptTokens: 4638, CompletionTokens: 59, Cost: $0.00049
2026-01-18 18:03:40,769 - Knowledge - INFO - Worker kw10 processing /app/data/T0015/307413/b9139i1/kuksa-val/kuksa_databroker/databroker/src/query/compiler.rs
2026-01-18 18:03:40,851 - Knowledge - INFO - process ingested knowledge for /app/data/T0015/307413/b9139i1/kuksa-val/kuksa_databroker/integration_test/run.sh
2026-01-18 18:03:40,996 - Knowledge - INFO - Worker kw6 processing /app/data/T0015/307413/b9139i1/kuksa-val/kuksa_databroker/databroker/src/authorization/jwt/mod.rs
2026-01-18 18:03:41,310 - Knowledge - INFO - Worker kw8 processing /app/data/T0015/307413/b9139i1/kuksa-val/kuksa_databroker/databroker/src/viss/v2/server.rs
2026-01-18 18:03:41,462 - Knowledge - INFO - Worker kw4 processing /app/data/T0015/307413/b9139i1/kuksa-val/kuksa_databroker/databroker/tests/read_write_values.rs
2026-01-18 18:03:41,697 - Knowledge - INFO - Fast-tracked /app/data/T0015/307413/b9139i1/kuksa-val/kuksa_databroker/databroker/src/viss/mod.rs (ext=.rs, size=585)
2026-01-18 18:03:41,837 - Knowledge - INFO - Fast-tracked /app/data/T0015/307413/b9139i1/kuksa-val/codecov.yml (ext=.yml, size=268)
2026-01-18 18:03:42,061 - Knowledge - INFO - Worker kw16 processing /app/data/T0015/307413/b9139i1/kuksa-val/kuksa-val-server/test/stresstest/Readme.md
2026-01-18 18:03:42,316 - Knowledge - INFO - Worker kw5 processing /app/data/T0015/307413/b9139i1/kuksa-val/kuksa-val-server/test/unit-test/KuksavalUnitTest.hpp
2026-01-18 18:03:42,477 - Knowledge - INFO - done ingest for /app/data/T0015/307413/b9139i1/kuksa-val/kuksa_databroker/integration_test/gen_proto/sdv/databroker/v1/broker_pb2.py
2026-01-18 18:03:42,573 - Knowledge - INFO - Async storing batch of 6 embeddings
2026-01-18 18:03:42,604 - Knowledge - INFO - Async storage completed for 5 embeddings
2026-01-18 18:03:42,674 - Knowledge - INFO - [LLM_CALL] Completed: test_databroker.py:chunk1, Duration: 19274ms, PromptTokens: 3370, CompletionTokens: 392, Cost: $0.00049
2026-01-18 18:03:43,051 - Knowledge - INFO - Fast-tracked /app/data/T0015/307413/b9139i1/kuksa-val/kuksa_databroker/databroker/src/authorization/jwt/mod.rs (ext=.rs, size=625)
2026-01-18 18:03:43,155 - Knowledge - INFO - Worker kw8 processing /app/data/T0015/307413/b9139i1/kuksa-val/kuksa_databroker/databroker/src/viss/v2/mod.rs
2026-01-18 18:03:43,297 - Knowledge - INFO - Fast-tracked /app/data/T0015/307413/b9139i1/kuksa-val/kuksa_databroker/databroker/tests/read_write_values.rs (ext=.rs, size=10295)
2026-01-18 18:03:43,362 - Knowledge - INFO - Worker kw13 processing /app/data/T0015/307413/b9139i1/kuksa-val/kuksa_databroker/databroker/src/glob.rs
2026-01-18 18:03:43,468 - Knowledge - INFO - Worker kw11 processing /app/data/T0015/307413/b9139i1/kuksa-val/kuksa-val-server/run_tests.sh
2026-01-18 18:03:43,601 - Knowledge - INFO - Fast-tracked /app/data/T0015/307413/b9139i1/kuksa-val/kuksa-val-server/test/stresstest/Readme.md (ext=.md, size=268)
2026-01-18 18:03:43,756 - Knowledge - INFO - Fast-tracked /app/data/T0015/307413/b9139i1/kuksa-val/kuksa-val-server/test/unit-test/KuksavalUnitTest.hpp (ext=.hpp, size=1426)
2026-01-18 18:03:44,011 - Knowledge - INFO - Worker kw9 processing /app/data/T0015/307413/b9139i1/kuksa-val/kuksa-val-server/test/unit-test/mock/IAuthenticatorMock.hpp
2026-01-18 18:03:44,217 - Knowledge - INFO - done ingest for /app/data/T0015/307413/b9139i1/kuksa-val/kuksa_databroker/integration_test/test_databroker.py
2026-01-18 18:03:44,244 - Knowledge - INFO - Async storing batch of 5 embeddings
2026-01-18 18:03:44,246 - Knowledge - INFO - Processing batch of 5 files
2026-01-18 18:03:44,402 - Knowledge - INFO - Worker kw6 processing /app/data/T0015/307413/b9139i1/kuksa-val/kuksa_databroker/databroker/src/authorization/mod.rs
2026-01-18 18:03:44,539 - Knowledge - INFO - Fast-tracked /app/data/T0015/307413/b9139i1/kuksa-val/kuksa_databroker/databroker/src/viss/v2/mod.rs (ext=.rs, size=639)
2026-01-18 18:03:44,686 - Knowledge - INFO - Worker kw4 processing /app/data/T0015/307413/b9139i1/kuksa-val/kuksa_databroker/databroker/tests/world/mod.rs
2026-01-18 18:03:44,834 - Knowledge - INFO - Worker kw13 processing /app/data/T0015/307413/b9139i1/kuksa-val/kuksa_databroker/databroker/src/permissions.rs
2026-01-18 18:03:45,006 - Knowledge - INFO - Fast-tracked /app/data/T0015/307413/b9139i1/kuksa-val/kuksa-val-server/run_tests.sh (ext=.sh, size=978)
2026-01-18 18:03:45,107 - Knowledge - INFO - Worker kw16 processing /app/data/T0015/307413/b9139i1/kuksa-val/kuksa-val-server/test/stresstest/stress.py
2026-01-18 18:03:45,305 - Knowledge - INFO - Worker kw5 processing /app/data/T0015/307413/b9139i1/kuksa-val/kuksa-val-server/test/unit-test/Gen2SetTests.cpp
2026-01-18 18:03:45,325 - Knowledge - INFO - [kw17] Queue=70, InProgress=0, PendingWorkers=20/20, Completed=89/244 (36.5%)
2026-01-18 18:03:45,423 - Knowledge - INFO - Fast-tracked /app/data/T0015/307413/b9139i1/kuksa-val/kuksa-val-server/test/unit-test/mock/IAuthenticatorMock.hpp (ext=.hpp, size=1093)
2026-01-18 18:03:45,686 - Knowledge - INFO - Worker kw12 processing /app/data/T0015/307413/b9139i1/kuksa-val/kuksa-val-server/test/unit-test/mock/IPublisherMock.hpp
2026-01-18 18:03:46,185 - Knowledge - INFO - process ingested knowledge for /app/data/T0015/307413/b9139i1/kuksa-val/kuksa_databroker/proto/sdv/databroker/v1/README.md
2026-01-18 18:03:46,211 - Knowledge - INFO - [LLM_CALL] Completed: collector_pb2.py:chunk1, Duration: 12938ms, PromptTokens: 7208, CompletionTokens: 59, Cost: $0.00074
2026-01-18 18:03:46,382 - Knowledge - INFO - Fast-tracked /app/data/T0015/307413/b9139i1/kuksa-val/kuksa_databroker/databroker/src/authorization/mod.rs (ext=.rs, size=1077)
2026-01-18 18:03:46,558 - Knowledge - INFO - Worker kw8 processing /app/data/T0015/307413/b9139i1/kuksa-val/kuksa_databroker/databroker/src/viss/server.rs
2026-01-18 18:03:46,784 - Knowledge - INFO - Fast-tracked /app/data/T0015/307413/b9139i1/kuksa-val/kuksa_databroker/databroker/tests/world/mod.rs (ext=.rs, size=13570)
2026-01-18 18:03:46,912 - Knowledge - INFO - Worker kw13 processing /app/data/T0015/307413/b9139i1/kuksa-val/kuksa_databroker/databroker/src/vss.rs
2026-01-18 18:03:47,013 - Knowledge - INFO - Worker kw11 processing /app/data/T0015/307413/b9139i1/kuksa-val/kuksa-val-server/test/stresstest/config.ini
2026-01-18 18:03:47,147 - Knowledge - INFO - Fast-tracked /app/data/T0015/307413/b9139i1/kuksa-val/kuksa-val-server/test/stresstest/stress.py (ext=.py, size=1770)
2026-01-18 18:03:47,351 - Knowledge - INFO - Fast-tracked /app/data/T0015/307413/b9139i1/kuksa-val/kuksa-val-server/test/unit-test/Gen2SetTests.cpp (ext=.cpp, size=11785)
2026-01-18 18:03:47,482 - Knowledge - INFO - Batch sizing: calculated=4, max_allowed=10, queue=70, active_workers=20/20
2026-01-18 18:03:47,597 - Knowledge - INFO - Worker kw9 processing /app/data/T0015/307413/b9139i1/kuksa-val/kuksa-val-server/test/unit-test/mock/ISubscriptionHandlerMock.hpp
2026-01-18 18:03:47,702 - Knowledge - INFO - Fast-tracked /app/data/T0015/307413/b9139i1/kuksa-val/kuksa-val-server/test/unit-test/mock/IPublisherMock.hpp (ext=.hpp, size=987)
2026-01-18 18:03:47,900 - Knowledge - INFO - process ingested knowledge for /app/data/T0015/307413/b9139i1/kuksa-val/kuksa_databroker/proto/kuksa/val/v1/README.md
2026-01-18 18:03:48,115 - Knowledge - INFO - done ingest for /app/data/T0015/307413/b9139i1/kuksa-val/kuksa_databroker/integration_test/gen_proto/sdv/databroker/v1/collector_pb2.py
2026-01-18 18:03:48,120 - Knowledge - INFO - [LLM_CALL] Completed: broker_pb2.pyi:chunk1, Duration: 21917ms, PromptTokens: 3682, CompletionTokens: 630, Cost: $0.00062
2026-01-18 18:03:48,233 - Knowledge - INFO - Async storage completed for 6 embeddings
2026-01-18 18:03:48,377 - Knowledge - INFO - Async storage completed for 6 embeddings
2026-01-18 18:03:48,540 - Knowledge - INFO - Worker kw4 processing /app/data/T0015/307413/b9139i1/kuksa-val/kuksa_databroker/databroker/build.rs
2026-01-18 18:03:48,675 - Knowledge - INFO - Worker kw13 processing /app/data/T0015/307413/b9139i1/kuksa-val/kuksa_databroker/databroker/Cross.toml
2026-01-18 18:03:48,776 - Knowledge - INFO - Fast-tracked /app/data/T0015/307413/b9139i1/kuksa-val/kuksa-val-server/test/stresstest/config.ini (ext=.ini, size=264)
2026-01-18 18:03:48,882 - Knowledge - INFO - Worker kw16 processing /app/data/T0015/307413/b9139i1/kuksa-val/kuksa-val-server/test/unit-test/Gen2GetTests.cpp
2026-01-18 18:03:48,994 - Knowledge - INFO - Worker kw5 processing /app/data/T0015/307413/b9139i1/kuksa-val/kuksa-val-server/test/unit-test/mock/IServerMock.hpp
2026-01-18 18:03:49,324 - Knowledge - INFO - Fast-tracked /app/data/T0015/307413/b9139i1/kuksa-val/kuksa-val-server/test/unit-test/mock/ISubscriptionHandlerMock.hpp (ext=.hpp, size=1387)
2026-01-18 18:03:49,443 - Knowledge - INFO - Worker kw12 processing /app/data/T0015/307413/b9139i1/kuksa-val/kuksa-val-server/test/unit-test/CMakeLists.txt
2026-01-18 18:03:49,554 - Knowledge - INFO - process ingested knowledge for /app/data/T0015/307413/b9139i1/kuksa-val/kuksa_databroker/createbom/bomutil/maplicensefile.py
2026-01-18 18:03:49,822 - Knowledge - INFO - done ingest for /app/data/T0015/307413/b9139i1/kuksa-val/kuksa_databroker/integration_test/gen_proto/sdv/databroker/v1/broker_pb2.pyi
2026-01-18 18:03:49,826 - Knowledge - INFO - [LLM_CALL] Completed: helper.py:chunk1, Duration: 15603ms, PromptTokens: 7118, CompletionTokens: 1503, Cost: $0.00131
2026-01-18 18:03:50,011 - Knowledge - INFO - Fast-tracked /app/data/T0015/307413/b9139i1/kuksa-val/kuksa_databroker/databroker/src/query/expr.rs (small file (2720 bytes))
2026-01-18 18:03:50,343 - Knowledge - INFO - Fast-tracked /app/data/T0015/307413/b9139i1/kuksa-val/kuksa_databroker/databroker/build.rs (ext=.rs, size=744)
2026-01-18 18:03:50,440 - Knowledge - INFO - Fast-tracked /app/data/T0015/307413/b9139i1/kuksa-val/kuksa_databroker/databroker/Cross.toml (ext=.toml, size=73)
2026-01-18 18:03:50,572 - Knowledge - INFO - Worker kw11 processing /app/data/T0015/307413/b9139i1/kuksa-val/kuksa-val-server/test/stresstest/stressClient.py
2026-01-18 18:03:50,657 - Knowledge - INFO - Fast-tracked /app/data/T0015/307413/b9139i1/kuksa-val/kuksa-val-server/test/unit-test/Gen2GetTests.cpp (ext=.cpp, size=13094)
2026-01-18 18:03:50,770 - Knowledge - INFO - Fast-tracked /app/data/T0015/307413/b9139i1/kuksa-val/kuksa-val-server/test/unit-test/mock/IServerMock.hpp (ext=.hpp, size=1088)
2026-01-18 18:03:50,897 - Knowledge - INFO - Worker kw9 processing /app/data/T0015/307413/b9139i1/kuksa-val/kuksa-val-server/test/unit-test/mock/IVssDatabaseMock.hpp
2026-01-18 18:03:51,008 - Knowledge - INFO - Fast-tracked /app/data/T0015/307413/b9139i1/kuksa-val/kuksa-val-server/test/unit-test/CMakeLists.txt (ext=.txt, size=3980)
2026-01-18 18:03:51,140 - Knowledge - INFO - process ingested knowledge for /app/data/T0015/307413/b9139i1/kuksa-val/kuksa_databroker/createbom/bomutil/quirks.py
2026-01-18 18:03:51,439 - Knowledge - INFO - done ingest for /app/data/T0015/307413/b9139i1/kuksa-val/kuksa_databroker/integration_test/helper.py
2026-01-18 18:03:51,452 - Knowledge - INFO - Async storing batch of 5 embeddings
2026-01-18 18:03:51,687 - Knowledge - INFO - Worker kw4 processing /app/data/T0015/307413/b9139i1/kuksa-val/README.md
2026-01-18 18:03:51,824 - Knowledge - INFO - Async storage completed for 5 embeddings
2026-01-18 18:03:51,943 - Knowledge - INFO - [LLM_CALL] Completed: collector_pb2_grpc.py:chunk1, Duration: 17720ms, PromptTokens: 4232, CompletionTokens: 407, Cost: $0.00059
2026-01-18 18:03:51,949 - Knowledge - INFO - Fast-tracked /app/data/T0015/307413/b9139i1/kuksa-val/kuksa-val-server/test/stresstest/stressClient.py (ext=.py, size=1856)
2026-01-18 18:03:52,061 - Knowledge - INFO - Worker kw16 processing /app/data/T0015/307413/b9139i1/kuksa-val/kuksa-val-server/test/unit-test/UpdateVSSTreeTest.cpp
2026-01-18 18:03:52,171 - Knowledge - INFO - Worker kw5 processing /app/data/T0015/307413/b9139i1/kuksa-val/kuksa-val-server/test/unit-test/mock/IAccessCheckerMock.hpp
2026-01-18 18:03:52,283 - Knowledge - INFO - Fast-tracked /app/data/T0015/307413/b9139i1/kuksa-val/kuksa-val-server/test/unit-test/mock/IVssDatabaseMock.hpp (ext=.hpp, size=1385)
2026-01-18 18:03:52,396 - Knowledge - INFO - Worker kw12 processing /app/data/T0015/307413/b9139i1/kuksa-val/kuksa-val-server/test/unit-test/UnitTestHelpers.hpp
2026-01-18 18:03:52,539 - Knowledge - INFO - process ingested knowledge for /app/data/T0015/307413/b9139i1/kuksa-val/kuksa_databroker/createbom/createbom.py
2026-01-18 18:03:52,804 - Knowledge - INFO - Worker kw17 processing /app/data/T0015/307413/b9139i1/kuksa-val/kuksa-val-server/test/unit-test/VssDatabaseTests.cpp
2026-01-18 18:03:52,923 - Knowledge - INFO - Fast-tracked /app/data/T0015/307413/b9139i1/kuksa-val/README.md (ext=.md, size=3480)
2026-01-18 18:03:53,100 - Knowledge - INFO - Split /app/data/T0015/307413/b9139i1/kuksa-val/kuksa_databroker/databroker/src/glob.rs (74802 bytes) into 3 chunks of ~32KB
2026-01-18 18:03:53,221 - Knowledge - INFO - done ingest for /app/data/T0015/307413/b9139i1/kuksa-val/kuksa_databroker/integration_test/gen_proto/sdv/databroker/v1/collector_pb2_grpc.py
2026-01-18 18:03:53,482 - Knowledge - INFO - Async storage completed for 5 embeddings
2026-01-18 18:03:53,686 - Knowledge - INFO - Fast-tracked /app/data/T0015/307413/b9139i1/kuksa-val/kuksa-val-server/test/unit-test/UpdateVSSTreeTest.cpp (ext=.cpp, size=11280)
2026-01-18 18:03:53,780 - Knowledge - INFO - Processing batch of 5 files
2026-01-18 18:03:53,806 - Knowledge - INFO - Fast-tracked /app/data/T0015/307413/b9139i1/kuksa-val/kuksa-val-server/test/unit-test/mock/IAccessCheckerMock.hpp (ext=.hpp, size=1075)
2026-01-18 18:03:53,922 - Knowledge - INFO - Worker kw9 processing /app/data/T0015/307413/b9139i1/kuksa-val/kuksa-val-server/test/unit-test/mock/ILoggerMock.hpp
2026-01-18 18:03:54,099 - Knowledge - INFO - Fast-tracked /app/data/T0015/307413/b9139i1/kuksa-val/kuksa-val-server/test/unit-test/UnitTestHelpers.hpp (ext=.hpp, size=3691)
2026-01-18 18:03:54,322 - Knowledge - INFO - Fast-tracked /app/data/T0015/307413/b9139i1/kuksa-val/kuksa-val-server/test/unit-test/VssDatabaseTests.cpp (ext=.cpp, size=17346)
2026-01-18 18:03:54,399 - Knowledge - INFO - Async storage completed for 6 embeddings
2026-01-18 18:03:54,858 - Knowledge - INFO - Async storage completed for 5 embeddings
2026-01-18 18:03:54,947 - Knowledge - INFO - process ingested knowledge for /app/data/T0015/307413/b9139i1/kuksa-val/kuksa_databroker/integration_test/gen_proto/sdv/databroker/v1/types_pb2.py
2026-01-18 18:03:55,075 - Knowledge - INFO - [LLM_CALL] Completed: broker_pb2_grpc.py:chunk1, Duration: 25587ms, PromptTokens: 3456, CompletionTokens: 553, Cost: $0.00057
2026-01-18 18:03:55,140 - Knowledge - INFO - Async storage completed for 6 embeddings
2026-01-18 18:03:55,302 - Knowledge - INFO - Fast-tracked /app/data/T0015/307413/b9139i1/kuksa-val/kuksa-val-server/test/unit-test/mock/ILoggerMock.hpp (ext=.hpp, size=968)
2026-01-18 18:03:55,394 - Knowledge - INFO - Worker kw12 processing /app/data/T0015/307413/b9139i1/kuksa-val/kuksa-val-server/test/unit-test/UpdateMetadataTest.cpp
2026-01-18 18:03:55,555 - Knowledge - INFO - Worker kw17 processing /app/data/T0015/307413/b9139i1/kuksa-val/kuksa-val-server/test/unit-test/VSSPathTests.cpp
2026-01-18 18:03:56,037 - Knowledge - INFO - process ingested knowledge for /app/data/T0015/307413/b9139i1/kuksa-val/kuksa_databroker/integration_test/update-proto.sh
2026-01-18 18:03:56,079 - Knowledge - INFO - done ingest for /app/data/T0015/307413/b9139i1/kuksa-val/kuksa_databroker/integration_test/gen_proto/sdv/databroker/v1/broker_pb2_grpc.py
2026-01-18 18:03:56,297 - Knowledge - INFO - Processing batch of 4 files
2026-01-18 18:03:56,418 - Knowledge - INFO - Async storage completed for 6 embeddings
2026-01-18 18:03:56,578 - Knowledge - INFO - Fast-tracked /app/data/T0015/307413/b9139i1/kuksa-val/kuksa-val-server/test/unit-test/UpdateMetadataTest.cpp (ext=.cpp, size=5847)
2026-01-18 18:03:56,679 - Knowledge - INFO - Fast-tracked /app/data/T0015/307413/b9139i1/kuksa-val/kuksa-val-server/test/unit-test/VSSPathTests.cpp (ext=.cpp, size=6775)
2026-01-18 18:03:56,764 - Knowledge - INFO - [WEBSOCKET] Sent: Type=progress_update, Size: 291, Duration: 0ms
2026-01-18 18:03:57,207 - Knowledge - INFO - process ingested knowledge for /app/data/T0015/307413/b9139i1/kuksa-val/kuksa_databroker/integration_test/helper.py
2026-01-18 18:03:57,532 - Knowledge - INFO - process ingested knowledge for /app/data/T0015/307413/b9139i1/kuksa-val/codecov.yml
2026-01-18 18:03:57,862 - Knowledge - INFO - Async storage completed for 5 embeddings
2026-01-18 18:03:58,063 - Knowledge - INFO - Worker kw17 processing /app/data/T0015/307413/b9139i1/kuksa-val/kuksa-val-server/test/unit-test/readme.md
2026-01-18 18:03:58,226 - Knowledge - INFO - Processing batch of 5 files
2026-01-18 18:03:58,235 - Knowledge - INFO - [LLM_CALL] Completed: lib.rs:chunk1, Duration: 13988ms, PromptTokens: 2730, CompletionTokens: 636, Cost: $0.00053
2026-01-18 18:03:58,358 - Knowledge - INFO - process ingested knowledge for /app/data/T0015/307413/b9139i1/kuksa-val/kuksa_databroker/build-all-targets-cli.sh
2026-01-18 18:03:58,539 - Knowledge - INFO - process ingested knowledge for /app/data/T0015/307413/b9139i1/kuksa-val/kuksa-val-server/run_tests.sh
2026-01-18 18:03:58,787 - Knowledge - INFO - Fast-tracked /app/data/T0015/307413/b9139i1/kuksa-val/kuksa-val-server/test/unit-test/readme.md (ext=.md, size=1288)
2026-01-18 18:03:58,901 - Knowledge - INFO - process ingested knowledge for /app/data/T0015/307413/b9139i1/kuksa-val/kuksa_databroker/databroker/Cargo.toml
2026-01-18 18:03:59,058 - Knowledge - INFO - done ingest for /app/data/T0015/307413/b9139i1/kuksa-val/kuksa_databroker/lib/sdv/src/lib.rs
2026-01-18 18:03:59,059 - Knowledge - INFO - [WEBSOCKET] Sent: Type=unknown, Size: ?, Duration: 2296ms
2026-01-18 18:03:59,163 - Knowledge - INFO - process ingested knowledge for /app/data/T0015/307413/b9139i1/kuksa-val/kuksa_databroker/lib/Cargo.toml
2026-01-18 18:03:59,350 - Knowledge - INFO - process ingested knowledge for /app/data/T0015/307413/b9139i1/kuksa-val/kuksa-val-server/test/stresstest/config.ini
2026-01-18 18:03:59,403 - Knowledge - INFO - Worker kw17 processing /app/data/T0015/307413/b9139i1/kuksa-val/kuksa-val-server/test/unit-test/KuksavalUnitTest.cpp
2026-01-18 18:03:59,504 - Knowledge - INFO - process ingested knowledge for /app/data/T0015/307413/b9139i1/kuksa-val/kuksa_databroker/databroker/tests/read_write_values.rs
2026-01-18 18:03:59,729 - Knowledge - INFO - Progress: 44.3% | Files: 111/244 | Rate: 1.51 files/sec | Queue: 66
2026-01-18 18:03:59,743 - Knowledge - INFO - Processing batch of 4 files
2026-01-18 18:04:00,027 - Knowledge - INFO - [LLM_CALL] Completed: collector_pb2.pyi:chunk1, Duration: 33825ms, PromptTokens: 4832, CompletionTokens: 643, Cost: $0.00074
2026-01-18 18:04:00,209 - Knowledge - INFO - Fast-tracked /app/data/T0015/307413/b9139i1/kuksa-val/kuksa-val-server/test/unit-test/KuksavalUnitTest.cpp (ext=.cpp, size=91387)
2026-01-18 18:04:00,326 - Knowledge - INFO - process ingested knowledge for /app/data/T0015/307413/b9139i1/kuksa-val/kuksa-val-server/test/stresstest/stressClient.py
2026-01-18 18:04:00,326 - Knowledge - INFO - process ingested knowledge for /app/data/T0015/307413/b9139i1/kuksa-val/kuksa_databroker/databroker/tests/world/mod.rs
2026-01-18 18:04:00,438 - Knowledge - INFO - [kw15] Queue=66, InProgress=0, PendingWorkers=20/20, Completed=113/244 (46.3%)
2026-01-18 18:04:00,627 - Knowledge - INFO - process ingested knowledge for /app/data/T0015/307413/b9139i1/kuksa-val/kuksa-val-server/test/stresstest/Readme.md
2026-01-18 18:04:00,751 - Knowledge - INFO - done ingest for /app/data/T0015/307413/b9139i1/kuksa-val/kuksa_databroker/integration_test/gen_proto/sdv/databroker/v1/collector_pb2.pyi
2026-01-18 18:04:00,915 - Knowledge - INFO - Async storage completed for 5 embeddings
2026-01-18 18:04:01,129 - Knowledge - INFO - Processing batch of 4 files
2026-01-18 18:04:01,294 - Knowledge - INFO - Batch sizing: calculated=4, max_allowed=10, queue=66, active_workers=20/20
2026-01-18 18:04:01,869 - Knowledge - INFO - process ingested knowledge for /app/data/T0015/307413/b9139i1/kuksa-val/kuksa-val-server/test/unit-test/KuksavalUnitTest.hpp
2026-01-18 18:04:02,021 - Knowledge - INFO - process ingested knowledge for /app/data/T0015/307413/b9139i1/kuksa-val/kuksa_databroker/databroker/build.rs
2026-01-18 18:04:02,052 - Knowledge - INFO - process ingested knowledge for /app/data/T0015/307413/b9139i1/kuksa-val/kuksa-val-server/test/stresstest/stress.py
2026-01-18 18:04:02,218 - Knowledge - INFO - Processing batch of 4 files
2026-01-18 18:04:02,612 - Knowledge - INFO - Async storing batch of 5 embeddings
2026-01-18 18:04:02,649 - Knowledge - INFO - process ingested knowledge for /app/data/T0015/307413/b9139i1/kuksa-val/kuksa-val-server/test/unit-test/Gen2SetTests.cpp
2026-01-18 18:04:02,701 - Knowledge - INFO - process ingested knowledge for /app/data/T0015/307413/b9139i1/kuksa-val/kuksa-val-server/test/unit-test/mock/IPublisherMock.hpp
2026-01-18 18:04:02,777 - Knowledge - INFO - process ingested knowledge for /app/data/T0015/307413/b9139i1/kuksa-val/kuksa-val-server/test/unit-test/Gen2GetTests.cpp
2026-01-18 18:04:02,825 - Knowledge - INFO - process ingested knowledge for /app/data/T0015/307413/b9139i1/kuksa-val/README.md
2026-01-18 18:04:02,952 - Knowledge - INFO - Worker kw15 processing /app/data/T0015/307413/b9139i1/kuksa-val/kuksa-val-server/test/unit-test/VSSTypeSanitizerTests.cpp
2026-01-18 18:04:02,997 - Knowledge - INFO - Processing batch of 4 files
2026-01-18 18:04:03,137 - Knowledge - INFO - [LLM_CALL] Completed: perf_subscriber.rs:chunk1, Duration: 22657ms, PromptTokens: 3534, CompletionTokens: 314, Cost: $0.00048
2026-01-18 18:04:03,777 - Knowledge - INFO - Fast-tracked /app/data/T0015/307413/b9139i1/kuksa-val/kuksa-val-server/test/unit-test/VSSTypeSanitizerTests.cpp (ext=.cpp, size=19625)
2026-01-18 18:04:03,864 - Knowledge - INFO - process ingested knowledge for /app/data/T0015/307413/b9139i1/kuksa-val/kuksa-val-server/test/unit-test/mock/IAuthenticatorMock.hpp
2026-01-18 18:04:04,073 - Knowledge - INFO - done ingest for /app/data/T0015/307413/b9139i1/kuksa-val/kuksa_databroker/lib/databroker-examples/examples/perf_subscriber.rs
2026-01-18 18:04:04,091 - Knowledge - INFO - process ingested knowledge for /app/data/T0015/307413/b9139i1/kuksa-val/kuksa-val-server/test/unit-test/mock/IServerMock.hpp
2026-01-18 18:04:04,106 - Knowledge - INFO - done ingest for /app/data/T0015/307413/b9139i1/kuksa-val/kuksa_databroker/lib/common/src/lib.rs
2026-01-18 18:04:04,218 - Knowledge - INFO - process ingested knowledge for /app/data/T0015/307413/b9139i1/kuksa-val/kuksa-val-server/test/unit-test/CMakeLists.txt
2026-01-18 18:04:04,225 - Knowledge - INFO - Worker kw15 processing /app/data/T0015/307413/b9139i1/kuksa-val/kuksa-val-server/test/unit-test/AccessCheckerTests.cpp
2026-01-18 18:04:04,256 - Knowledge - INFO - process ingested knowledge for /app/data/T0015/307413/b9139i1/kuksa-val/kuksa-val-server/test/unit-test/UpdateVSSTreeTest.cpp
2026-01-18 18:04:04,919 - Knowledge - INFO - [LLM_CALL] Completed: types_pb2.pyi:chunk1, Duration: 35399ms, PromptTokens: 9196, CompletionTokens: 1267, Cost: $0.00143
2026-01-18 18:04:05,499 - Knowledge - INFO - Fast-tracked /app/data/T0015/307413/b9139i1/kuksa-val/kuksa-val-server/test/unit-test/AccessCheckerTests.cpp (ext=.cpp, size=9198)
2026-01-18 18:04:05,553 - Knowledge - INFO - process ingested knowledge for /app/data/T0015/307413/b9139i1/kuksa-val/kuksa-val-server/test/unit-test/mock/IAccessCheckerMock.hpp
2026-01-18 18:04:05,568 - Knowledge - INFO - process ingested knowledge for /app/data/T0015/307413/b9139i1/kuksa-val/kuksa-val-server/test/unit-test/UnitTestHelpers.hpp
2026-01-18 18:04:05,584 - Knowledge - INFO - process ingested knowledge for /app/data/T0015/307413/b9139i1/kuksa-val/kuksa-val-server/test/unit-test/mock/ISubscriptionHandlerMock.hpp
2026-01-18 18:04:05,820 - Knowledge - INFO - done ingest for /app/data/T0015/307413/b9139i1/kuksa-val/kuksa_databroker/integration_test/gen_proto/sdv/databroker/v1/types_pb2.pyi
2026-01-18 18:04:05,950 - Knowledge - INFO - Worker kw15 processing /app/data/T0015/307413/b9139i1/kuksa-val/kuksa-val-server/test/unit-test/SubscriptionHandlerTests.cpp
2026-01-18 18:04:06,241 - Knowledge - INFO - Processing batch of 5 files
2026-01-18 18:04:06,260 - Knowledge - INFO - Processing batch of 4 files
2026-01-18 18:04:06,386 - Knowledge - INFO - [WEBSOCKET] Sent: Type=progress_update, Size: 292, Duration: 0ms
2026-01-18 18:04:06,760 - Knowledge - INFO - Fast-tracked /app/data/T0015/307413/b9139i1/kuksa-val/kuksa-val-server/test/unit-test/SubscriptionHandlerTests.cpp (ext=.cpp, size=23890)
2026-01-18 18:04:06,820 - Knowledge - INFO - [kw11] Queue=62, InProgress=0, PendingWorkers=20/20, Completed=129/244 (52.9%)
2026-01-18 18:04:06,848 - Knowledge - INFO - process ingested knowledge for /app/data/T0015/307413/b9139i1/kuksa-val/kuksa_databroker/integration_test/gen_proto/sdv/databroker/v1/types_pb2_grpc.py
2026-01-18 18:04:06,997 - Knowledge - INFO - process ingested knowledge for /app/data/T0015/307413/b9139i1/kuksa-val/kuksa-val-server/test/unit-test/VssDatabaseTests.cpp
2026-01-18 18:04:07,113 - Knowledge - INFO - [WEBSOCKET] Sent: Type=unknown, Size: ?, Duration: 728ms
2026-01-18 18:04:07,119 - Knowledge - INFO - process ingested knowledge for /app/data/T0015/307413/b9139i1/kuksa-val/kuksa-val-server/test/unit-test/UpdateMetadataTest.cpp
2026-01-18 18:04:07,227 - Knowledge - INFO - Worker kw15 processing /app/data/T0015/307413/b9139i1/kuksa-val/kuksa-val-server/test/unit-test/VssCommandProcessorTests.cpp
2026-01-18 18:04:07,328 - Knowledge - INFO - Batch sizing: calculated=4, max_allowed=10, queue=62, active_workers=20/20
2026-01-18 18:04:07,711 - Knowledge - INFO - Progress: 52.9% | Files: 132/244 | Rate: 1.59 files/sec | Queue: 62
2026-01-18 18:04:07,756 - Knowledge - INFO - [LLM_CALL] Completed: perf_setter.rs:chunk1, Duration: 32454ms, PromptTokens: 4922, CompletionTokens: 494, Cost: $0.00069
2026-01-18 18:04:07,820 - Knowledge - INFO - process ingested knowledge for /app/data/T0015/307413/b9139i1/kuksa-val/kuksa-val-server/test/unit-test/mock/IVssDatabaseMock.hpp
2026-01-18 18:04:07,971 - Knowledge - INFO - Fast-tracked /app/data/T0015/307413/b9139i1/kuksa-val/kuksa-val-server/test/unit-test/VssCommandProcessorTests.cpp (ext=.cpp, size=45849)
2026-01-18 18:04:08,159 - Knowledge - INFO - process ingested knowledge for /app/data/T0015/307413/b9139i1/kuksa-val/kuksa_databroker/integration_test/gen_proto/sdv/databroker/v1/collector_pb2.pyi
2026-01-18 18:04:08,179 - Knowledge - INFO - process ingested knowledge for /app/data/T0015/307413/b9139i1/kuksa-val/kuksa-val-server/test/unit-test/VSSPathTests.cpp
2026-01-18 18:04:08,272 - Knowledge - INFO - done ingest for /app/data/T0015/307413/b9139i1/kuksa-val/kuksa_databroker/lib/databroker-examples/examples/perf_setter.rs
2026-01-18 18:04:08,284 - Knowledge - INFO - Async storing batch of 4 embeddings
2026-01-18 18:04:08,452 - Knowledge - INFO - [kw20] Queue=58, InProgress=0, PendingWorkers=20/20, Completed=132/244 (54.1%)
2026-01-18 18:04:08,555 - Knowledge - INFO - Async storage completed for 5 embeddings
2026-01-18 18:04:09,039 - Knowledge - INFO - Worker kw11 processing /app/data/T0015/307413/b9139i1/kuksa-val/kuksa-val-server/test/unit-test/AuthenticatorTests.cpp
2026-01-18 18:04:09,169 - Knowledge - INFO - Batch sizing: calculated=4, max_allowed=10, queue=58, active_workers=20/20
2026-01-18 18:04:09,238 - Knowledge - INFO - process ingested knowledge for /app/data/T0015/307413/b9139i1/kuksa-val/kuksa-val-server/test/unit-test/mock/ILoggerMock.hpp
2026-01-18 18:04:09,395 - Knowledge - INFO - Fast-tracked /app/data/T0015/307413/b9139i1/kuksa-val/kuksa-val-server/test/unit-test/AuthenticatorTests.cpp (ext=.cpp, size=7276)
2026-01-18 18:04:10,267 - Knowledge - INFO - Worker kw11 processing /app/data/T0015/307413/b9139i1/kuksa-val/kuksa-val-server/git_watcher.cmake
2026-01-18 18:04:10,600 - Knowledge - INFO - Worker kw11 processing /app/data/T0015/307413/b9139i1/kuksa-val/kuksa-val-server/src/VssDatabase_Record.cpp
2026-01-18 18:04:10,736 - Knowledge - INFO - process ingested knowledge for /app/data/T0015/307413/b9139i1/kuksa-val/kuksa_databroker/integration_test/gen_proto/sdv/databroker/v1/broker_pb2_grpc.py
2026-01-18 18:04:10,773 - Knowledge - INFO - process ingested knowledge for /app/data/T0015/307413/b9139i1/kuksa-val/kuksa-val-server/test/unit-test/readme.md
2026-01-18 18:04:10,814 - Knowledge - INFO - [LLM_CALL] Completed: compiler.rs:chunk1, Duration: 19128ms, PromptTokens: 8888, CompletionTokens: 585, Cost: $0.00112
2026-01-18 18:04:10,846 - Knowledge - INFO - Worker kw11 processing /app/data/T0015/307413/b9139i1/kuksa-val/kuksa-val-server/src/VssCommandSet.cpp
2026-01-18 18:04:11,162 - Knowledge - INFO - done ingest for /app/data/T0015/307413/b9139i1/kuksa-val/kuksa_databroker/databroker/src/query/compiler.rs
2026-01-18 18:04:11,219 - Knowledge - INFO - done ingest for /app/data/T0015/307413/b9139i1/kuksa-val/kuksa_databroker/lib/kuksa/src/lib.rs
2026-01-18 18:04:11,269 - Knowledge - INFO - Async storing batch of 5 embeddings
2026-01-18 18:04:11,271 - Knowledge - INFO - [WEBSOCKET] Sent: Type=progress_update, Size: 293, Duration: 65ms
2026-01-18 18:04:11,666 - Knowledge - INFO - process ingested knowledge for /app/data/T0015/307413/b9139i1/kuksa-val/kuksa_databroker/integration_test/gen_proto/sdv/databroker/v1/collector_pb2.py
2026-01-18 18:04:11,690 - Knowledge - INFO - Worker kw20 processing /app/data/T0015/307413/b9139i1/kuksa-val/kuksa-val-server/src/AccessChecker.cpp
2026-01-18 18:04:11,708 - Knowledge - INFO - [kw4] Queue=54, InProgress=0, PendingWorkers=20/20, Completed=138/244 (56.6%)
2026-01-18 18:04:11,730 - Knowledge - INFO - process ingested knowledge for /app/data/T0015/307413/b9139i1/kuksa-val/kuksa-val-server/test/unit-test/KuksavalUnitTest.cpp
2026-01-18 18:04:11,915 - Knowledge - INFO - Processing batch of 5 files
2026-01-18 18:04:11,961 - Knowledge - INFO - [LLM_CALL] Completed: conversions.rs:chunk1, Duration: 7146ms, PromptTokens: 7166, CompletionTokens: 361, Cost: $0.00086
2026-01-18 18:04:12,261 - Knowledge - INFO - Worker kw20 processing /app/data/T0015/307413/b9139i1/kuksa-val/kuksa-val-server/src/VSSTypeSanitizer.cpp
2026-01-18 18:04:12,402 - Knowledge - INFO - Batch sizing: calculated=4, max_allowed=10, queue=54, active_workers=20/20
2026-01-18 18:04:12,728 - Knowledge - INFO - process ingested knowledge for /app/data/T0015/307413/b9139i1/kuksa-val/kuksa_databroker/lib/common/src/lib.rs
2026-01-18 18:04:12,847 - Knowledge - INFO - done ingest for /app/data/T0015/307413/b9139i1/kuksa-val/kuksa_databroker/databroker/src/grpc/kuksa_val_v1/conversions.rs
2026-01-18 18:04:12,892 - Knowledge - INFO - [WEBSOCKET] Sent: Type=unknown, Size: ?, Duration: 1686ms
2026-01-18 18:04:12,997 - Knowledge - INFO - process ingested knowledge for /app/data/T0015/307413/b9139i1/kuksa-val/kuksa_databroker/integration_test/gen_proto/sdv/databroker/v1/broker_pb2.py
2026-01-18 18:04:13,016 - Knowledge - INFO - Worker kw20 processing /app/data/T0015/307413/b9139i1/kuksa-val/kuksa-val-server/src/SubscriptionHandler.cpp
2026-01-18 18:04:13,570 - Knowledge - INFO - Progress: 55.7% | Files: 141/244 | Rate: 1.64 files/sec | Queue: 54
2026-01-18 18:04:13,612 - Knowledge - INFO - [LLM_CALL] Completed: executor.rs:chunk1, Duration: 29335ms, PromptTokens: 9906, CompletionTokens: 631, Cost: $0.00124
2026-01-18 18:04:13,826 - Knowledge - INFO - Worker kw20 processing /app/data/T0015/307413/b9139i1/kuksa-val/kuksa-val-server/src/Authenticator.cpp
2026-01-18 18:04:14,021 - Knowledge - INFO - done ingest for /app/data/T0015/307413/b9139i1/kuksa-val/kuksa_databroker/databroker/src/query/executor.rs
2026-01-18 18:04:14,022 - Knowledge - INFO - Processing batch of 5 files
2026-01-18 18:04:14,085 - Knowledge - INFO - Async storing batch of 5 embeddings
2026-01-18 18:04:14,085 - Knowledge - INFO - process ingested knowledge for /app/data/T0015/307413/b9139i1/kuksa-val/kuksa_databroker/lib/common/Cargo.toml
2026-01-18 18:04:14,106 - Knowledge - INFO - [kw16] Queue=50, InProgress=0, PendingWorkers=20/20, Completed=142/244 (58.2%)
2026-01-18 18:04:14,121 - Knowledge - INFO - [WEBSOCKET] Sent: Type=progress_update, Size: 292, Duration: 0ms
2026-01-18 18:04:14,153 - Knowledge - INFO - Fast-tracked /app/data/T0015/307413/b9139i1/kuksa-val/kuksa-val-server/src/AccessChecker.cpp (small file (3029 bytes))
2026-01-18 18:04:14,434 - Knowledge - INFO - process ingested knowledge for /app/data/T0015/307413/b9139i1/kuksa-val/kuksa_databroker/integration_test/requirements-dev.txt
2026-01-18 18:04:14,534 - Knowledge - INFO - Worker kw4 processing /app/data/T0015/307413/b9139i1/kuksa-val/kuksa-val-server/src/VSSRequestValidator.cpp
2026-01-18 18:04:14,775 - Knowledge - INFO - [kw5] Queue=50, InProgress=0, PendingWorkers=20/20, Completed=143/244 (58.6%)
2026-01-18 18:04:14,887 - Knowledge - INFO - Batch sizing: calculated=4, max_allowed=10, queue=50, active_workers=20/20
2026-01-18 18:04:14,997 - Knowledge - INFO - [LLM_CALL] Completed: scope.rs:chunk1, Duration: 15029ms, PromptTokens: 4380, CompletionTokens: 300, Cost: $0.00056
2026-01-18 18:04:15,216 - Knowledge - INFO - process ingested knowledge for /app/data/T0015/307413/b9139i1/kuksa-val/kuksa_databroker/lib/sdv/src/lib.rs
2026-01-18 18:04:15,392 - Knowledge - INFO - Worker kw4 processing /app/data/T0015/307413/b9139i1/kuksa-val/kuksa-val-server/src/VssCommandProcessor.cpp
2026-01-18 18:04:15,469 - Knowledge - INFO - Batch sizing: calculated=4, max_allowed=10, queue=50, active_workers=20/20
2026-01-18 18:04:15,481 - Knowledge - INFO - process ingested knowledge for /app/data/T0015/307413/b9139i1/kuksa-val/kuksa_databroker/integration_test/test_databroker.py
2026-01-18 18:04:15,741 - Knowledge - INFO - done ingest for /app/data/T0015/307413/b9139i1/kuksa-val/kuksa_databroker/databroker/src/authorization/jwt/scope.rs
2026-01-18 18:04:15,763 - Knowledge - INFO - [WEBSOCKET] Sent: Type=unknown, Size: ?, Duration: 1643ms
2026-01-18 18:04:16,100 - Knowledge - INFO - Worker kw4 processing /app/data/T0015/307413/b9139i1/kuksa-val/kuksa-val-server/src/VssCommandGet.cpp
2026-01-18 18:04:16,122 - Knowledge - INFO - process ingested knowledge for /app/data/T0015/307413/b9139i1/kuksa-val/kuksa_databroker/lib/sdv/Cargo.toml
2026-01-18 18:04:16,298 - Knowledge - INFO - process ingested knowledge for /app/data/T0015/307413/b9139i1/kuksa-val/kuksa_databroker/integration_test/gen_proto/sdv/databroker/v1/broker_pb2.pyi
2026-01-18 18:04:16,607 - Knowledge - INFO - Progress: 58.2% | Files: 145/244 | Rate: 1.60 files/sec | Queue: 42
2026-01-18 18:04:16,728 - Knowledge - INFO - Async storing batch of 4 embeddings
2026-01-18 18:04:16,735 - Knowledge - INFO - Async storing batch of 4 embeddings
2026-01-18 18:04:16,957 - Knowledge - INFO - Worker kw4 processing /app/data/T0015/307413/b9139i1/kuksa-val/kuksa-val-server/src/VssDatabase.cpp
2026-01-18 18:04:16,998 - Knowledge - INFO - [LLM_CALL] Completed: decoder.rs:chunk1, Duration: 25545ms, PromptTokens: 7730, CompletionTokens: 421, Cost: $0.00094
2026-01-18 18:04:17,114 - Knowledge - INFO - [kw17] Queue=42, InProgress=0, PendingWorkers=20/20, Completed=146/244 (59.8%)
2026-01-18 18:04:17,154 - Knowledge - INFO - [kw9] Queue=42, InProgress=0, PendingWorkers=20/20, Completed=149/244 (61.1%)
2026-01-18 18:04:17,190 - Knowledge - INFO - process ingested knowledge for /app/data/T0015/307413/b9139i1/kuksa-val/kuksa_databroker/lib/databroker-examples/src/lib.rs
2026-01-18 18:04:17,449 - Knowledge - INFO - Worker kw16 processing /app/data/T0015/307413/b9139i1/kuksa-val/kuksa-val-server/src/VSSPath.cpp
2026-01-18 18:04:17,647 - Knowledge - INFO - Worker kw5 processing /app/data/T0015/307413/b9139i1/kuksa-val/kuksa-val-server/src/CMakeLists.txt
2026-01-18 18:04:17,852 - Knowledge - INFO - done ingest for /app/data/T0015/307413/b9139i1/kuksa-val/kuksa_databroker/databroker/src/authorization/jwt/decoder.rs
2026-01-18 18:04:17,915 - Knowledge - INFO - process ingested knowledge for /app/data/T0015/307413/b9139i1/kuksa-val/kuksa_databroker/integration_test/gen_proto/sdv/databroker/v1/types_pb2.pyi
2026-01-18 18:04:17,935 - Knowledge - INFO - [kw12] Queue=42, InProgress=0, PendingWorkers=20/20, Completed=149/244 (61.1%)
2026-01-18 18:04:18,004 - Knowledge - INFO - Batch sizing: calculated=4, max_allowed=10, queue=42, active_workers=20/20
2026-01-18 18:04:18,037 - Knowledge - INFO - [WEBSOCKET] Sent: Type=progress_update, Size: 291, Duration: 0ms
2026-01-18 18:04:18,152 - Knowledge - INFO - Batch sizing: calculated=4, max_allowed=10, queue=42, active_workers=20/20
2026-01-18 18:04:18,394 - Knowledge - INFO - Worker kw16 processing /app/data/T0015/307413/b9139i1/kuksa-val/kuksa-val-server/src/OverlayLoader.cpp
2026-01-18 18:04:18,602 - Knowledge - INFO - Fast-tracked /app/data/T0015/307413/b9139i1/kuksa-val/kuksa-val-server/src/CMakeLists.txt (ext=.txt, size=10808)
2026-01-18 18:04:19,048 - Knowledge - INFO - Batch sizing: calculated=4, max_allowed=10, queue=42, active_workers=20/20
2026-01-18 18:04:19,208 - Knowledge - INFO - process ingested knowledge for /app/data/T0015/307413/b9139i1/kuksa-val/kuksa_databroker/integration_test/gen_proto/sdv/databroker/v1/collector_pb2_grpc.py
2026-01-18 18:04:19,333 - Knowledge - INFO - Processing batch of 5 files
2026-01-18 18:04:19,350 - Knowledge - INFO - Processing batch of 4 files
2026-01-18 18:04:19,409 - Knowledge - INFO - Async storing batch of 4 embeddings
2026-01-18 18:04:19,488 - Knowledge - INFO - [LLM_CALL] Completed: collector.rs:chunk1, Duration: 36926ms, PromptTokens: 4188, CompletionTokens: 601, Cost: $0.00066
2026-01-18 18:04:19,681 - Knowledge - INFO - Worker kw16 processing /app/data/T0015/307413/b9139i1/kuksa-val/kuksa-val-server/src/main.cpp
2026-01-18 18:04:19,776 - Knowledge - INFO - Worker kw5 processing /app/data/T0015/307413/b9139i1/kuksa-val/kuksa-val-server/src/VssCommandUnsubscribe.cpp
2026-01-18 18:04:20,147 - Knowledge - INFO - process ingested knowledge for /app/data/T0015/307413/b9139i1/kuksa-val/kuksa_databroker/lib/databroker-examples/examples/perf_setter.rs
2026-01-18 18:04:20,249 - Knowledge - INFO - process ingested knowledge for /app/data/T0015/307413/b9139i1/kuksa-val/kuksa-val-server/test/unit-test/VSSTypeSanitizerTests.cpp
2026-01-18 18:04:20,346 - Knowledge - INFO - Worker kw17 processing /app/data/T0015/307413/b9139i1/kuksa-val/kuksa-val-server/src/Readme.md
2026-01-18 18:04:20,497 - Knowledge - INFO - done ingest for /app/data/T0015/307413/b9139i1/kuksa-val/kuksa_databroker/databroker/src/grpc/sdv_databroker_v1/collector.rs
2026-01-18 18:04:20,508 - Knowledge - INFO - [WEBSOCKET] Sent: Type=unknown, Size: ?, Duration: 2471ms
2026-01-18 18:04:20,740 - Knowledge - INFO - Worker kw16 processing /app/data/T0015/307413/b9139i1/kuksa-val/kuksa-val-server/src/VssCommandSubscribe.cpp
2026-01-18 18:04:20,756 - Knowledge - INFO - Async storage completed for 4 embeddings
2026-01-18 18:04:20,897 - Knowledge - INFO - Worker kw5 processing /app/data/T0015/307413/b9139i1/kuksa-val/kuksa-val-server/src/WebSockHttpFlexServer.cpp
2026-01-18 18:04:21,718 - Knowledge - INFO - Fast-tracked /app/data/T0015/307413/b9139i1/kuksa-val/kuksa-val-server/src/Readme.md (ext=.md, size=7231)
2026-01-18 18:04:21,863 - Knowledge - INFO - process ingested knowledge for /app/data/T0015/307413/b9139i1/kuksa-val/kuksa_databroker/lib/databroker-examples/examples/perf_subscriber.rs
2026-01-18 18:04:21,884 - Knowledge - INFO - process ingested knowledge for /app/data/T0015/307413/b9139i1/kuksa-val/kuksa-val-server/test/unit-test/AccessCheckerTests.cpp
2026-01-18 18:04:22,034 - Knowledge - INFO - Progress: 61.1% | Files: 151/244 | Rate: 1.59 files/sec | Queue: 30
2026-01-18 18:04:22,044 - Knowledge - INFO - Async storing batch of 4 embeddings
2026-01-18 18:04:22,086 - Knowledge - INFO - Async storing batch of 4 embeddings
2026-01-18 18:04:22,211 - Knowledge - INFO - [kw3] Queue=30, InProgress=0, PendingWorkers=20/20, Completed=152/244 (62.3%)
2026-01-18 18:04:22,514 - Knowledge - INFO - Worker kw5 processing /app/data/T0015/307413/b9139i1/kuksa-val/kuksa-val-server/src/MQTTPublisher.cpp
2026-01-18 18:04:22,639 - Knowledge - INFO - Worker kw17 processing /app/data/T0015/307413/b9139i1/kuksa-val/kuksa-val-server/src/JsonResponses.cpp
2026-01-18 18:04:22,872 - Knowledge - INFO - process ingested knowledge for /app/data/T0015/307413/b9139i1/kuksa-val/kuksa_databroker/lib/kuksa/src/lib.rs
2026-01-18 18:04:22,885 - Knowledge - INFO - process ingested knowledge for /app/data/T0015/307413/b9139i1/kuksa-val/kuksa-val-server/test/unit-test/SubscriptionHandlerTests.cpp
2026-01-18 18:04:23,010 - Knowledge - INFO - [kw19] Queue=30, InProgress=0, PendingWorkers=20/20, Completed=155/244 (63.5%)
2026-01-18 18:04:23,024 - Knowledge - INFO - Processing batch of 5 files
2026-01-18 18:04:23,149 - Knowledge - INFO - [LLM_CALL] Completed: val.rs:chunk1, Duration: 31675ms, PromptTokens: 11556, CompletionTokens: 653, Cost: $0.00142
2026-01-18 18:04:23,149 - Knowledge - INFO - Worker kw9 processing /app/data/T0015/307413/b9139i1/kuksa-val/kuksa-val-server/docker/startkuksaval.sh
2026-01-18 18:04:23,290 - Knowledge - INFO - Worker kw12 processing /app/data/T0015/307413/b9139i1/kuksa-val/kuksa-val-server/include/JsonResponses.hpp
2026-01-18 18:04:23,429 - Knowledge - INFO - Batch sizing: calculated=4, max_allowed=10, queue=30, active_workers=20/20
2026-01-18 18:04:23,680 - Knowledge - INFO - Worker kw17 processing /app/data/T0015/307413/b9139i1/kuksa-val/kuksa-val-server/src/BasicLogger.cpp
2026-01-18 18:04:23,753 - Knowledge - INFO - process ingested knowledge for /app/data/T0015/307413/b9139i1/kuksa-val/kuksa_databroker/lib/kuksa/Cargo.toml
2026-01-18 18:04:23,880 - Knowledge - INFO - process ingested knowledge for /app/data/T0015/307413/b9139i1/kuksa-val/kuksa-val-server/test/unit-test/VssCommandProcessorTests.cpp
2026-01-18 18:04:23,961 - Knowledge - INFO - Batch sizing: calculated=4, max_allowed=10, queue=30, active_workers=20/20
2026-01-18 18:04:24,054 - Knowledge - INFO - process ingested knowledge for /app/data/T0015/307413/b9139i1/kuksa-val/kuksa_databroker/databroker/src/grpc/kuksa_val_v1/mod.rs
2026-01-18 18:04:24,228 - Knowledge - INFO - done ingest for /app/data/T0015/307413/b9139i1/kuksa-val/kuksa_databroker/databroker/src/grpc/kuksa_val_v1/val.rs
2026-01-18 18:04:24,241 - Knowledge - INFO - [LLM_CALL] Completed: glob.rs:chunk1, Duration: 29723ms, PromptTokens: 16980, CompletionTokens: 349, Cost: $0.00184
2026-01-18 18:04:24,364 - Knowledge - INFO - Fast-tracked /app/data/T0015/307413/b9139i1/kuksa-val/kuksa-val-server/docker/startkuksaval.sh (ext=.sh, size=1612)
2026-01-18 18:04:24,457 - Knowledge - INFO - Worker kw12 processing /app/data/T0015/307413/b9139i1/kuksa-val/kuksa-val-server/include/MQTTPublisher.hpp
2026-01-18 18:04:24,967 - Knowledge - INFO - Fast-tracked /app/data/T0015/307413/b9139i1/kuksa-val/kuksa-val-server/src/BasicLogger.cpp (ext=.cpp, size=1839)
2026-01-18 18:04:25,074 - Knowledge - INFO - process ingested knowledge for /app/data/T0015/307413/b9139i1/kuksa-val/kuksa_databroker/databroker/src/broker.rs
2026-01-18 18:04:25,689 - Knowledge - INFO - process ingested knowledge for /app/data/T0015/307413/b9139i1/kuksa-val/kuksa_databroker/databroker/src/lib.rs
2026-01-18 18:04:25,855 - Knowledge - INFO - Async storing batch of 5 embeddings
2026-01-18 18:04:25,868 - Knowledge - INFO - Async storing batch of 5 embeddings
2026-01-18 18:04:25,924 - Knowledge - INFO - Worker kw9 processing /app/data/T0015/307413/b9139i1/kuksa-val/kuksa-val-server/docker/collect-deployment-artifacts.sh
2026-01-18 18:04:26,104 - Knowledge - INFO - Fast-tracked /app/data/T0015/307413/b9139i1/kuksa-val/kuksa-val-server/src/OverlayLoader.cpp (small file (2849 bytes))
2026-01-18 18:04:26,105 - Knowledge - INFO - Worker kw12 processing /app/data/T0015/307413/b9139i1/kuksa-val/kuksa-val-server/include/WebSockHttpFlexServer.hpp
2026-01-18 18:04:26,230 - Knowledge - INFO - Worker kw17 processing /app/data/T0015/307413/b9139i1/kuksa-val/kuksa-val-server/src/grpcHandler.cpp
2026-01-18 18:04:26,373 - Knowledge - INFO - [WEBSOCKET] Sent: Type=progress_update, Size: 290, Duration: 0ms
2026-01-18 18:04:26,701 - Knowledge - INFO - Worker kw3 processing /app/data/T0015/307413/b9139i1/kuksa-val/kuksa-val-server/include/KuksaChannel.hpp
2026-01-18 18:04:26,838 - Knowledge - INFO - process ingested knowledge for /app/data/T0015/307413/b9139i1/kuksa-val/kuksa_databroker/databroker/src/query/executor.rs
2026-01-18 18:04:26,895 - Knowledge - INFO - Worker kw19 processing /app/data/T0015/307413/b9139i1/kuksa-val/kuksa-val-server/include/interface/IVssDatabase.hpp
2026-01-18 18:04:27,040 - Knowledge - INFO - Fast-tracked /app/data/T0015/307413/b9139i1/kuksa-val/kuksa-val-server/docker/collect-deployment-artifacts.sh (ext=.sh, size=1010)
2026-01-18 18:04:27,322 - Knowledge - INFO - Worker kw12 processing /app/data/T0015/307413/b9139i1/kuksa-val/kuksa-val-server/include/VSSRequestJsonSchema.hpp
2026-01-18 18:04:27,639 - Knowledge - INFO - [WEBSOCKET] Sent: Type=unknown, Size: ?, Duration: 1265ms
2026-01-18 18:04:27,708 - Knowledge - INFO - Worker kw3 processing /app/data/T0015/307413/b9139i1/kuksa-val/kuksa-val-server/include/visconf.hpp
2026-01-18 18:04:27,947 - Knowledge - INFO - Worker kw19 processing /app/data/T0015/307413/b9139i1/kuksa-val/kuksa-val-server/include/interface/ISubscriptionHandler.hpp
2026-01-18 18:04:28,065 - Knowledge - INFO - Worker kw9 processing /app/data/T0015/307413/b9139i1/kuksa-val/kuksa-val-server/include/grpcHandler.hpp
2026-01-18 18:04:28,203 - Knowledge - INFO - process ingested knowledge for /app/data/T0015/307413/b9139i1/kuksa-val/kuksa_databroker/databroker/src/query/expr.rs
2026-01-18 18:04:28,408 - Knowledge - INFO - Progress: 64.3% | Files: 159/244 | Rate: 1.55 files/sec | Queue: 22
2026-01-18 18:04:28,571 - Knowledge - INFO - Fast-tracked /app/data/T0015/307413/b9139i1/kuksa-val/kuksa-val-server/include/visconf.hpp (ext=.hpp, size=1055)
2026-01-18 18:04:28,591 - Knowledge - INFO - Processing batch of 5 files
2026-01-18 18:04:28,651 - Knowledge - INFO - Worker kw19 processing /app/data/T0015/307413/b9139i1/kuksa-val/kuksa-val-server/include/interface/IAuthenticator.hpp
2026-01-18 18:04:28,749 - Knowledge - INFO - Worker kw9 processing /app/data/T0015/307413/b9139i1/kuksa-val/kuksa-val-server/include/BasicLogger.hpp
2026-01-18 18:04:28,897 - Knowledge - INFO - [kw15] Queue=22, InProgress=0, PendingWorkers=20/20, Completed=160/244 (65.6%)
2026-01-18 18:04:28,925 - Knowledge - INFO - process ingested knowledge for /app/data/T0015/307413/b9139i1/kuksa-val/kuksa_databroker/databroker/src/query/compiler.rs
2026-01-18 18:04:29,224 - Knowledge - INFO - Worker kw3 processing /app/data/T0015/307413/b9139i1/kuksa-val/kuksa-val-server/include/VssCommandProcessor.hpp
2026-01-18 18:04:29,332 - Knowledge - INFO - process ingested knowledge for /app/data/T0015/307413/b9139i1/kuksa-val/kuksa_databroker/databroker/src/query/mod.rs
2026-01-18 18:04:29,412 - Knowledge - INFO - [kw18] Queue=22, InProgress=0, PendingWorkers=20/20, Completed=161/244 (66.0%)
2026-01-18 18:04:29,492 - Knowledge - INFO - Fast-tracked /app/data/T0015/307413/b9139i1/kuksa-val/kuksa-val-server/include/interface/IAuthenticator.hpp (ext=.hpp, size=1279)
2026-01-18 18:04:29,625 - Knowledge - INFO - [WEBSOCKET] Sent: Type=progress_update, Size: 291, Duration: 0ms
2026-01-18 18:04:29,668 - Knowledge - INFO - Fast-tracked /app/data/T0015/307413/b9139i1/kuksa-val/kuksa-val-server/include/BasicLogger.hpp (ext=.hpp, size=1398)
2026-01-18 18:04:29,753 - Knowledge - INFO - Batch sizing: calculated=4, max_allowed=10, queue=22, active_workers=20/20
2026-01-18 18:04:30,014 - Knowledge - INFO - Worker kw3 processing /app/data/T0015/307413/b9139i1/kuksa-val/kuksa-val-server/include/VSSRequestValidator.hpp
2026-01-18 18:04:30,223 - Knowledge - INFO - Batch sizing: calculated=4, max_allowed=10, queue=22, active_workers=20/20
2026-01-18 18:04:30,330 - Knowledge - INFO - process ingested knowledge for /app/data/T0015/307413/b9139i1/kuksa-val/kuksa_databroker/databroker/src/authorization/jwt/decoder.rs
2026-01-18 18:04:30,364 - Knowledge - INFO - Worker kw19 processing /app/data/T0015/307413/b9139i1/kuksa-val/kuksa-val-server/include/interface/IVssCommandProcessor.hpp
2026-01-18 18:04:30,497 - Knowledge - INFO - Processing batch of 5 files
2026-01-18 18:04:30,506 - Knowledge - INFO - [WEBSOCKET] Sent: Type=unknown, Size: ?, Duration: 881ms
2026-01-18 18:04:30,597 - Knowledge - INFO - Fast-tracked /app/data/T0015/307413/b9139i1/kuksa-val/kuksa-val-server/include/grpcHandler.hpp (small file (2671 bytes))
2026-01-18 18:04:30,881 - Knowledge - INFO - Fast-tracked /app/data/T0015/307413/b9139i1/kuksa-val/kuksa-val-server/include/KuksaChannel.hpp (small file (2824 bytes))
2026-01-18 18:04:31,143 - Knowledge - INFO - process ingested knowledge for /app/data/T0015/307413/b9139i1/kuksa-val/kuksa_databroker/databroker/src/authorization/jwt/scope.rs
2026-01-18 18:04:31,161 - Knowledge - INFO - Fast-tracked /app/data/T0015/307413/b9139i1/kuksa-val/kuksa-val-server/include/interface/IVssCommandProcessor.hpp (ext=.hpp, size=1708)
2026-01-18 18:04:31,293 - Knowledge - INFO - process ingested knowledge for /app/data/T0015/307413/b9139i1/kuksa-val/kuksa_databroker/databroker/src/grpc/sdv_databroker_v1/collector.rs
2026-01-18 18:04:31,425 - Knowledge - INFO - Progress: 66.4% | Files: 162/244 | Rate: 1.52 files/sec | Queue: 14
2026-01-18 18:04:31,444 - Knowledge - INFO - Async storing batch of 4 embeddings
2026-01-18 18:04:31,449 - Knowledge - INFO - Async storing batch of 5 embeddings
2026-01-18 18:04:31,466 - Knowledge - INFO - [LLM_CALL] Completed: types.rs:chunk1, Duration: 39967ms, PromptTokens: 21020, CompletionTokens: 446, Cost: $0.00228
2026-01-18 18:04:31,546 - Knowledge - INFO - Async storage completed for 4 embeddings
2026-01-18 18:04:31,708 - Knowledge - INFO - Async storage completed for 5 embeddings
2026-01-18 18:04:31,753 - Knowledge - INFO - Fast-tracked /app/data/T0015/307413/b9139i1/kuksa-val/kuksa-val-server/include/VssCommandProcessor.hpp (small file (2712 bytes))
2026-01-18 18:04:32,076 - Knowledge - INFO - Fast-tracked /app/data/T0015/307413/b9139i1/kuksa-val/kuksa-val-server/include/interface/IVssDatabase.hpp (small file (2260 bytes))
2026-01-18 18:04:32,311 - Knowledge - INFO - process ingested knowledge for /app/data/T0015/307413/b9139i1/kuksa-val/kuksa_databroker/databroker/src/authorization/jwt/mod.rs
2026-01-18 18:04:32,323 - Knowledge - INFO - process ingested knowledge for /app/data/T0015/307413/b9139i1/kuksa-val/kuksa_databroker/databroker/src/grpc/sdv_databroker_v1/mod.rs
2026-01-18 18:04:32,349 - Knowledge - INFO - [kw1] Queue=14, InProgress=0, PendingWorkers=20/20, Completed=162/244 (66.4%)
2026-01-18 18:04:32,479 - Knowledge - INFO - Worker kw15 processing /app/data/T0015/307413/b9139i1/kuksa-val/kuksa-val-server/include/interface/IAccessChecker.hpp
2026-01-18 18:04:32,579 - Knowledge - INFO - Worker kw18 processing /app/data/T0015/307413/b9139i1/kuksa-val/kuksa-val-server/include/Authenticator.hpp
2026-01-18 18:04:32,685 - Knowledge - INFO - done ingest for /app/data/T0015/307413/b9139i1/kuksa-val/kuksa_databroker/databroker/src/types.rs
2026-01-18 18:04:32,698 - Knowledge - INFO - [kw10] Queue=14, InProgress=0, PendingWorkers=20/20, Completed=162/244 (66.4%)
2026-01-18 18:04:33,129 - Knowledge - INFO - Fast-tracked /app/data/T0015/307413/b9139i1/kuksa-val/kuksa-val-server/include/VSSRequestValidator.hpp (small file (2353 bytes))
2026-01-18 18:04:33,135 - Knowledge - INFO - Processing batch of 4 files
2026-01-18 18:04:33,295 - Knowledge - INFO - Fast-tracked /app/data/T0015/307413/b9139i1/kuksa-val/kuksa-val-server/include/interface/ISubscriptionHandler.hpp (small file (2035 bytes))
2026-01-18 18:04:33,380 - Knowledge - INFO - [LLM_CALL] Completed: VssDatabase_Record.cpp:chunk1, Duration: 19343ms, PromptTokens: 2348, CompletionTokens: 394, Cost: $0.00039
2026-01-18 18:04:33,398 - Knowledge - INFO - process ingested knowledge for /app/data/T0015/307413/b9139i1/kuksa-val/kuksa_databroker/databroker/src/authorization/mod.rs
2026-01-18 18:04:33,505 - Knowledge - INFO - process ingested knowledge for /app/data/T0015/307413/b9139i1/kuksa-val/kuksa_databroker/databroker/src/grpc/mod.rs
2026-01-18 18:04:33,603 - Knowledge - INFO - Batch sizing: calculated=4, max_allowed=10, queue=14, active_workers=20/20
2026-01-18 18:04:33,734 - Knowledge - INFO - Fast-tracked /app/data/T0015/307413/b9139i1/kuksa-val/kuksa-val-server/include/interface/IAccessChecker.hpp (ext=.hpp, size=1311)
2026-01-18 18:04:33,831 - Knowledge - INFO - Fast-tracked /app/data/T0015/307413/b9139i1/kuksa-val/kuksa-val-server/include/Authenticator.hpp (ext=.hpp, size=1641)
2026-01-18 18:04:34,061 - Knowledge - INFO - Batch sizing: calculated=4, max_allowed=10, queue=14, active_workers=20/20
2026-01-18 18:04:34,254 - Knowledge - INFO - Async storage completed for 5 embeddings
2026-01-18 18:04:34,425 - Knowledge - INFO - process ingested knowledge for /app/data/T0015/307413/b9139i1/kuksa-val/kuksa-val-server/docker/startkuksaval.sh
2026-01-18 18:04:34,564 - Knowledge - INFO - Async storage completed for 5 embeddings
2026-01-18 18:04:34,774 - Knowledge - INFO - done ingest for /app/data/T0015/307413/b9139i1/kuksa-val/kuksa-val-server/src/VssDatabase_Record.cpp
2026-01-18 18:04:35,929 - Knowledge - INFO - process ingested knowledge for /app/data/T0015/307413/b9139i1/kuksa-val/kuksa_databroker/databroker/src/grpc/kuksa_val_v1/conversions.rs
2026-01-18 18:04:35,960 - Knowledge - INFO - Async storing batch of 5 embeddings
2026-01-18 18:04:35,966 - Knowledge - INFO - Worker kw15 processing /app/data/T0015/307413/b9139i1/kuksa-val/kuksa-val-server/include/interface/IServer.hpp
2026-01-18 18:04:36,054 - Knowledge - INFO - Worker kw18 processing /app/data/T0015/307413/b9139i1/kuksa-val/kuksa-val-server/include/SubscriptionHandler.hpp
2026-01-18 18:04:36,276 - Knowledge - INFO - [LLM_CALL] Completed: cli.rs:chunk1, Duration: 74973ms, PromptTokens: 7392, CompletionTokens: 8000, Cost: $0.00394
2026-01-18 18:04:36,627 - Knowledge - INFO - process ingested knowledge for /app/data/T0015/307413/b9139i1/kuksa-val/kuksa-val-server/docker/collect-deployment-artifacts.sh
2026-01-18 18:04:37,083 - Knowledge - INFO - process ingested knowledge for /app/data/T0015/307413/b9139i1/kuksa-val/kuksa_databroker/databroker/src/grpc/kuksa_val_v1/val.rs
2026-01-18 18:04:37,285 - Knowledge - INFO - Worker kw1 processing /app/data/T0015/307413/b9139i1/kuksa-val/kuksa-val-server/include/AccessChecker.hpp
2026-01-18 18:04:37,491 - Knowledge - INFO - Fast-tracked /app/data/T0015/307413/b9139i1/kuksa-val/kuksa-val-server/include/interface/IServer.hpp (ext=.hpp, size=1530)
2026-01-18 18:04:37,567 - Knowledge - INFO - Fast-tracked /app/data/T0015/307413/b9139i1/kuksa-val/kuksa-val-server/include/MQTTPublisher.hpp (small file (2900 bytes))
2026-01-18 18:04:37,639 - Knowledge - INFO - Worker kw18 processing /app/data/T0015/307413/b9139i1/kuksa-val/kuksa-val-server/include/exception.hpp
2026-01-18 18:04:37,770 - Knowledge - ERROR - Failed to parse LLM response as JSON for /app/data/T0015/307413/b9139i1/kuksa-val/kuksa_databroker/databroker-cli/src/cli.rs, chunk 1
2026-01-18 18:04:37,780 - Knowledge - INFO - [LLM_CALL] Completed: main.rs:chunk1, Duration: 60566ms, PromptTokens: 7376, CompletionTokens: 417, Cost: $0.00090
2026-01-18 18:04:37,879 - Knowledge - INFO - process ingested knowledge for /app/data/T0015/307413/b9139i1/kuksa-val/kuksa-val-server/include/grpcHandler.hpp
2026-01-18 18:04:38,278 - Knowledge - INFO - Fast-tracked /app/data/T0015/307413/b9139i1/kuksa-val/kuksa-val-server/include/AccessChecker.hpp (ext=.hpp, size=1560)
2026-01-18 18:04:38,496 - Knowledge - INFO - Worker kw15 processing /app/data/T0015/307413/b9139i1/kuksa-val/kuksa-val-server/include/interface/IPublisher.hpp
2026-01-18 18:04:38,829 - Knowledge - INFO - Worker kw18 processing /app/data/T0015/307413/b9139i1/kuksa-val/kuksa-val-server/include/VssDatabase_Record.hpp
2026-01-18 18:04:38,922 - Knowledge - INFO - done ingest for /app/data/T0015/307413/b9139i1/kuksa-val/kuksa_databroker/databroker-cli/src/cli.rs
2026-01-18 18:04:39,079 - Knowledge - INFO - done ingest for /app/data/T0015/307413/b9139i1/kuksa-val/kuksa_databroker/databroker/src/main.rs
2026-01-18 18:04:39,094 - Knowledge - INFO - Async storing batch of 5 embeddings
2026-01-18 18:04:39,128 - Knowledge - INFO - [LLM_CALL] Completed: vss.rs:chunk1, Duration: 32015ms, PromptTokens: 12244, CompletionTokens: 629, Cost: $0.00148
2026-01-18 18:04:39,256 - Knowledge - INFO - process ingested knowledge for /app/data/T0015/307413/b9139i1/kuksa-val/kuksa-val-server/include/BasicLogger.hpp
2026-01-18 18:04:39,384 - Knowledge - INFO - Worker kw1 processing /app/data/T0015/307413/b9139i1/kuksa-val/kuksa-val-server/include/ssl_stream.hpp
2026-01-18 18:04:39,518 - Knowledge - INFO - Fast-tracked /app/data/T0015/307413/b9139i1/kuksa-val/kuksa-val-server/include/interface/IPublisher.hpp (ext=.hpp, size=1068)
2026-01-18 18:04:40,043 - Knowledge - INFO - Worker kw10 processing /app/data/T0015/307413/b9139i1/kuksa-val/kuksa-val-server/include/OverlayLoader.hpp
2026-01-18 18:04:40,150 - Knowledge - INFO - done ingest for /app/data/T0015/307413/b9139i1/kuksa-val/kuksa_databroker/databroker/src/vss.rs
2026-01-18 18:04:40,152 - Knowledge - INFO - done ingest for /app/data/T0015/307413/b9139i1/kuksa-val/kuksa_databroker/databroker/src/viss/v2/conversions.rs
2026-01-18 18:04:40,153 - Knowledge - INFO - [LLM_CALL] Completed: VssCommandSet.cpp:chunk1, Duration: 23505ms, PromptTokens: 3706, CompletionTokens: 527, Cost: $0.00058
2026-01-18 18:04:40,451 - Knowledge - INFO - Worker kw1 processing /app/data/T0015/307413/b9139i1/kuksa-val/kuksa-val-server/include/VssDatabase.hpp
2026-01-18 18:04:40,557 - Knowledge - INFO - Worker kw15 processing /app/data/T0015/307413/b9139i1/kuksa-val/kuksa-val-server/include/interface/ILogger.hpp
2026-01-18 18:04:40,664 - Knowledge - INFO - Async storage completed for 5 embeddings
2026-01-18 18:04:40,672 - Knowledge - INFO - Fast-tracked /app/data/T0015/307413/b9139i1/kuksa-val/kuksa-val-server/include/OverlayLoader.hpp (ext=.hpp, size=1450)
2026-01-18 18:04:41,053 - Knowledge - INFO - done ingest for /app/data/T0015/307413/b9139i1/kuksa-val/kuksa-val-server/src/VssCommandSet.cpp
2026-01-18 18:04:41,111 - Knowledge - INFO - [LLM_CALL] Completed: broker.rs:chunk1, Duration: 41298ms, PromptTokens: 4190, CompletionTokens: 570, Cost: $0.00065
2026-01-18 18:04:41,234 - Knowledge - INFO - Async storage completed for 4 embeddings
2026-01-18 18:04:41,260 - Knowledge - INFO - Worker kw1 processing /app/data/T0015/307413/b9139i1/kuksa-val/kuksa-val-server/include/VSSPath.hpp
2026-01-18 18:04:41,472 - Knowledge - INFO - Fast-tracked /app/data/T0015/307413/b9139i1/kuksa-val/kuksa-val-server/include/interface/ILogger.hpp (small file (2221 bytes))
2026-01-18 18:04:41,687 - Knowledge - INFO - Worker kw10 processing /app/data/T0015/307413/b9139i1/kuksa-val/kuksa-val-server/config.ini
2026-01-18 18:04:41,923 - Knowledge - INFO - done ingest for /app/data/T0015/307413/b9139i1/kuksa-val/kuksa_databroker/databroker/src/grpc/sdv_databroker_v1/broker.rs
2026-01-18 18:04:41,990 - Knowledge - INFO - [LLM_CALL] Completed: permissions.rs:chunk1, Duration: 41180ms, PromptTokens: 4256, CompletionTokens: 604, Cost: $0.00067
2026-01-18 18:04:42,367 - Knowledge - INFO - Async storage completed for 4 embeddings
2026-01-18 18:04:42,580 - Knowledge - INFO - Fast-tracked /app/data/T0015/307413/b9139i1/kuksa-val/kuksa-val-server/config.ini (ext=.ini, size=103)
2026-01-18 18:04:42,838 - Knowledge - INFO - done ingest for /app/data/T0015/307413/b9139i1/kuksa-val/kuksa_databroker/databroker/src/permissions.rs
2026-01-18 18:04:42,862 - Knowledge - INFO - [WEBSOCKET] Sent: Type=progress_update, Size: 273, Duration: 904ms
2026-01-18 18:04:43,186 - Knowledge - INFO - Worker kw10 processing /app/data/T0015/307413/b9139i1/kuksa-val/kuksa-val-server/boost.cmake
2026-01-18 18:04:43,585 - Knowledge - INFO - [kw7] Queue=6, InProgress=0, PendingWorkers=20/20, Completed=173/244 (70.9%)
2026-01-18 18:04:43,762 - Knowledge - INFO - Worker kw10 processing /app/data/T0015/307413/b9139i1/kuksa-val/kuksa-val-server/CMakeLists.txt
2026-01-18 18:04:43,780 - Knowledge - INFO - [WEBSOCKET] Sent: Type=unknown, Size: ?, Duration: 1822ms
2026-01-18 18:04:43,926 - Knowledge - INFO - Batch sizing: calculated=4, max_allowed=10, queue=6, active_workers=20/20
2026-01-18 18:04:44,071 - Knowledge - INFO - Fast-tracked /app/data/T0015/307413/b9139i1/kuksa-val/kuksa-val-server/CMakeLists.txt (ext=.txt, size=3683)
2026-01-18 18:04:44,193 - Knowledge - INFO - Progress: 69.3% | Files: 175/244 | Rate: 1.50 files/sec | Queue: 6
2026-01-18 18:04:44,303 - Knowledge - INFO - [LLM_CALL] Completed: server.rs:chunk1, Duration: 33754ms, PromptTokens: 3240, CompletionTokens: 597, Cost: $0.00056
2026-01-18 18:04:44,604 - Knowledge - INFO - [kw6] Queue=2, InProgress=0, PendingWorkers=20/20, Completed=175/244 (71.7%)
2026-01-18 18:04:44,730 - Knowledge - INFO - done ingest for /app/data/T0015/307413/b9139i1/kuksa-val/kuksa_databroker/databroker/src/grpc/server.rs
2026-01-18 18:04:44,805 - Knowledge - INFO - [LLM_CALL] Completed: git_watcher.cmake:chunk1, Duration: 32855ms, PromptTokens: 5242, CompletionTokens: 669, Cost: $0.00079
2026-01-18 18:04:44,857 - Knowledge - INFO - Batch sizing: calculated=2, max_allowed=10, queue=2, active_workers=20/20
2026-01-18 18:04:45,294 - Knowledge - INFO - done ingest for /app/data/T0015/307413/b9139i1/kuksa-val/kuksa-val-server/git_watcher.cmake
2026-01-18 18:04:45,405 - Knowledge - INFO - Async storage completed for 4 embeddings
2026-01-18 18:04:45,470 - Knowledge - INFO - Async storing batch of 5 embeddings
2026-01-18 18:04:45,493 - Knowledge - INFO - [WEBSOCKET] Sent: Type=progress_update, Size: 273, Duration: 177ms
2026-01-18 18:04:45,877 - Knowledge - INFO - Worker kw7 processing /app/data/T0015/307413/b9139i1/kuksa-val/kuksa-val-server/config_grpc_client.ini
2026-01-18 18:04:46,026 - Knowledge - INFO - [LLM_CALL] Completed: SubscriptionHandler.cpp:chunk1, Duration: 23886ms, PromptTokens: 4690, CompletionTokens: 824, Cost: $0.00080
2026-01-18 18:04:46,144 - Knowledge - INFO - Fast-tracked /app/data/T0015/307413/b9139i1/kuksa-val/kuksa-val-server/config_grpc_client.ini (ext=.ini, size=34)
2026-01-18 18:04:46,259 - Knowledge - INFO - done ingest for /app/data/T0015/307413/b9139i1/kuksa-val/kuksa-val-server/src/SubscriptionHandler.cpp
2026-01-18 18:04:46,279 - Knowledge - INFO - Async storing batch of 5 embeddings
2026-01-18 18:04:46,304 - Knowledge - INFO - [WEBSOCKET] Sent: Type=unknown, Size: ?, Duration: 987ms
2026-01-18 18:04:46,334 - Knowledge - INFO - Worker kw7 processing /app/data/T0015/307413/b9139i1/kuksa-val/kuksa-val-server/README.md
2026-01-18 18:04:46,616 - Knowledge - INFO - Worker kw6 processing /app/data/T0015/307413/b9139i1/kuksa-val/kuksa-client/README.md
2026-01-18 18:04:46,814 - Knowledge - INFO - Progress: 71.7% | Files: 182/244 | Rate: 1.50 files/sec | Queue: 0
2026-01-18 18:04:46,880 - Knowledge - INFO - Processing batch of 4 files
2026-01-18 18:04:46,887 - Knowledge - INFO - Processing batch of 4 files
2026-01-18 18:04:46,987 - Knowledge - INFO - Fast-tracked /app/data/T0015/307413/b9139i1/kuksa-val/kuksa-val-server/README.md (ext=.md, size=5798)
2026-01-18 18:04:46,989 - Knowledge - INFO - Processing batch of 5 files
2026-01-18 18:04:47,201 - Knowledge - INFO - Processing batch of 4 files
2026-01-18 18:04:47,207 - Knowledge - INFO - Fast-tracked /app/data/T0015/307413/b9139i1/kuksa-val/kuksa-client/README.md (ext=.md, size=1150)
2026-01-18 18:04:47,282 - Knowledge - INFO - Processing batch of 4 files
2026-01-18 18:04:47,283 - Knowledge - INFO - Async storage completed for 4 embeddings
2026-01-18 18:04:47,562 - Knowledge - INFO - process ingested knowledge for /app/data/T0015/307413/b9139i1/kuksa-val/kuksa-val-server/include/interface/IVssDatabase.hpp
2026-01-18 18:04:47,569 - Knowledge - INFO - done ingest for /app/data/T0015/307413/b9139i1/kuksa-val/kuksa_databroker/databroker/src/viss/v2/server.rs
2026-01-18 18:04:47,716 - Knowledge - INFO - process ingested knowledge for /app/data/T0015/307413/b9139i1/kuksa-val/kuksa-val-server/include/KuksaChannel.hpp
2026-01-18 18:04:47,975 - Knowledge - INFO - Worker kw7 processing /app/data/T0015/307413/b9139i1/kuksa-val/kuksa-val-server/grpc.cmake
2026-01-18 18:04:48,076 - Knowledge - INFO - Fast-tracked /app/data/T0015/307413/b9139i1/kuksa-val/kuksa-val-server/include/exception.hpp (small file (2538 bytes))
2026-01-18 18:04:48,121 - Knowledge - INFO - process ingested knowledge for /app/data/T0015/307413/b9139i1/kuksa-val/kuksa_databroker/databroker-cli/src/main.rs
2026-01-18 18:04:48,392 - Knowledge - INFO - process ingested knowledge for /app/data/T0015/307413/b9139i1/kuksa-val/kuksa-val-server/include/interface/IAccessChecker.hpp
2026-01-18 18:04:48,678 - Knowledge - INFO - Worker kw6 processing /app/data/T0015/307413/b9139i1/kuksa-val/CONTRIBUTING.md
2026-01-18 18:04:48,925 - Knowledge - INFO - process ingested knowledge for /app/data/T0015/307413/b9139i1/kuksa-val/kuksa-val-server/test/unit-test/AuthenticatorTests.cpp
2026-01-18 18:04:49,318 - Knowledge - INFO - process ingested knowledge for /app/data/T0015/307413/b9139i1/kuksa-val/kuksa-val-server/include/interface/ISubscriptionHandler.hpp
2026-01-18 18:04:49,358 - Knowledge - INFO - [LLM_CALL] Completed: glob.rs:chunk2, Duration: 23426ms, PromptTokens: 17130, CompletionTokens: 349, Cost: $0.00185
2026-01-18 18:04:49,759 - Knowledge - INFO - process ingested knowledge for /app/data/T0015/307413/b9139i1/kuksa-val/kuksa-val-server/include/visconf.hpp
2026-01-18 18:04:50,379 - Knowledge - INFO - Worker kw7 processing /app/data/T0015/307413/b9139i1/kuksa-val/kuksa-val-server/protos/README.md
2026-01-18 18:04:50,589 - Knowledge - INFO - Fast-tracked /app/data/T0015/307413/b9139i1/kuksa-val/kuksa-val-server/include/VssDatabase_Record.hpp (small file (2033 bytes))
2026-01-18 18:04:50,702 - Knowledge - INFO - process ingested knowledge for /app/data/T0015/307413/b9139i1/kuksa-val/kuksa_databroker/databroker-cli/src/kuksa_cli.rs
2026-01-18 18:04:50,886 - Knowledge - INFO - process ingested knowledge for /app/data/T0015/307413/b9139i1/kuksa-val/kuksa-val-server/include/interface/IServer.hpp
2026-01-18 18:04:51,070 - Knowledge - INFO - Fast-tracked /app/data/T0015/307413/b9139i1/kuksa-val/CONTRIBUTING.md (ext=.md, size=890)
2026-01-18 18:04:51,138 - Knowledge - INFO - process ingested knowledge for /app/data/T0015/307413/b9139i1/kuksa-val/kuksa-val-server/git_watcher.cmake
2026-01-18 18:04:51,338 - Knowledge - INFO - process ingested knowledge for /app/data/T0015/307413/b9139i1/kuksa-val/kuksa-val-server/include/interface/IAuthenticator.hpp
2026-01-18 18:04:51,414 - Knowledge - INFO - Fast-tracked /app/data/T0015/307413/b9139i1/kuksa-val/kuksa-val-server/include/VssDatabase.hpp (small file (2987 bytes))
2026-01-18 18:04:51,752 - Knowledge - INFO - process ingested knowledge for /app/data/T0015/307413/b9139i1/kuksa-val/kuksa-val-server/include/VssCommandProcessor.hpp
2026-01-18 18:04:51,933 - Knowledge - INFO - Fast-tracked /app/data/T0015/307413/b9139i1/kuksa-val/kuksa-val-server/protos/README.md (ext=.md, size=335)
2026-01-18 18:04:52,152 - Knowledge - INFO - Async storage completed for 5 embeddings
2026-01-18 18:04:52,363 - Knowledge - INFO - process ingested knowledge for /app/data/T0015/307413/b9139i1/kuksa-val/kuksa_databroker/databroker-cli/src/cli.rs
2026-01-18 18:04:52,722 - Knowledge - INFO - Async storage completed for 4 embeddings
2026-01-18 18:04:52,836 - Knowledge - INFO - process ingested knowledge for /app/data/T0015/307413/b9139i1/kuksa-val/kuksa-val-server/include/interface/IPublisher.hpp
2026-01-18 18:04:52,871 - Knowledge - INFO - Async storage completed for 5 embeddings
2026-01-18 18:04:53,105 - Knowledge - INFO - Async storage completed for 5 embeddings
2026-01-18 18:04:53,240 - Knowledge - INFO - process ingested knowledge for /app/data/T0015/307413/b9139i1/kuksa-val/kuksa-val-server/src/VssDatabase_Record.cpp
2026-01-18 18:04:53,468 - Knowledge - INFO - process ingested knowledge for /app/data/T0015/307413/b9139i1/kuksa-val/kuksa-val-server/include/interface/IVssCommandProcessor.hpp
2026-01-18 18:04:53,495 - Knowledge - INFO - done ingest for /app/data/T0015/307413/b9139i1/kuksa-val/kuksa_databroker/databroker/src/grpc/sdv_databroker_v1/conversions.rs
2026-01-18 18:04:53,553 - Knowledge - INFO - Fast-tracked /app/data/T0015/307413/b9139i1/kuksa-val/kuksa-val-server/include/VSSPath.hpp (small file (2950 bytes))
2026-01-18 18:04:53,749 - Knowledge - INFO - process ingested knowledge for /app/data/T0015/307413/b9139i1/kuksa-val/kuksa-val-server/include/VSSRequestValidator.hpp
2026-01-18 18:04:54,334 - Knowledge - INFO - process ingested knowledge for /app/data/T0015/307413/b9139i1/kuksa-val/kuksa_databroker/databroker-cli/src/sdv_cli.rs
2026-01-18 18:04:54,582 - Knowledge - INFO - process ingested knowledge for /app/data/T0015/307413/b9139i1/kuksa-val/kuksa-val-server/include/interface/ILogger.hpp
2026-01-18 18:04:55,443 - Knowledge - INFO - process ingested knowledge for /app/data/T0015/307413/b9139i1/kuksa-val/kuksa-val-server/src/VssCommandSet.cpp
2026-01-18 18:04:55,480 - Knowledge - INFO - Processing batch of 2 files
2026-01-18 18:04:55,736 - Knowledge - INFO - [LLM_CALL] Completed: VSSTypeSanitizer.cpp:chunk1, Duration: 39095ms, PromptTokens: 3884, CompletionTokens: 527, Cost: $0.00060
2026-01-18 18:04:56,057 - Knowledge - INFO - Async storage completed for 5 embeddings
2026-01-18 18:04:56,774 - Knowledge - INFO - process ingested knowledge for /app/data/T0015/307413/b9139i1/kuksa-val/kuksa-client/README.md
2026-01-18 18:04:56,953 - Knowledge - INFO - done ingest for /app/data/T0015/307413/b9139i1/kuksa-val/kuksa-val-server/src/VSSTypeSanitizer.cpp
2026-01-18 18:04:57,196 - Knowledge - INFO - process ingested knowledge for /app/data/T0015/307413/b9139i1/kuksa-val/kuksa_databroker/databroker-cli/Cargo.toml
2026-01-18 18:04:57,239 - Knowledge - INFO - Async storage completed for 5 embeddings
2026-01-18 18:04:58,742 - Knowledge - INFO - [LLM_CALL] Completed: Authenticator.cpp:chunk1, Duration: 32887ms, PromptTokens: 3352, CompletionTokens: 539, Cost: $0.00055
2026-01-18 18:04:59,083 - Knowledge - INFO - done ingest for /app/data/T0015/307413/b9139i1/kuksa-val/kuksa-val-server/src/Authenticator.cpp
2026-01-18 18:04:59,425 - Knowledge - INFO - [LLM_CALL] Completed: grpc.cmake:chunk1, Duration: 5270ms, PromptTokens: 2426, CompletionTokens: 59, Cost: $0.00027
2026-01-18 18:04:59,651 - Knowledge - INFO - done ingest for /app/data/T0015/307413/b9139i1/kuksa-val/kuksa-val-server/grpc.cmake
2026-01-18 18:04:59,659 - Knowledge - INFO - [LLM_CALL] Completed: VssCommandUnsubscribe.cpp:chunk1, Duration: 33847ms, PromptTokens: 2336, CompletionTokens: 393, Cost: $0.00039
2026-01-18 18:05:00,147 - Knowledge - INFO - done ingest for /app/data/T0015/307413/b9139i1/kuksa-val/kuksa-val-server/src/VssCommandUnsubscribe.cpp
2026-01-18 18:05:00,153 - Knowledge - INFO - [LLM_CALL] Completed: VssCommandSubscribe.cpp:chunk1, Duration: 24463ms, PromptTokens: 2412, CompletionTokens: 388, Cost: $0.00040
2026-01-18 18:05:00,571 - Knowledge - INFO - done ingest for /app/data/T0015/307413/b9139i1/kuksa-val/kuksa-val-server/src/VssCommandSubscribe.cpp
2026-01-18 18:05:00,978 - Knowledge - INFO - process ingested knowledge for /app/data/T0015/307413/b9139i1/kuksa-val/CONTRIBUTING.md
2026-01-18 18:05:02,376 - Knowledge - INFO - done ingest for /app/data/T0015/307413/b9139i1/kuksa-val/kuksa_databroker/databroker/src/viss/v2/types.rs
2026-01-18 18:05:02,558 - Knowledge - INFO - [LLM_CALL] Completed: boost.cmake:chunk1, Duration: 17133ms, PromptTokens: 2600, CompletionTokens: 351, Cost: $0.00040
2026-01-18 18:05:02,976 - Knowledge - INFO - done ingest for /app/data/T0015/307413/b9139i1/kuksa-val/kuksa-val-server/boost.cmake
2026-01-18 18:05:03,168 - Knowledge - INFO - [LLM_CALL] Completed: glob.rs:chunk3, Duration: 11636ms, PromptTokens: 6364, CompletionTokens: 328, Cost: $0.00077
2026-01-18 18:05:03,627 - Knowledge - INFO - done ingest for /app/data/T0015/307413/b9139i1/kuksa-val/kuksa_databroker/databroker/src/glob.rs
2026-01-18 18:05:03,673 - Knowledge - INFO - [WEBSOCKET] Sent: Type=progress_update, Size: 273, Duration: 0ms
2026-01-18 18:05:04,572 - Knowledge - INFO - [WEBSOCKET] Sent: Type=unknown, Size: ?, Duration: 899ms
2026-01-18 18:05:04,970 - Knowledge - INFO - Progress: 79.9% | Files: 196/244 | Rate: 1.43 files/sec | Queue: 0
2026-01-18 18:05:05,519 - Knowledge - INFO - [LLM_CALL] Completed: JsonResponses.cpp:chunk1, Duration: 37100ms, PromptTokens: 4546, CompletionTokens: 561, Cost: $0.00068
2026-01-18 18:05:05,888 - Knowledge - INFO - done ingest for /app/data/T0015/307413/b9139i1/kuksa-val/kuksa-val-server/src/JsonResponses.cpp
2026-01-18 18:05:08,416 - Knowledge - INFO - [LLM_CALL] Completed: JsonResponses.hpp:chunk1, Duration: 39910ms, PromptTokens: 2020, CompletionTokens: 572, Cost: $0.00043
2026-01-18 18:05:08,696 - Knowledge - INFO - done ingest for /app/data/T0015/307413/b9139i1/kuksa-val/kuksa-val-server/include/JsonResponses.hpp
2026-01-18 18:05:10,088 - Knowledge - INFO - [WEBSOCKET] Sent: Type=progress_update, Size: 273, Duration: 0ms
2026-01-18 18:05:10,554 - Knowledge - INFO - [WEBSOCKET] Sent: Type=unknown, Size: ?, Duration: 465ms
2026-01-18 18:05:10,851 - Knowledge - INFO - Progress: 82.4% | Files: 206/244 | Rate: 1.42 files/sec | Queue: 0
2026-01-18 18:05:10,996 - Knowledge - INFO - Processing batch of 4 files
2026-01-18 18:05:11,013 - Knowledge - INFO - Processing batch of 5 files
2026-01-18 18:05:11,105 - Knowledge - INFO - Processing batch of 4 files
2026-01-18 18:05:11,157 - Knowledge - INFO - [LLM_CALL] Completed: ssl_stream.hpp:chunk1, Duration: 27501ms, PromptTokens: 4710, CompletionTokens: 600, Cost: $0.00071
2026-01-18 18:05:11,405 - Knowledge - INFO - process ingested knowledge for /app/data/T0015/307413/b9139i1/kuksa-val/kuksa-val-server/config_grpc_client.ini
2026-01-18 18:05:11,564 - Knowledge - INFO - process ingested knowledge for /app/data/T0015/307413/b9139i1/kuksa-val/kuksa_databroker/databroker/src/main.rs
2026-01-18 18:05:11,863 - Knowledge - INFO - process ingested knowledge for /app/data/T0015/307413/b9139i1/kuksa-val/kuksa-val-server/src/AccessChecker.cpp
2026-01-18 18:05:12,122 - Knowledge - INFO - done ingest for /app/data/T0015/307413/b9139i1/kuksa-val/kuksa-val-server/include/ssl_stream.hpp
2026-01-18 18:05:12,202 - Knowledge - INFO - Processing batch of 4 files
2026-01-18 18:05:12,216 - Knowledge - INFO - [WEBSOCKET] Sent: Type=progress_update, Size: 273, Duration: 1092ms
2026-01-18 18:05:12,954 - Knowledge - INFO - process ingested knowledge for /app/data/T0015/307413/b9139i1/kuksa-val/kuksa_databroker/databroker/src/types.rs
2026-01-18 18:05:12,967 - Knowledge - INFO - process ingested knowledge for /app/data/T0015/307413/b9139i1/kuksa-val/kuksa-val-server/src/VSSTypeSanitizer.cpp
2026-01-18 18:05:12,996 - Knowledge - INFO - process ingested knowledge for /app/data/T0015/307413/b9139i1/kuksa-val/kuksa-val-server/README.md
2026-01-18 18:05:13,013 - Knowledge - INFO - process ingested knowledge for /app/data/T0015/307413/b9139i1/kuksa-val/kuksa-val-server/include/OverlayLoader.hpp
2026-01-18 18:05:13,265 - Knowledge - INFO - [LLM_CALL] Completed: SubscriptionHandler.hpp:chunk1, Duration: 32200ms, PromptTokens: 2626, CompletionTokens: 801, Cost: $0.00058
2026-01-18 18:05:13,787 - Knowledge - INFO - process ingested knowledge for /app/data/T0015/307413/b9139i1/kuksa-val/kuksa_databroker/databroker/src/grpc/server.rs
2026-01-18 18:05:13,860 - Knowledge - INFO - process ingested knowledge for /app/data/T0015/307413/b9139i1/kuksa-val/kuksa-val-server/src/SubscriptionHandler.cpp
2026-01-18 18:05:14,034 - Knowledge - INFO - process ingested knowledge for /app/data/T0015/307413/b9139i1/kuksa-val/kuksa-val-server/config.ini
2026-01-18 18:05:14,066 - Knowledge - INFO - process ingested knowledge for /app/data/T0015/307413/b9139i1/kuksa-val/kuksa-val-server/grpc.cmake
2026-01-18 18:05:14,108 - Knowledge - INFO - done ingest for /app/data/T0015/307413/b9139i1/kuksa-val/kuksa-val-server/include/SubscriptionHandler.hpp
2026-01-18 18:05:14,169 - Knowledge - INFO - [WEBSOCKET] Sent: Type=unknown, Size: ?, Duration: 3046ms
2026-01-18 18:05:14,452 - Knowledge - INFO - process ingested knowledge for /app/data/T0015/307413/b9139i1/kuksa-val/kuksa_databroker/databroker/src/grpc/sdv_databroker_v1/broker.rs
2026-01-18 18:05:14,471 - Knowledge - INFO - process ingested knowledge for /app/data/T0015/307413/b9139i1/kuksa-val/kuksa-val-server/src/Authenticator.cpp
2026-01-18 18:05:14,685 - Knowledge - INFO - process ingested knowledge for /app/data/T0015/307413/b9139i1/kuksa-val/kuksa-val-server/boost.cmake
2026-01-18 18:05:15,100 - Knowledge - INFO - process ingested knowledge for /app/data/T0015/307413/b9139i1/kuksa-val/kuksa-val-server/protos/README.md
2026-01-18 18:05:15,198 - Knowledge - INFO - Progress: 84.8% | Files: 211/244 | Rate: 1.47 files/sec | Queue: 0
2026-01-18 18:05:15,237 - Knowledge - INFO - [LLM_CALL] Completed: main.cpp:chunk1, Duration: 47623ms, PromptTokens: 6702, CompletionTokens: 660, Cost: $0.00093
2026-01-18 18:05:15,340 - Knowledge - INFO - process ingested knowledge for /app/data/T0015/307413/b9139i1/kuksa-val/kuksa_databroker/databroker/src/grpc/sdv_databroker_v1/conversions.rs
2026-01-18 18:05:15,674 - Knowledge - INFO - process ingested knowledge for /app/data/T0015/307413/b9139i1/kuksa-val/kuksa-val-server/CMakeLists.txt
2026-01-18 18:05:16,002 - Knowledge - INFO - done ingest for /app/data/T0015/307413/b9139i1/kuksa-val/kuksa-val-server/src/main.cpp
2026-01-18 18:05:16,038 - Knowledge - INFO - [LLM_CALL] Completed: grpcHandler.cpp:chunk1, Duration: 36935ms, PromptTokens: 12710, CompletionTokens: 860, Cost: $0.00161
2026-01-18 18:05:16,956 - Knowledge - INFO - done ingest for /app/data/T0015/307413/b9139i1/kuksa-val/kuksa-val-server/src/grpcHandler.cpp
2026-01-18 18:05:17,444 - Knowledge - INFO - [LLM_CALL] Completed: WebSockHttpFlexServer.hpp:chunk1, Duration: 38316ms, PromptTokens: 2388, CompletionTokens: 463, Cost: $0.00042
2026-01-18 18:05:17,665 - Knowledge - INFO - done ingest for /app/data/T0015/307413/b9139i1/kuksa-val/kuksa-val-server/include/WebSockHttpFlexServer.hpp
2026-01-18 18:05:18,608 - Knowledge - INFO - Processing batch of 5 files
2026-01-18 18:05:18,899 - Knowledge - INFO - process ingested knowledge for /app/data/T0015/307413/b9139i1/kuksa-val/kuksa_databroker/databroker/src/viss/mod.rs
2026-01-18 18:05:18,973 - Knowledge - INFO - [LLM_CALL] Completed: VSSPath.cpp:chunk1, Duration: 56571ms, PromptTokens: 2814, CompletionTokens: 703, Cost: $0.00056
2026-01-18 18:05:19,244 - Knowledge - INFO - done ingest for /app/data/T0015/307413/b9139i1/kuksa-val/kuksa-val-server/src/VSSPath.cpp
2026-01-18 18:05:19,451 - Knowledge - INFO - [LLM_CALL] Completed: VSSRequestJsonSchema.hpp:chunk1, Duration: 34116ms, PromptTokens: 4738, CompletionTokens: 187, Cost: $0.00055
2026-01-18 18:05:19,778 - Knowledge - INFO - done ingest for /app/data/T0015/307413/b9139i1/kuksa-val/kuksa-val-server/include/VSSRequestJsonSchema.hpp
2026-01-18 18:05:19,784 - Knowledge - INFO - [LLM_CALL] Completed: VSSRequestValidator.cpp:chunk1, Duration: 61775ms, PromptTokens: 2758, CompletionTokens: 852, Cost: $0.00062
2026-01-18 18:05:20,107 - Knowledge - INFO - done ingest for /app/data/T0015/307413/b9139i1/kuksa-val/kuksa-val-server/src/VSSRequestValidator.cpp
2026-01-18 18:05:20,164 - Knowledge - INFO - process ingested knowledge for /app/data/T0015/307413/b9139i1/kuksa-val/kuksa_databroker/databroker/src/glob.rs
2026-01-18 18:05:21,058 - Knowledge - INFO - [WEBSOCKET] Sent: Type=progress_update, Size: 274, Duration: 0ms
2026-01-18 18:05:21,310 - Knowledge - INFO - [LLM_CALL] Completed: VssCommandGet.cpp:chunk1, Duration: 55130ms, PromptTokens: 2876, CompletionTokens: 511, Cost: $0.00049
2026-01-18 18:05:21,533 - Knowledge - INFO - done ingest for /app/data/T0015/307413/b9139i1/kuksa-val/kuksa-val-server/src/VssCommandGet.cpp
2026-01-18 18:05:21,556 - Knowledge - INFO - [WEBSOCKET] Sent: Type=unknown, Size: ?, Duration: 498ms
2026-01-18 18:05:21,903 - Knowledge - INFO - Progress: 90.2% | Files: 221/244 | Rate: 1.41 files/sec | Queue: 0
2026-01-18 18:05:21,919 - Knowledge - INFO - Processing batch of 4 files
2026-01-18 18:05:21,946 - Knowledge - INFO - [LLM_CALL] Completed: MQTTPublisher.cpp:chunk1, Duration: 41793ms, PromptTokens: 4172, CompletionTokens: 629, Cost: $0.00067
2026-01-18 18:05:21,999 - Knowledge - INFO - process ingested knowledge for /app/data/T0015/307413/b9139i1/kuksa-val/kuksa_databroker/databroker/src/permissions.rs
2026-01-18 18:05:22,264 - Knowledge - INFO - process ingested knowledge for /app/data/T0015/307413/b9139i1/kuksa-val/kuksa-val-server/include/Authenticator.hpp
2026-01-18 18:05:22,411 - Knowledge - INFO - done ingest for /app/data/T0015/307413/b9139i1/kuksa-val/kuksa-val-server/src/MQTTPublisher.cpp
2026-01-18 18:05:22,795 - Knowledge - INFO - [LLM_CALL] Completed: VssCommandProcessor.cpp:chunk1, Duration: 60621ms, PromptTokens: 5744, CompletionTokens: 721, Cost: $0.00086
2026-01-18 18:05:22,879 - Knowledge - INFO - process ingested knowledge for /app/data/T0015/307413/b9139i1/kuksa-val/kuksa_databroker/databroker/src/vss.rs
2026-01-18 18:05:22,880 - Knowledge - INFO - process ingested knowledge for /app/data/T0015/307413/b9139i1/kuksa-val/kuksa-val-server/include/SubscriptionHandler.hpp
2026-01-18 18:05:22,996 - Knowledge - INFO - done ingest for /app/data/T0015/307413/b9139i1/kuksa-val/kuksa-val-server/src/VssCommandProcessor.cpp
2026-01-18 18:05:23,915 - Knowledge - INFO - Processing batch of 4 files
2026-01-18 18:05:23,939 - Knowledge - INFO - Processing batch of 4 files
2026-01-18 18:05:23,945 - Knowledge - INFO - process ingested knowledge for /app/data/T0015/307413/b9139i1/kuksa-val/kuksa-val-server/include/exception.hpp
2026-01-18 18:05:24,080 - Knowledge - INFO - Processing batch of 4 files
2026-01-18 18:05:24,230 - Knowledge - INFO - process ingested knowledge for /app/data/T0015/307413/b9139i1/kuksa-val/kuksa-val-server/src/Readme.md
2026-01-18 18:05:24,366 - Knowledge - INFO - process ingested knowledge for /app/data/T0015/307413/b9139i1/kuksa-val/kuksa-val-server/include/AccessChecker.hpp
2026-01-18 18:05:24,629 - Knowledge - INFO - process ingested knowledge for /app/data/T0015/307413/b9139i1/kuksa-val/kuksa-val-server/src/VSSPath.cpp
2026-01-18 18:05:24,863 - Knowledge - INFO - [WEBSOCKET] Sent: Type=progress_update, Size: 273, Duration: 0ms
2026-01-18 18:05:24,879 - Knowledge - INFO - process ingested knowledge for /app/data/T0015/307413/b9139i1/kuksa-val/kuksa_databroker/databroker/Cross.toml
2026-01-18 18:05:24,896 - Knowledge - INFO - process ingested knowledge for /app/data/T0015/307413/b9139i1/kuksa-val/kuksa-val-server/include/VssDatabase_Record.hpp
2026-01-18 18:05:25,036 - Knowledge - INFO - process ingested knowledge for /app/data/T0015/307413/b9139i1/kuksa-val/kuksa-val-server/src/JsonResponses.cpp
2026-01-18 18:05:25,084 - Knowledge - INFO - process ingested knowledge for /app/data/T0015/307413/b9139i1/kuksa-val/kuksa-val-server/include/ssl_stream.hpp
2026-01-18 18:05:25,166 - Knowledge - INFO - process ingested knowledge for /app/data/T0015/307413/b9139i1/kuksa-val/kuksa-val-server/src/OverlayLoader.cpp
2026-01-18 18:05:25,241 - Knowledge - INFO - [WEBSOCKET] Sent: Type=unknown, Size: ?, Duration: 379ms
2026-01-18 18:05:26,029 - Knowledge - INFO - Progress: 94.3% | Files: 231/244 | Rate: 1.43 files/sec | Queue: 0
2026-01-18 18:05:26,031 - Knowledge - INFO - Processing batch of 4 files
2026-01-18 18:05:26,198 - Knowledge - INFO - process ingested knowledge for /app/data/T0015/307413/b9139i1/kuksa-val/kuksa-val-server/src/main.cpp
2026-01-18 18:05:26,281 - Knowledge - INFO - process ingested knowledge for /app/data/T0015/307413/b9139i1/kuksa-val/kuksa-val-server/include/VssDatabase.hpp
2026-01-18 18:05:26,411 - Knowledge - INFO - process ingested knowledge for /app/data/T0015/307413/b9139i1/kuksa-val/kuksa-val-server/include/JsonResponses.hpp
2026-01-18 18:05:27,044 - Knowledge - WARNING - Timeout processing /app/data/T0015/307413/b9139i1/kuksa-val/kuksa_databroker/databroker/src/viss/server.rs after 90s - using fallback metadata
2026-01-18 18:05:27,060 - Knowledge - INFO - process ingested knowledge for /app/data/T0015/307413/b9139i1/kuksa-val/kuksa-val-server/src/BasicLogger.cpp
2026-01-18 18:05:27,807 - Knowledge - INFO - process ingested knowledge for /app/data/T0015/307413/b9139i1/kuksa-val/kuksa-val-server/src/VssCommandSubscribe.cpp
2026-01-18 18:05:27,814 - Knowledge - INFO - process ingested knowledge for /app/data/T0015/307413/b9139i1/kuksa-val/kuksa-val-server/include/MQTTPublisher.hpp
2026-01-18 18:05:28,966 - Knowledge - INFO - process ingested knowledge for /app/data/T0015/307413/b9139i1/kuksa-val/kuksa-val-server/src/grpcHandler.cpp
2026-01-18 18:05:29,108 - Knowledge - INFO - [LLM_CALL] Completed: VssDatabase.cpp:chunk1, Duration: 54261ms, PromptTokens: 10218, CompletionTokens: 1114, Cost: $0.00147
2026-01-18 18:05:29,224 - Knowledge - INFO - process ingested knowledge for /app/data/T0015/307413/b9139i1/kuksa-val/kuksa-val-server/include/VSSPath.hpp
2026-01-18 18:05:29,263 - Knowledge - INFO - process ingested knowledge for /app/data/T0015/307413/b9139i1/kuksa-val/kuksa-val-server/include/WebSockHttpFlexServer.hpp
2026-01-18 18:05:29,338 - Knowledge - INFO - done ingest for /app/data/T0015/307413/b9139i1/kuksa-val/kuksa-val-server/src/VssDatabase.cpp
2026-01-18 18:05:29,377 - Knowledge - INFO - [LLM_CALL] Completed: WebSockHttpFlexServer.cpp:chunk1, Duration: 56685ms, PromptTokens: 20754, CompletionTokens: 1822, Cost: $0.00280
2026-01-18 18:05:29,722 - Knowledge - INFO - done ingest for /app/data/T0015/307413/b9139i1/kuksa-val/kuksa-val-server/src/WebSockHttpFlexServer.cpp
2026-01-18 18:05:29,736 - Knowledge - INFO - process ingested knowledge for /app/data/T0015/307413/b9139i1/kuksa-val/kuksa-val-server/include/VSSRequestJsonSchema.hpp
2026-01-18 18:05:30,354 - Knowledge - INFO - [WEBSOCKET] Sent: Type=progress_update, Size: 273, Duration: 0ms
2026-01-18 18:05:30,504 - Knowledge - INFO - [WEBSOCKET] Sent: Type=unknown, Size: ?, Duration: 149ms
2026-01-18 18:05:30,704 - Knowledge - INFO - Progress: 96.7% | Files: 240/244 | Rate: 1.44 files/sec | Queue: 0
2026-01-18 18:05:30,726 - Knowledge - INFO - Processing batch of 5 files
2026-01-18 18:05:30,789 - Knowledge - INFO - Processing batch of 4 files
2026-01-18 18:05:30,793 - Knowledge - INFO - Processing batch of 4 files
2026-01-18 18:05:31,015 - Knowledge - INFO - process ingested knowledge for /app/data/T0015/307413/b9139i1/kuksa-val/kuksa_databroker/databroker/src/viss/v2/types.rs
2026-01-18 18:05:31,094 - Knowledge - INFO - process ingested knowledge for /app/data/T0015/307413/b9139i1/kuksa-val/kuksa-val-server/src/VSSRequestValidator.cpp
2026-01-18 18:05:31,182 - Knowledge - INFO - process ingested knowledge for /app/data/T0015/307413/b9139i1/kuksa-val/kuksa-val-server/src/CMakeLists.txt
2026-01-18 18:05:31,263 - Knowledge - INFO - process ingested knowledge for /app/data/T0015/307413/b9139i1/kuksa-val/kuksa_databroker/databroker/src/viss/v2/conversions.rs
2026-01-18 18:05:31,382 - Knowledge - INFO - process ingested knowledge for /app/data/T0015/307413/b9139i1/kuksa-val/kuksa-val-server/src/VssCommandProcessor.cpp
2026-01-18 18:05:31,463 - Knowledge - INFO - process ingested knowledge for /app/data/T0015/307413/b9139i1/kuksa-val/kuksa-val-server/src/VssCommandUnsubscribe.cpp
2026-01-18 18:05:31,537 - Knowledge - INFO - process ingested knowledge for /app/data/T0015/307413/b9139i1/kuksa-val/kuksa_databroker/databroker/src/viss/v2/server.rs
2026-01-18 18:05:31,623 - Knowledge - INFO - process ingested knowledge for /app/data/T0015/307413/b9139i1/kuksa-val/kuksa-val-server/src/VssCommandGet.cpp
2026-01-18 18:05:31,731 - Knowledge - INFO - process ingested knowledge for /app/data/T0015/307413/b9139i1/kuksa-val/kuksa-val-server/src/WebSockHttpFlexServer.cpp
2026-01-18 18:05:31,804 - Knowledge - INFO - process ingested knowledge for /app/data/T0015/307413/b9139i1/kuksa-val/kuksa_databroker/databroker/src/viss/v2/mod.rs
2026-01-18 18:05:31,888 - Knowledge - INFO - process ingested knowledge for /app/data/T0015/307413/b9139i1/kuksa-val/kuksa-val-server/src/VssDatabase.cpp
2026-01-18 18:05:31,973 - Knowledge - INFO - process ingested knowledge for /app/data/T0015/307413/b9139i1/kuksa-val/kuksa-val-server/src/MQTTPublisher.cpp
2026-01-18 18:05:32,057 - Knowledge - INFO - process ingested knowledge for /app/data/T0015/307413/b9139i1/kuksa-val/kuksa_databroker/databroker/src/viss/server.rs
2026-01-18 18:05:32,866 - Knowledge - INFO - [WEBSOCKET] Sent: Type=progress_update, Size: 272, Duration: 0ms
2026-01-18 18:05:33,069 - Knowledge - INFO - [WEBSOCKET] Sent: Type=unknown, Size: ?, Duration: 203ms
2026-01-18 18:05:33,269 - Knowledge - INFO - Progress: 100.0% | Files: 244/244 | Rate: 1.44 files/sec | Queue: 0
2026-01-18 18:05:33,459 - Knowledge - INFO - Knowledge creation complete
2026-01-18 18:05:33,660 - Knowledge - INFO - ==================================================
2026-01-18 18:05:33,866 - Knowledge - INFO - KNOWLEDGE GRAPH GENERATION PERFORMANCE SUMMARY
2026-01-18 18:05:34,059 - Knowledge - INFO - ==================================================
2026-01-18 18:05:34,242 - Knowledge - INFO - Total processing time: 170.39 seconds (2.84 minutes)
2026-01-18 18:05:34,446 - Knowledge - INFO - Files processed: 0
2026-01-18 18:05:34,643 - Knowledge - INFO - Processing rate: 0.00 files/second
2026-01-18 18:05:34,838 - Knowledge - INFO - 
[TIME_BREAKDOWN]
2026-01-18 18:05:35,079 - Knowledge - INFO - File Reading: 0.00s (0.0%)
2026-01-18 18:05:35,304 - Knowledge - INFO - LLM Processing: 1801.20s (1057.1%)
2026-01-18 18:05:35,492 - Knowledge - INFO - MongoDB Operations: 0.00s (0.0%)
2026-01-18 18:05:35,719 - Knowledge - INFO - Redis Operations: 0.00s (0.0%)
2026-01-18 18:05:35,910 - Knowledge - INFO - WebSocket Communication: 29.72s (17.4%)
2026-01-18 18:05:36,113 - Knowledge - INFO - 
[LLM_STATS]
2026-01-18 18:05:36,285 - Knowledge - INFO - Total LLM calls: 61
2026-01-18 18:05:36,446 - Knowledge - INFO - Average LLM response time: 29528ms
2026-01-18 18:05:36,609 - Knowledge - INFO - Average prompt tokens: 6621.7
2026-01-18 18:05:36,806 - Knowledge - INFO - Average completion tokens: 695.0
2026-01-18 18:05:37,007 - Knowledge - INFO - Total prompt tokens: 403926
2026-01-18 18:05:37,164 - Knowledge - INFO - Total completion tokens: 42395
2026-01-18 18:05:37,340 - Knowledge - INFO - Total LLM cost: $0.0574
2026-01-18 18:05:37,528 - Knowledge - INFO - 
[DATABASE_STATS]
2026-01-18 18:05:37,703 - Knowledge - INFO - MongoDB operations: 0
2026-01-18 18:05:37,864 - Knowledge - INFO - Redis operations: 0
2026-01-18 18:05:38,058 - Knowledge - INFO - 
[COMMUNICATION_STATS]
2026-01-18 18:05:38,228 - Knowledge - INFO - WebSocket messages sent: 43
2026-01-18 18:05:38,390 - Knowledge - INFO - Average message size: 142.0 bytes
2026-01-18 18:05:38,573 - Knowledge - INFO - 
[WORKER_STATS]
2026-01-18 18:05:38,756 - Knowledge - INFO - 
[FILE_TYPE_STATS]
2026-01-18 18:05:38,948 - Knowledge - INFO - 
[SLOWEST_FILES]
2026-01-18 18:05:39,140 - Knowledge - INFO - ==================================================
2026-01-18 18:05:39,343 - Knowledge - INFO - ==================================================
2026-01-18 18:05:39,526 - Knowledge - INFO - KNOWLEDGE GRAPH GENERATION PERFORMANCE SUMMARY
2026-01-18 18:05:39,685 - Knowledge - INFO - ==================================================
2026-01-18 18:05:39,898 - Knowledge - INFO - Total processing time: 176.14 seconds (2.94 minutes)
2026-01-18 18:05:40,051 - Knowledge - INFO - Files processed: 244 of 244
2026-01-18 18:05:40,247 - Knowledge - INFO - Processing rate: 1.39 files/second
2026-01-18 18:05:40,437 - Knowledge - INFO - WebSocket messages sent: 21
2026-01-18 18:05:40,592 - Knowledge - INFO - MongoDB operations: 244
2026-01-18 18:05:40,790 - Knowledge - INFO - Average MongoDB ops per file: 1.00
2026-01-18 18:05:40,991 - Knowledge - INFO - LLM costs: $0.0637
2026-01-18 18:05:41,168 - Knowledge - INFO - Prompt tokens: 444638
2026-01-18 18:05:41,346 - Knowledge - INFO - Completion tokens: 48060
2026-01-18 18:05:41,551 - Knowledge - INFO - Updating org costs, total cost: 0.06368780000000002
2026-01-18 18:05:42,464 - Knowledge - INFO - [WEBSOCKET] Sent: Type=progress_update, Size: 268, Duration: 0ms
2026-01-18 18:05:42,627 - Knowledge - INFO - Saving knowledge to Redis...
2026-01-18 18:05:43,015 - Knowledge - INFO - Knowledge saved to Redis successfully
