2026-01-18 18:03:16,689 - Knowledge - INFO - Created shared MongoDB connection pool
2026-01-18 18:03:17,017 - Knowledge - INFO - Starting Knowledge Graph processing with 20 threads
2026-01-18 18:03:17,173 - Knowledge - INFO - Initial configuration: chunk_size=65536, max_cache_size=500
2026-01-18 18:03:17,366 - Knowledge - INFO - Knowledge Graph concurrency configuration: workers=20, max_batch_size=10, max_concurrent_llm_calls=50
2026-01-18 18:03:18,894 - Knowledge - INFO - 🔍 _load_persisted_knowledge called - checking for Redis optimization
2026-01-18 18:03:19,053 - Knowledge - WARNING - ❌ load_from_redis method not found - Redis support not attached
2026-01-18 18:03:19,229 - Knowledge - INFO - load persisted knowledge: begin
2026-01-18 18:03:19,641 - Knowledge - INFO - Loaded 0 files from persisted knowledge
2026-01-18 18:03:19,794 - Knowledge - INFO - load persisted knowledge: end
2026-01-18 18:03:19,999 - Knowledge - WARNING - No persisted knowledge found. Files will be queued during start()
2026-01-18 18:03:20,242 - Knowledge - INFO - Redis support added with prefix knowledge:b4824bb:
2026-01-18 18:03:20,555 - Knowledge - INFO - Starting knowledge initialization for ID: IL19R8-b4824bb
2026-01-18 18:03:20,699 - Knowledge - INFO - 🔍 Checking Redis for build_id: b4824bb
2026-01-18 18:03:20,842 - Knowledge - INFO - 🔍 Full session ID: IL19R8-b4824bb
2026-01-18 18:03:21,048 - Knowledge - INFO - 🔍 Redis prefix will be: knowledge:b4824bb:
2026-01-18 18:03:21,207 - Knowledge - INFO - 🔍 Using attached load_from_redis() method
2026-01-18 18:03:21,405 - Knowledge - INFO - 🔍 Attempting to load knowledge from Redis...
2026-01-18 18:03:21,560 - Knowledge - INFO - 🔍 Using derived instance_id for Redis lookup: b4824bb
2026-01-18 18:03:21,759 - Knowledge - WARNING - ❌ No Redis cache found
2026-01-18 18:03:21,934 - Knowledge - INFO - 📁 Loading knowledge from disk...
2026-01-18 18:03:22,157 - Knowledge - INFO - load persisted docinfo: begin
2026-01-18 18:03:22,323 - Knowledge - INFO - load persisted docinfo: end
2026-01-18 18:03:22,524 - Knowledge - INFO - 🔍 _load_persisted_knowledge called - checking for Redis optimization
2026-01-18 18:03:22,745 - Knowledge - INFO - ✅ load_from_redis method found - attempting Redis load
2026-01-18 18:03:22,927 - Knowledge - INFO - 🔍 Attempting to load knowledge from Redis...
2026-01-18 18:03:23,099 - Knowledge - INFO - 🔍 Using derived instance_id for Redis lookup: b4824bb
2026-01-18 18:03:23,257 - Knowledge - WARNING - ❌ No Redis cache found
2026-01-18 18:03:23,419 - Knowledge - INFO - ❌ Redis load returned False - falling back to file loading
2026-01-18 18:03:23,596 - Knowledge - INFO - load persisted knowledge: begin
2026-01-18 18:03:23,749 - Knowledge - INFO - Loaded 0 files from persisted knowledge
2026-01-18 18:03:23,894 - Knowledge - INFO - load persisted knowledge: end
2026-01-18 18:03:24,054 - Knowledge - INFO - 📁 Disk load complete in 1.94s
2026-01-18 18:03:24,264 - Knowledge - INFO - Populating ingest queue with source files...
2026-01-18 18:03:24,563 - Knowledge - INFO - Added 150 files from /app/data/T0015/307413/b4824bb/kuksa-val to ingest queue
2026-01-18 18:03:24,782 - Knowledge - INFO - [WEBSOCKET] Sent: Type=progress_update, Size: 160, Duration: 0ms
2026-01-18 18:03:24,975 - Knowledge - INFO - Worker kw1 created using shared MongoDB connection pool
2026-01-18 18:03:25,172 - Knowledge - INFO - knowledge worker kw1 start
2026-01-18 18:03:25,172 - Knowledge - INFO - Worker kw2 created using shared MongoDB connection pool
2026-01-18 18:03:25,344 - Knowledge - INFO - [kw1] Queue=150, InProgress=0, PendingWorkers=0/1, Completed=0/150 (0.0%)
2026-01-18 18:03:25,471 - Knowledge - INFO - knowledge worker kw2 start
2026-01-18 18:03:25,472 - Knowledge - INFO - Worker kw3 created using shared MongoDB connection pool
2026-01-18 18:03:25,552 - Knowledge - INFO - Batch sizing: calculated=5, max_allowed=10, queue=150, active_workers=0/2
2026-01-18 18:03:25,630 - Knowledge - INFO - [kw2] Queue=150, InProgress=0, PendingWorkers=0/2, Completed=0/150 (0.0%)
2026-01-18 18:03:25,756 - Knowledge - INFO - knowledge worker kw3 start
2026-01-18 18:03:25,756 - Knowledge - INFO - Worker kw4 created using shared MongoDB connection pool
2026-01-18 18:03:25,829 - Knowledge - INFO - Worker kw1 processing /app/data/T0015/307413/b4824bb/kuksa-val/test/stresstest/config.ini
2026-01-18 18:03:25,899 - Knowledge - INFO - Batch sizing: calculated=5, max_allowed=10, queue=150, active_workers=1/3
2026-01-18 18:03:25,987 - Knowledge - INFO - [kw3] Queue=145, InProgress=0, PendingWorkers=1/3, Completed=0/150 (0.0%)
2026-01-18 18:03:26,070 - Knowledge - INFO - knowledge worker kw4 start
2026-01-18 18:03:26,070 - Knowledge - INFO - Worker kw5 created using shared MongoDB connection pool
2026-01-18 18:03:26,222 - Knowledge - INFO - Fast-tracked /app/data/T0015/307413/b4824bb/kuksa-val/test/stresstest/config.ini (ext=.ini, size=119)
2026-01-18 18:03:26,307 - Knowledge - INFO - Worker kw2 processing /app/data/T0015/307413/b4824bb/kuksa-val/test/stresstest/README.md
2026-01-18 18:03:26,408 - Knowledge - INFO - Batch sizing: calculated=5, max_allowed=10, queue=145, active_workers=2/4
2026-01-18 18:03:26,536 - Knowledge - INFO - [kw4] Queue=140, InProgress=0, PendingWorkers=2/4, Completed=0/150 (0.0%)
2026-01-18 18:03:26,612 - Knowledge - INFO - knowledge worker kw5 start
2026-01-18 18:03:26,612 - Knowledge - INFO - Worker kw6 created using shared MongoDB connection pool
2026-01-18 18:03:26,697 - Knowledge - INFO - Worker kw1 processing /app/data/T0015/307413/b4824bb/kuksa-val/test/stresstest/broker.py
2026-01-18 18:03:26,769 - Knowledge - INFO - Fast-tracked /app/data/T0015/307413/b4824bb/kuksa-val/test/stresstest/README.md (ext=.md, size=1616)
2026-01-18 18:03:26,863 - Knowledge - INFO - Worker kw3 processing /app/data/T0015/307413/b4824bb/kuksa-val/kuksa_certificates/jwt/requirements.txt
2026-01-18 18:03:26,950 - Knowledge - INFO - Batch sizing: calculated=5, max_allowed=10, queue=140, active_workers=3/5
2026-01-18 18:03:27,051 - Knowledge - INFO - [kw5] Queue=135, InProgress=0, PendingWorkers=3/5, Completed=0/150 (0.0%)
2026-01-18 18:03:27,130 - Knowledge - INFO - knowledge worker kw6 start
2026-01-18 18:03:27,130 - Knowledge - INFO - Worker kw7 created using shared MongoDB connection pool
2026-01-18 18:03:27,219 - Knowledge - INFO - Fast-tracked /app/data/T0015/307413/b4824bb/kuksa-val/test/stresstest/broker.py (ext=.py, size=1694)
2026-01-18 18:03:27,300 - Knowledge - INFO - Worker kw2 processing /app/data/T0015/307413/b4824bb/kuksa-val/test/stresstest/subscriber.py
2026-01-18 18:03:27,392 - Knowledge - INFO - Fast-tracked /app/data/T0015/307413/b4824bb/kuksa-val/kuksa_certificates/jwt/requirements.txt (ext=.txt, size=34)
2026-01-18 18:03:27,475 - Knowledge - INFO - Worker kw4 processing /app/data/T0015/307413/b4824bb/kuksa-val/kuksa_certificates/__init__.py
2026-01-18 18:03:27,571 - Knowledge - INFO - Batch sizing: calculated=5, max_allowed=10, queue=135, active_workers=4/6
2026-01-18 18:03:27,697 - Knowledge - INFO - [kw6] Queue=130, InProgress=0, PendingWorkers=4/6, Completed=0/150 (0.0%)
2026-01-18 18:03:27,761 - Knowledge - INFO - knowledge worker kw7 start
2026-01-18 18:03:27,761 - Knowledge - INFO - Worker kw8 created using shared MongoDB connection pool
2026-01-18 18:03:27,841 - Knowledge - INFO - Worker kw1 processing /app/data/T0015/307413/b4824bb/kuksa-val/test/stresstest/client.py
2026-01-18 18:03:27,922 - Knowledge - INFO - Fast-tracked /app/data/T0015/307413/b4824bb/kuksa-val/test/stresstest/subscriber.py (ext=.py, size=1217)
2026-01-18 18:03:28,043 - Knowledge - INFO - Worker kw3 processing /app/data/T0015/307413/b4824bb/kuksa-val/kuksa_certificates/jwt/super-admin.json
2026-01-18 18:03:28,121 - Knowledge - INFO - Fast-tracked /app/data/T0015/307413/b4824bb/kuksa-val/kuksa_certificates/__init__.py (ext=.py, size=114)
2026-01-18 18:03:28,208 - Knowledge - INFO - Worker kw5 processing /app/data/T0015/307413/b4824bb/kuksa-val/kuksa_apps/s3/readme.md
2026-01-18 18:03:28,299 - Knowledge - INFO - Batch sizing: calculated=5, max_allowed=10, queue=130, active_workers=5/7
2026-01-18 18:03:28,418 - Knowledge - INFO - [kw7] Queue=125, InProgress=0, PendingWorkers=5/7, Completed=0/150 (0.0%)
2026-01-18 18:03:28,526 - Knowledge - INFO - knowledge worker kw8 start
2026-01-18 18:03:28,526 - Knowledge - INFO - Worker kw9 created using shared MongoDB connection pool
2026-01-18 18:03:28,648 - Knowledge - INFO - Fast-tracked /app/data/T0015/307413/b4824bb/kuksa-val/test/stresstest/client.py (ext=.py, size=1441)
2026-01-18 18:03:28,727 - Knowledge - INFO - Worker kw2 processing /app/data/T0015/307413/b4824bb/kuksa-val/test/stresstest/stresstest.py
2026-01-18 18:03:28,841 - Knowledge - INFO - Fast-tracked /app/data/T0015/307413/b4824bb/kuksa-val/kuksa_certificates/jwt/super-admin.json (ext=.json, size=175)
2026-01-18 18:03:28,927 - Knowledge - INFO - Worker kw4 processing /app/data/T0015/307413/b4824bb/kuksa-val/kuksa_apps/s3/s3_uploader.py
2026-01-18 18:03:29,045 - Knowledge - INFO - Fast-tracked /app/data/T0015/307413/b4824bb/kuksa-val/kuksa_apps/s3/readme.md (ext=.md, size=3250)
2026-01-18 18:03:29,125 - Knowledge - INFO - Worker kw6 processing /app/data/T0015/307413/b4824bb/kuksa-val/kuksa_apps/node-red/mqtt/settings.js
2026-01-18 18:03:29,217 - Knowledge - INFO - Batch sizing: calculated=5, max_allowed=10, queue=125, active_workers=6/8
2026-01-18 18:03:29,297 - Knowledge - INFO - [kw8] Queue=120, InProgress=0, PendingWorkers=6/8, Completed=0/150 (0.0%)
2026-01-18 18:03:29,380 - Knowledge - INFO - knowledge worker kw9 start
2026-01-18 18:03:29,381 - Knowledge - INFO - Worker kw10 created using shared MongoDB connection pool
2026-01-18 18:03:29,461 - Knowledge - INFO - Worker kw1 processing /app/data/T0015/307413/b4824bb/kuksa-val/test/stresstest/server.py
2026-01-18 18:03:29,532 - Knowledge - INFO - Fast-tracked /app/data/T0015/307413/b4824bb/kuksa-val/test/stresstest/stresstest.py (ext=.py, size=1748)
2026-01-18 18:03:29,626 - Knowledge - INFO - Worker kw3 processing /app/data/T0015/307413/b4824bb/kuksa-val/kuksa_certificates/jwt/README.md
2026-01-18 18:03:29,727 - Knowledge - INFO - Worker kw4 processing /app/data/T0015/307413/b4824bb/kuksa-val/kuksa_apps/s3/config.ini
2026-01-18 18:03:29,820 - Knowledge - INFO - Worker kw5 processing /app/data/T0015/307413/b4824bb/kuksa-val/kuksa_apps/node-red/kuksa_config/gpsd_feeder.ini
2026-01-18 18:03:29,905 - Knowledge - INFO - Worker kw6 processing /app/data/T0015/307413/b4824bb/kuksa-val/kuksa_apps/node-red/mqtt/flows.json
2026-01-18 18:03:29,982 - Knowledge - INFO - Worker kw7 processing /app/data/T0015/307413/b4824bb/kuksa-val/kuksa_apps/node-red/docker-compose.yml
2026-01-18 18:03:30,087 - Knowledge - INFO - Batch sizing: calculated=5, max_allowed=10, queue=120, active_workers=7/9
2026-01-18 18:03:30,179 - Knowledge - INFO - [kw9] Queue=115, InProgress=0, PendingWorkers=7/9, Completed=0/150 (0.0%)
2026-01-18 18:03:30,271 - Knowledge - INFO - knowledge worker kw10 start
2026-01-18 18:03:30,271 - Knowledge - INFO - Worker kw11 created using shared MongoDB connection pool
2026-01-18 18:03:30,350 - Knowledge - INFO - Fast-tracked /app/data/T0015/307413/b4824bb/kuksa-val/test/stresstest/server.py (ext=.py, size=1981)
2026-01-18 18:03:30,457 - Knowledge - INFO - Worker kw2 processing /app/data/T0015/307413/b4824bb/kuksa-val/test/stresstest/stress.py
2026-01-18 18:03:30,545 - Knowledge - INFO - Fast-tracked /app/data/T0015/307413/b4824bb/kuksa-val/kuksa_certificates/jwt/README.md (ext=.md, size=1057)
2026-01-18 18:03:30,649 - Knowledge - INFO - Fast-tracked /app/data/T0015/307413/b4824bb/kuksa-val/kuksa_apps/s3/config.ini (ext=.ini, size=850)
2026-01-18 18:03:30,743 - Knowledge - INFO - Fast-tracked /app/data/T0015/307413/b4824bb/kuksa-val/kuksa_apps/node-red/kuksa_config/gpsd_feeder.ini (ext=.ini, size=77)
2026-01-18 18:03:30,822 - Knowledge - INFO - Fast-tracked /app/data/T0015/307413/b4824bb/kuksa-val/kuksa_apps/node-red/mqtt/flows.json (ext=.json, size=11537)
2026-01-18 18:03:30,932 - Knowledge - INFO - Fast-tracked /app/data/T0015/307413/b4824bb/kuksa-val/kuksa_apps/node-red/docker-compose.yml (ext=.yml, size=616)
2026-01-18 18:03:31,045 - Knowledge - INFO - Worker kw8 processing /app/data/T0015/307413/b4824bb/kuksa-val/data/vss-core/vss_release_2.2.json
2026-01-18 18:03:31,125 - Knowledge - INFO - Batch sizing: calculated=5, max_allowed=10, queue=115, active_workers=8/10
2026-01-18 18:03:31,208 - Knowledge - INFO - [kw10] Queue=110, InProgress=0, PendingWorkers=8/10, Completed=0/150 (0.0%)
2026-01-18 18:03:31,299 - Knowledge - INFO - knowledge worker kw11 start
2026-01-18 18:03:31,299 - Knowledge - INFO - Worker kw12 created using shared MongoDB connection pool
2026-01-18 18:03:31,379 - Knowledge - INFO - Worker kw1 processing /app/data/T0015/307413/b4824bb/kuksa-val/test/stresstest/config.py
2026-01-18 18:03:31,452 - Knowledge - INFO - Fast-tracked /app/data/T0015/307413/b4824bb/kuksa-val/test/stresstest/stress.py (ext=.py, size=1400)
2026-01-18 18:03:31,524 - Knowledge - INFO - Worker kw3 processing /app/data/T0015/307413/b4824bb/kuksa-val/kuksa_certificates/jwt/single-read.json
2026-01-18 18:03:31,611 - Knowledge - INFO - Worker kw4 processing /app/data/T0015/307413/b4824bb/kuksa-val/kuksa_apps/s3/requirements.txt
2026-01-18 18:03:31,694 - Knowledge - INFO - Worker kw5 processing /app/data/T0015/307413/b4824bb/kuksa-val/kuksa_apps/node-red/kuksa_config/obdfeeder.ini
2026-01-18 18:03:31,774 - Knowledge - INFO - Worker kw6 processing /app/data/T0015/307413/b4824bb/kuksa-val/kuksa_apps/node-red/feeders.yml
2026-01-18 18:03:31,883 - Knowledge - INFO - Worker kw7 processing /app/data/T0015/307413/b4824bb/kuksa-val/kuksa_apps/README.md
2026-01-18 18:03:31,983 - Knowledge - INFO - Fast-tracked /app/data/T0015/307413/b4824bb/kuksa-val/data/vss-core/vss_release_2.2.json (ext=.json, size=320354)
2026-01-18 18:03:32,068 - Knowledge - INFO - Worker kw9 processing /app/data/T0015/307413/b4824bb/kuksa-val/doc/terminology.md
2026-01-18 18:03:32,145 - Knowledge - INFO - Batch sizing: calculated=5, max_allowed=10, queue=110, active_workers=9/11
2026-01-18 18:03:32,262 - Knowledge - INFO - [kw11] Queue=105, InProgress=0, PendingWorkers=9/11, Completed=0/150 (0.0%)
2026-01-18 18:03:32,354 - Knowledge - INFO - knowledge worker kw12 start
2026-01-18 18:03:32,355 - Knowledge - INFO - Worker kw13 created using shared MongoDB connection pool
2026-01-18 18:03:32,434 - Knowledge - INFO - Fast-tracked /app/data/T0015/307413/b4824bb/kuksa-val/test/stresstest/config.py (ext=.py, size=1038)
2026-01-18 18:03:32,558 - Knowledge - INFO - Worker kw2 processing /app/data/T0015/307413/b4824bb/kuksa-val/kuksa_certificates/jwt/all-read-write.json
2026-01-18 18:03:32,650 - Knowledge - INFO - Fast-tracked /app/data/T0015/307413/b4824bb/kuksa-val/kuksa_certificates/jwt/single-read.json (ext=.json, size=167)
2026-01-18 18:03:32,737 - Knowledge - INFO - Fast-tracked /app/data/T0015/307413/b4824bb/kuksa-val/kuksa_apps/s3/requirements.txt (ext=.txt, size=1097)
2026-01-18 18:03:32,818 - Knowledge - INFO - Fast-tracked /app/data/T0015/307413/b4824bb/kuksa-val/kuksa_apps/node-red/kuksa_config/obdfeeder.ini (ext=.ini, size=217)
2026-01-18 18:03:32,894 - Knowledge - INFO - Fast-tracked /app/data/T0015/307413/b4824bb/kuksa-val/kuksa_apps/node-red/feeders.yml (ext=.yml, size=727)
2026-01-18 18:03:32,993 - Knowledge - INFO - Fast-tracked /app/data/T0015/307413/b4824bb/kuksa-val/kuksa_apps/README.md (ext=.md, size=379)
2026-01-18 18:03:33,105 - Knowledge - INFO - Worker kw8 processing /app/data/T0015/307413/b4824bb/kuksa-val/data/vss-core/vss_release_4.0.json
2026-01-18 18:03:33,224 - Knowledge - INFO - Fast-tracked /app/data/T0015/307413/b4824bb/kuksa-val/doc/terminology.md (ext=.md, size=8550)
2026-01-18 18:03:33,304 - Knowledge - INFO - Worker kw10 processing /app/data/T0015/307413/b4824bb/kuksa-val/doc/quickstart.md
2026-01-18 18:03:33,410 - Knowledge - INFO - Batch sizing: calculated=5, max_allowed=10, queue=105, active_workers=10/12
2026-01-18 18:03:33,511 - Knowledge - INFO - [kw12] Queue=100, InProgress=0, PendingWorkers=10/12, Completed=0/150 (0.0%)
2026-01-18 18:03:33,626 - Knowledge - INFO - knowledge worker kw13 start
2026-01-18 18:03:33,627 - Knowledge - INFO - Worker kw14 created using shared MongoDB connection pool
2026-01-18 18:03:33,738 - Knowledge - INFO - Processing batch of 5 files
2026-01-18 18:03:33,814 - Knowledge - INFO - Fast-tracked /app/data/T0015/307413/b4824bb/kuksa-val/kuksa_certificates/jwt/all-read-write.json (ext=.json, size=151)
2026-01-18 18:03:33,905 - Knowledge - INFO - Worker kw3 processing /app/data/T0015/307413/b4824bb/kuksa-val/kuksa_certificates/README.md
2026-01-18 18:03:34,003 - Knowledge - INFO - Worker kw4 processing /app/data/T0015/307413/b4824bb/kuksa-val/kuksa_apps/s3/pyarrow_mapping.py
2026-01-18 18:03:34,077 - Knowledge - INFO - Worker kw5 processing /app/data/T0015/307413/b4824bb/kuksa-val/kuksa_apps/node-red/websocket-advanced.json
2026-01-18 18:03:34,195 - Knowledge - INFO - Worker kw6 processing /app/data/T0015/307413/b4824bb/kuksa-val/kuksa_apps/node-red/websocket-subscription.json
2026-01-18 18:03:34,269 - Knowledge - INFO - Worker kw7 processing /app/data/T0015/307413/b4824bb/kuksa-val/data/vss-core/vss_release_3.0.json
2026-01-18 18:03:34,384 - Knowledge - INFO - Fast-tracked /app/data/T0015/307413/b4824bb/kuksa-val/data/vss-core/vss_release_4.0.json (ext=.json, size=259898)
2026-01-18 18:03:34,455 - Knowledge - INFO - Worker kw9 processing /app/data/T0015/307413/b4824bb/kuksa-val/doc/system-architecture.md
2026-01-18 18:03:34,538 - Knowledge - INFO - Fast-tracked /app/data/T0015/307413/b4824bb/kuksa-val/doc/quickstart.md (ext=.md, size=6385)
2026-01-18 18:03:34,620 - Knowledge - INFO - Worker kw11 processing /app/data/T0015/307413/b4824bb/kuksa-val/doc/KUKSA.val_server/liveUpdateVSSTree.md
2026-01-18 18:03:34,705 - Knowledge - INFO - Batch sizing: calculated=4, max_allowed=10, queue=100, active_workers=11/13
2026-01-18 18:03:34,779 - Knowledge - INFO - [kw13] Queue=95, InProgress=0, PendingWorkers=11/13, Completed=5/150 (3.3%)
2026-01-18 18:03:34,893 - Knowledge - INFO - knowledge worker kw14 start
2026-01-18 18:03:34,894 - Knowledge - INFO - Worker kw15 created using shared MongoDB connection pool
2026-01-18 18:03:34,978 - Knowledge - INFO - process ingested knowledge for /app/data/T0015/307413/b4824bb/kuksa-val/test/stresstest/config.ini
2026-01-18 18:03:35,104 - Knowledge - INFO - Processing batch of 5 files
2026-01-18 18:03:35,172 - Knowledge - INFO - Fast-tracked /app/data/T0015/307413/b4824bb/kuksa-val/kuksa_certificates/README.md (ext=.md, size=3104)
2026-01-18 18:03:35,338 - Knowledge - INFO - Fast-tracked /app/data/T0015/307413/b4824bb/kuksa-val/kuksa_apps/node-red/websocket-advanced.json (ext=.json, size=12505)
2026-01-18 18:03:35,421 - Knowledge - INFO - Fast-tracked /app/data/T0015/307413/b4824bb/kuksa-val/kuksa_apps/node-red/websocket-subscription.json (ext=.json, size=14927)
2026-01-18 18:03:35,501 - Knowledge - INFO - Fast-tracked /app/data/T0015/307413/b4824bb/kuksa-val/data/vss-core/vss_release_3.0.json (ext=.json, size=219192)
2026-01-18 18:03:35,576 - Knowledge - INFO - Worker kw8 processing /app/data/T0015/307413/b4824bb/kuksa-val/data/vss-core/README.md
2026-01-18 18:03:35,694 - Knowledge - INFO - Fast-tracked /app/data/T0015/307413/b4824bb/kuksa-val/doc/system-architecture.md (ext=.md, size=8675)
2026-01-18 18:03:35,848 - Knowledge - INFO - Worker kw10 processing /app/data/T0015/307413/b4824bb/kuksa-val/doc/KUKSA.val_server/cmake.md
2026-01-18 18:03:35,965 - Knowledge - INFO - Fast-tracked /app/data/T0015/307413/b4824bb/kuksa-val/doc/KUKSA.val_server/liveUpdateVSSTree.md (ext=.md, size=3864)
2026-01-18 18:03:36,046 - Knowledge - INFO - Worker kw12 processing /app/data/T0015/307413/b4824bb/kuksa-val/doc/wildcard_matching.md
2026-01-18 18:03:36,112 - Knowledge - INFO - Fast-tracked /app/data/T0015/307413/b4824bb/kuksa-val/kuksa_apps/s3/pyarrow_mapping.py (small file (2085 bytes))
2026-01-18 18:03:36,138 - Knowledge - INFO - Batch sizing: calculated=4, max_allowed=10, queue=95, active_workers=12/14
2026-01-18 18:03:36,231 - Knowledge - INFO - [kw14] Queue=91, InProgress=0, PendingWorkers=12/14, Completed=10/150 (6.7%)
2026-01-18 18:03:36,304 - Knowledge - INFO - knowledge worker kw15 start
2026-01-18 18:03:36,305 - Knowledge - INFO - Worker kw16 created using shared MongoDB connection pool
2026-01-18 18:03:36,432 - Knowledge - INFO - process ingested knowledge for /app/data/T0015/307413/b4824bb/kuksa-val/test/stresstest/broker.py
2026-01-18 18:03:36,520 - Knowledge - INFO - process ingested knowledge for /app/data/T0015/307413/b4824bb/kuksa-val/test/stresstest/README.md
2026-01-18 18:03:36,624 - Knowledge - INFO - Processing batch of 5 files
2026-01-18 18:03:36,745 - Knowledge - INFO - Worker kw5 processing /app/data/T0015/307413/b4824bb/kuksa-val/kuksa_apps/node-red/mqtt/package.json
2026-01-18 18:03:36,861 - Knowledge - INFO - Worker kw6 processing /app/data/T0015/307413/b4824bb/kuksa-val/kuksa_apps/node-red/README.md
2026-01-18 18:03:36,945 - Knowledge - INFO - Worker kw7 processing /app/data/T0015/307413/b4824bb/kuksa-val/data/vss-core/vss_release_3.1.1.json
2026-01-18 18:03:37,064 - Knowledge - INFO - Fast-tracked /app/data/T0015/307413/b4824bb/kuksa-val/data/vss-core/README.md (ext=.md, size=8233)
2026-01-18 18:03:37,157 - Knowledge - INFO - Worker kw9 processing /app/data/T0015/307413/b4824bb/kuksa-val/doc/protocol/support.md
2026-01-18 18:03:37,258 - Knowledge - INFO - Fast-tracked /app/data/T0015/307413/b4824bb/kuksa-val/doc/KUKSA.val_server/cmake.md (ext=.md, size=5463)
2026-01-18 18:03:37,348 - Knowledge - INFO - Worker kw11 processing /app/data/T0015/307413/b4824bb/kuksa-val/doc/KUKSA.val_server/run-docker.md
2026-01-18 18:03:37,441 - Knowledge - INFO - Fast-tracked /app/data/T0015/307413/b4824bb/kuksa-val/doc/wildcard_matching.md (ext=.md, size=2155)
2026-01-18 18:03:37,780 - Knowledge - INFO - Worker kw13 processing /app/data/T0015/307413/b4824bb/kuksa-val/README.md
2026-01-18 18:03:37,878 - Knowledge - INFO - Batch sizing: calculated=4, max_allowed=10, queue=91, active_workers=13/15
2026-01-18 18:03:37,956 - Knowledge - INFO - [kw15] Queue=87, InProgress=0, PendingWorkers=13/15, Completed=15/150 (10.0%)
2026-01-18 18:03:38,079 - Knowledge - INFO - knowledge worker kw16 start
2026-01-18 18:03:38,080 - Knowledge - INFO - Worker kw17 created using shared MongoDB connection pool
2026-01-18 18:03:38,194 - Knowledge - INFO - process ingested knowledge for /app/data/T0015/307413/b4824bb/kuksa-val/test/stresstest/client.py
2026-01-18 18:03:38,280 - Knowledge - INFO - process ingested knowledge for /app/data/T0015/307413/b4824bb/kuksa-val/test/stresstest/subscriber.py
2026-01-18 18:03:38,369 - Knowledge - INFO - process ingested knowledge for /app/data/T0015/307413/b4824bb/kuksa-val/kuksa_certificates/jwt/requirements.txt
2026-01-18 18:03:38,446 - Knowledge - INFO - Fast-tracked /app/data/T0015/307413/b4824bb/kuksa-val/kuksa_apps/node-red/mqtt/package.json (ext=.json, size=240)
2026-01-18 18:03:38,535 - Knowledge - INFO - Fast-tracked /app/data/T0015/307413/b4824bb/kuksa-val/kuksa_apps/node-red/README.md (ext=.md, size=3358)
2026-01-18 18:03:38,613 - Knowledge - INFO - Fast-tracked /app/data/T0015/307413/b4824bb/kuksa-val/data/vss-core/vss_release_3.1.1.json (ext=.json, size=238244)
2026-01-18 18:03:38,706 - Knowledge - INFO - Worker kw8 processing /app/data/T0015/307413/b4824bb/kuksa-val/data/vss-core/vss_release_2.0.json
2026-01-18 18:03:38,792 - Knowledge - INFO - Fast-tracked /app/data/T0015/307413/b4824bb/kuksa-val/doc/protocol/support.md (ext=.md, size=4660)
2026-01-18 18:03:38,882 - Knowledge - INFO - Worker kw10 processing /app/data/T0015/307413/b4824bb/kuksa-val/doc/KUKSA.val_server/jwt.md
2026-01-18 18:03:38,965 - Knowledge - INFO - Fast-tracked /app/data/T0015/307413/b4824bb/kuksa-val/doc/KUKSA.val_server/run-docker.md (ext=.md, size=1065)
2026-01-18 18:03:39,081 - Knowledge - INFO - Worker kw12 processing /app/data/T0015/307413/b4824bb/kuksa-val/doc/pictures/genGif.sh
2026-01-18 18:03:39,182 - Knowledge - INFO - Fast-tracked /app/data/T0015/307413/b4824bb/kuksa-val/README.md (ext=.md, size=3811)
2026-01-18 18:03:39,255 - Knowledge - INFO - Worker kw14 processing /app/data/T0015/307413/b4824bb/kuksa-val/kuksa-val-server/test/stresstest/stressClient.py
2026-01-18 18:03:39,333 - Knowledge - INFO - Batch sizing: calculated=4, max_allowed=10, queue=87, active_workers=14/16
2026-01-18 18:03:39,417 - Knowledge - INFO - [kw16] Queue=83, InProgress=0, PendingWorkers=14/16, Completed=15/150 (10.0%)
2026-01-18 18:03:39,541 - Knowledge - INFO - knowledge worker kw17 start
2026-01-18 18:03:39,542 - Knowledge - INFO - Worker kw18 created using shared MongoDB connection pool
2026-01-18 18:03:39,623 - Knowledge - INFO - process ingested knowledge for /app/data/T0015/307413/b4824bb/kuksa-val/test/stresstest/server.py
2026-01-18 18:03:39,712 - Knowledge - INFO - process ingested knowledge for /app/data/T0015/307413/b4824bb/kuksa-val/test/stresstest/stresstest.py
2026-01-18 18:03:39,828 - Knowledge - INFO - process ingested knowledge for /app/data/T0015/307413/b4824bb/kuksa-val/kuksa_certificates/jwt/super-admin.json
2026-01-18 18:03:39,898 - Knowledge - INFO - Processing batch of 5 files
2026-01-18 18:03:40,074 - Knowledge - INFO - Worker kw7 processing /app/data/T0015/307413/b4824bb/kuksa-val/data/vss-core/vss_release_2.1.json
2026-01-18 18:03:40,172 - Knowledge - INFO - Fast-tracked /app/data/T0015/307413/b4824bb/kuksa-val/data/vss-core/vss_release_2.0.json (ext=.json, size=574433)
2026-01-18 18:03:40,248 - Knowledge - INFO - Worker kw9 processing /app/data/T0015/307413/b4824bb/kuksa-val/doc/protocol/README.md
2026-01-18 18:03:40,328 - Knowledge - INFO - Fast-tracked /app/data/T0015/307413/b4824bb/kuksa-val/doc/KUKSA.val_server/jwt.md (ext=.md, size=4834)
2026-01-18 18:03:40,396 - Knowledge - INFO - Worker kw11 processing /app/data/T0015/307413/b4824bb/kuksa-val/doc/server-vs-broker.md
2026-01-18 18:03:40,516 - Knowledge - INFO - Fast-tracked /app/data/T0015/307413/b4824bb/kuksa-val/doc/pictures/genGif.sh (ext=.sh, size=349)
2026-01-18 18:03:40,607 - Knowledge - INFO - Worker kw13 processing /app/data/T0015/307413/b4824bb/kuksa-val/codecov.yml
2026-01-18 18:03:40,710 - Knowledge - INFO - Fast-tracked /app/data/T0015/307413/b4824bb/kuksa-val/kuksa-val-server/test/stresstest/stressClient.py (ext=.py, size=1856)
2026-01-18 18:03:40,792 - Knowledge - INFO - Worker kw15 processing /app/data/T0015/307413/b4824bb/kuksa-val/kuksa-val-server/test/unit-test/UpdateVSSTreeTest.cpp
2026-01-18 18:03:40,865 - Knowledge - INFO - Batch sizing: calculated=4, max_allowed=10, queue=83, active_workers=15/17
2026-01-18 18:03:40,988 - Knowledge - INFO - [kw17] Queue=79, InProgress=0, PendingWorkers=15/17, Completed=20/150 (13.3%)
2026-01-18 18:03:41,068 - Knowledge - INFO - knowledge worker kw18 start
2026-01-18 18:03:41,068 - Knowledge - INFO - Worker kw19 created using shared MongoDB connection pool
2026-01-18 18:03:41,147 - Knowledge - INFO - process ingested knowledge for /app/data/T0015/307413/b4824bb/kuksa-val/test/stresstest/config.py
2026-01-18 18:03:41,246 - Knowledge - INFO - process ingested knowledge for /app/data/T0015/307413/b4824bb/kuksa-val/test/stresstest/stress.py
2026-01-18 18:03:41,338 - Knowledge - INFO - process ingested knowledge for /app/data/T0015/307413/b4824bb/kuksa-val/kuksa_certificates/jwt/README.md
2026-01-18 18:03:41,438 - Knowledge - INFO - process ingested knowledge for /app/data/T0015/307413/b4824bb/kuksa-val/kuksa_apps/s3/readme.md
2026-01-18 18:03:41,522 - Knowledge - INFO - Fast-tracked /app/data/T0015/307413/b4824bb/kuksa-val/data/vss-core/vss_release_2.1.json (ext=.json, size=319563)
2026-01-18 18:03:41,643 - Knowledge - INFO - Worker kw8 processing /app/data/T0015/307413/b4824bb/kuksa-val/doc/deployment.md
2026-01-18 18:03:41,760 - Knowledge - INFO - Fast-tracked /app/data/T0015/307413/b4824bb/kuksa-val/doc/protocol/README.md (ext=.md, size=601)
2026-01-18 18:03:41,851 - Knowledge - INFO - Worker kw10 processing /app/data/T0015/307413/b4824bb/kuksa-val/doc/KUKSA.val_server/build-docker.md
2026-01-18 18:03:41,954 - Knowledge - INFO - Fast-tracked /app/data/T0015/307413/b4824bb/kuksa-val/doc/server-vs-broker.md (ext=.md, size=1683)
2026-01-18 18:03:42,069 - Knowledge - INFO - Worker kw12 processing /app/data/T0015/307413/b4824bb/kuksa-val/doc/pictures/README.md
2026-01-18 18:03:42,161 - Knowledge - INFO - Fast-tracked /app/data/T0015/307413/b4824bb/kuksa-val/codecov.yml (ext=.yml, size=268)
2026-01-18 18:03:42,236 - Knowledge - INFO - Worker kw14 processing /app/data/T0015/307413/b4824bb/kuksa-val/kuksa-val-server/test/stresstest/Readme.md
2026-01-18 18:03:42,315 - Knowledge - INFO - Fast-tracked /app/data/T0015/307413/b4824bb/kuksa-val/kuksa-val-server/test/unit-test/UpdateVSSTreeTest.cpp (ext=.cpp, size=11280)
2026-01-18 18:03:42,408 - Knowledge - INFO - Worker kw16 processing /app/data/T0015/307413/b4824bb/kuksa-val/kuksa-val-server/test/unit-test/mock/IAccessCheckerMock.hpp
2026-01-18 18:03:42,489 - Knowledge - INFO - Batch sizing: calculated=4, max_allowed=10, queue=79, active_workers=16/18
2026-01-18 18:03:42,579 - Knowledge - INFO - [kw18] Queue=75, InProgress=0, PendingWorkers=16/18, Completed=20/150 (13.3%)
2026-01-18 18:03:42,616 - Knowledge - INFO - [LLM_CALL] Completed: settings.js:chunk1, Duration: 2627ms, PromptTokens: 7108, CompletionTokens: 199, Cost: $0.00079
2026-01-18 18:03:42,674 - Knowledge - INFO - knowledge worker kw19 start
2026-01-18 18:03:42,674 - Knowledge - INFO - Worker kw20 created using shared MongoDB connection pool
2026-01-18 18:03:42,846 - Knowledge - INFO - process ingested knowledge for /app/data/T0015/307413/b4824bb/kuksa-val/kuksa_certificates/jwt/all-read-write.json
2026-01-18 18:03:42,930 - Knowledge - INFO - process ingested knowledge for /app/data/T0015/307413/b4824bb/kuksa-val/kuksa_certificates/jwt/single-read.json
2026-01-18 18:03:43,039 - Knowledge - INFO - process ingested knowledge for /app/data/T0015/307413/b4824bb/kuksa-val/kuksa_apps/node-red/kuksa_config/gpsd_feeder.ini
2026-01-18 18:03:43,175 - Knowledge - INFO - Fast-tracked /app/data/T0015/307413/b4824bb/kuksa-val/doc/deployment.md (ext=.md, size=10189)
2026-01-18 18:03:43,271 - Knowledge - INFO - Worker kw9 processing /app/data/T0015/307413/b4824bb/kuksa-val/doc/tls.md
2026-01-18 18:03:43,350 - Knowledge - INFO - Fast-tracked /app/data/T0015/307413/b4824bb/kuksa-val/doc/KUKSA.val_server/build-docker.md (ext=.md, size=918)
2026-01-18 18:03:43,440 - Knowledge - INFO - Worker kw11 processing /app/data/T0015/307413/b4824bb/kuksa-val/doc/KUKSA.val_data_broker/authorization.md
2026-01-18 18:03:43,551 - Knowledge - INFO - Fast-tracked /app/data/T0015/307413/b4824bb/kuksa-val/doc/pictures/README.md (ext=.md, size=456)
2026-01-18 18:03:43,632 - Knowledge - INFO - Worker kw13 processing /app/data/T0015/307413/b4824bb/kuksa-val/kuksa-val-server/run_tests.sh
2026-01-18 18:03:43,769 - Knowledge - INFO - Fast-tracked /app/data/T0015/307413/b4824bb/kuksa-val/kuksa-val-server/test/stresstest/Readme.md (ext=.md, size=268)
2026-01-18 18:03:43,856 - Knowledge - INFO - Worker kw15 processing /app/data/T0015/307413/b4824bb/kuksa-val/kuksa-val-server/test/unit-test/KuksavalUnitTest.hpp
2026-01-18 18:03:43,939 - Knowledge - INFO - Fast-tracked /app/data/T0015/307413/b4824bb/kuksa-val/kuksa-val-server/test/unit-test/mock/IAccessCheckerMock.hpp (ext=.hpp, size=1075)
2026-01-18 18:03:44,139 - Knowledge - INFO - Batch sizing: calculated=4, max_allowed=10, queue=75, active_workers=17/19
2026-01-18 18:03:44,225 - Knowledge - INFO - done ingest for /app/data/T0015/307413/b4824bb/kuksa-val/kuksa_apps/node-red/mqtt/settings.js
2026-01-18 18:03:44,225 - Knowledge - INFO - Processing batch of 5 files
2026-01-18 18:03:44,226 - Knowledge - INFO - Worker kw17 processing /app/data/T0015/307413/b4824bb/kuksa-val/kuksa-val-server/test/unit-test/mock/ILoggerMock.hpp
2026-01-18 18:03:44,226 - Knowledge - INFO - [WEBSOCKET] Sent: Type=progress_update, Size: 289, Duration: 0ms
2026-01-18 18:03:44,310 - Knowledge - INFO - [kw19] Queue=71, InProgress=0, PendingWorkers=17/19, Completed=25/150 (16.7%)
2026-01-18 18:03:44,423 - Knowledge - INFO - knowledge worker kw20 start
2026-01-18 18:03:44,613 - Knowledge - INFO - process ingested knowledge for /app/data/T0015/307413/b4824bb/kuksa-val/kuksa_certificates/README.md
2026-01-18 18:03:44,693 - Knowledge - INFO - process ingested knowledge for /app/data/T0015/307413/b4824bb/kuksa-val/kuksa_apps/node-red/kuksa_config/obdfeeder.ini
2026-01-18 18:03:44,913 - Knowledge - INFO - Fast-tracked /app/data/T0015/307413/b4824bb/kuksa-val/doc/tls.md (ext=.md, size=5218)
2026-01-18 18:03:45,027 - Knowledge - INFO - Worker kw10 processing /app/data/T0015/307413/b4824bb/kuksa-val/doc/KUKSA.val_server/usage.md
2026-01-18 18:03:45,124 - Knowledge - INFO - Fast-tracked /app/data/T0015/307413/b4824bb/kuksa-val/doc/KUKSA.val_data_broker/authorization.md (ext=.md, size=27260)
2026-01-18 18:03:45,213 - Knowledge - INFO - Worker kw12 processing /app/data/T0015/307413/b4824bb/kuksa-val/NOTICE.md
2026-01-18 18:03:45,334 - Knowledge - INFO - Fast-tracked /app/data/T0015/307413/b4824bb/kuksa-val/kuksa-val-server/run_tests.sh (ext=.sh, size=978)
2026-01-18 18:03:45,415 - Knowledge - INFO - Worker kw14 processing /app/data/T0015/307413/b4824bb/kuksa-val/kuksa-val-server/test/stresstest/stress.py
2026-01-18 18:03:45,514 - Knowledge - INFO - Fast-tracked /app/data/T0015/307413/b4824bb/kuksa-val/kuksa-val-server/test/unit-test/KuksavalUnitTest.hpp (ext=.hpp, size=1426)
2026-01-18 18:03:45,597 - Knowledge - INFO - Worker kw16 processing /app/data/T0015/307413/b4824bb/kuksa-val/kuksa-val-server/test/unit-test/mock/IAuthenticatorMock.hpp
2026-01-18 18:03:45,860 - Knowledge - INFO - process ingested knowledge for /app/data/T0015/307413/b4824bb/kuksa-val/kuksa_apps/node-red/docker-compose.yml
2026-01-18 18:03:45,961 - Knowledge - INFO - Fast-tracked /app/data/T0015/307413/b4824bb/kuksa-val/kuksa-val-server/test/unit-test/mock/ILoggerMock.hpp (ext=.hpp, size=968)
2026-01-18 18:03:46,043 - Knowledge - INFO - Processing batch of 5 files
2026-01-18 18:03:46,045 - Knowledge - INFO - [LLM_CALL] Completed: s3_uploader.py:chunk1, Duration: 10790ms, PromptTokens: 5170, CompletionTokens: 1086, Cost: $0.00095
2026-01-18 18:03:46,157 - Knowledge - INFO - Batch sizing: calculated=4, max_allowed=10, queue=71, active_workers=18/20
2026-01-18 18:03:46,276 - Knowledge - INFO - [kw20] Queue=67, InProgress=0, PendingWorkers=18/20, Completed=31/150 (20.7%)
2026-01-18 18:03:46,512 - Knowledge - INFO - process ingested knowledge for /app/data/T0015/307413/b4824bb/kuksa-val/kuksa_apps/node-red/websocket-advanced.json
2026-01-18 18:03:46,686 - Knowledge - INFO - Fast-tracked /app/data/T0015/307413/b4824bb/kuksa-val/doc/KUKSA.val_server/usage.md (ext=.md, size=6172)
2026-01-18 18:03:46,771 - Knowledge - INFO - Worker kw11 processing /app/data/T0015/307413/b4824bb/kuksa-val/doc/KUKSA.val_data_broker/broker.md
2026-01-18 18:03:46,854 - Knowledge - INFO - Fast-tracked /app/data/T0015/307413/b4824bb/kuksa-val/NOTICE.md (ext=.md, size=17089)
2026-01-18 18:03:46,944 - Knowledge - INFO - Worker kw13 processing /app/data/T0015/307413/b4824bb/kuksa-val/kuksa-val-server/test/stresstest/config.ini
2026-01-18 18:03:47,027 - Knowledge - INFO - Fast-tracked /app/data/T0015/307413/b4824bb/kuksa-val/kuksa-val-server/test/stresstest/stress.py (ext=.py, size=1770)
2026-01-18 18:03:47,149 - Knowledge - INFO - Worker kw15 processing /app/data/T0015/307413/b4824bb/kuksa-val/kuksa-val-server/test/unit-test/Gen2SetTests.cpp
2026-01-18 18:03:47,240 - Knowledge - INFO - Fast-tracked /app/data/T0015/307413/b4824bb/kuksa-val/kuksa-val-server/test/unit-test/mock/IAuthenticatorMock.hpp (ext=.hpp, size=1093)
2026-01-18 18:03:47,318 - Knowledge - INFO - process ingested knowledge for /app/data/T0015/307413/b4824bb/kuksa-val/kuksa_apps/README.md
2026-01-18 18:03:47,428 - Knowledge - INFO - Worker kw17 processing /app/data/T0015/307413/b4824bb/kuksa-val/kuksa-val-server/test/unit-test/mock/IPublisherMock.hpp
2026-01-18 18:03:47,511 - Knowledge - INFO - process ingested knowledge for /app/data/T0015/307413/b4824bb/kuksa-val/data/vss-core/vss_release_2.2.json
2026-01-18 18:03:47,594 - Knowledge - INFO - done ingest for /app/data/T0015/307413/b4824bb/kuksa-val/kuksa_apps/s3/s3_uploader.py
2026-01-18 18:03:47,595 - Knowledge - INFO - Worker kw18 processing /app/data/T0015/307413/b4824bb/kuksa-val/kuksa-val-server/test/unit-test/UpdateMetadataTest.cpp
2026-01-18 18:03:47,596 - Knowledge - INFO - [WEBSOCKET] Sent: Type=unknown, Size: ?, Duration: 0ms
2026-01-18 18:03:47,808 - Knowledge - INFO - Batch sizing: calculated=4, max_allowed=10, queue=67, active_workers=19/20
2026-01-18 18:03:47,878 - Knowledge - INFO - process ingested knowledge for /app/data/T0015/307413/b4824bb/kuksa-val/kuksa_apps/node-red/mqtt/package.json
2026-01-18 18:03:48,050 - Knowledge - INFO - Fast-tracked /app/data/T0015/307413/b4824bb/kuksa-val/doc/KUKSA.val_data_broker/broker.md (ext=.md, size=629)
2026-01-18 18:03:48,254 - Knowledge - INFO - Fast-tracked /app/data/T0015/307413/b4824bb/kuksa-val/kuksa-val-server/test/stresstest/config.ini (ext=.ini, size=264)
2026-01-18 18:03:48,331 - Knowledge - INFO - Worker kw14 processing /app/data/T0015/307413/b4824bb/kuksa-val/kuksa-val-server/test/unit-test/Gen2GetTests.cpp
2026-01-18 18:03:48,416 - Knowledge - INFO - Fast-tracked /app/data/T0015/307413/b4824bb/kuksa-val/kuksa-val-server/test/unit-test/Gen2SetTests.cpp (ext=.cpp, size=11785)
2026-01-18 18:03:48,490 - Knowledge - INFO - Worker kw16 processing /app/data/T0015/307413/b4824bb/kuksa-val/kuksa-val-server/test/unit-test/mock/ISubscriptionHandlerMock.hpp
2026-01-18 18:03:48,570 - Knowledge - INFO - process ingested knowledge for /app/data/T0015/307413/b4824bb/kuksa-val/data/vss-core/vss_release_3.0.json
2026-01-18 18:03:48,680 - Knowledge - INFO - Fast-tracked /app/data/T0015/307413/b4824bb/kuksa-val/kuksa-val-server/test/unit-test/mock/IPublisherMock.hpp (ext=.hpp, size=987)
2026-01-18 18:03:48,756 - Knowledge - INFO - process ingested knowledge for /app/data/T0015/307413/b4824bb/kuksa-val/data/vss-core/vss_release_4.0.json
2026-01-18 18:03:48,928 - Knowledge - INFO - Fast-tracked /app/data/T0015/307413/b4824bb/kuksa-val/kuksa-val-server/test/unit-test/UpdateMetadataTest.cpp (ext=.cpp, size=5847)
2026-01-18 18:03:49,008 - Knowledge - INFO - Progress: 16.7% | Files: 46/150 | Rate: 1.67 files/sec | Queue: 63
2026-01-18 18:03:49,009 - Knowledge - INFO - Processing batch of 5 files
2026-01-18 18:03:49,010 - Knowledge - INFO - Worker kw19 processing /app/data/T0015/307413/b4824bb/kuksa-val/kuksa-val-server/test/unit-test/KuksavalUnitTest.cpp
2026-01-18 18:03:49,010 - Knowledge - INFO - Processing batch of 5 files
2026-01-18 18:03:49,010 - Knowledge - INFO - Processing batch of 4 files
2026-01-18 18:03:49,010 - Knowledge - INFO - [kw3] Queue=63, InProgress=0, PendingWorkers=19/20, Completed=50/150 (33.3%)
2026-01-18 18:03:49,010 - Knowledge - INFO - [WEBSOCKET] Sent: Type=progress_update, Size: 290, Duration: 1ms
2026-01-18 18:03:49,463 - Knowledge - INFO - Fast-tracked /app/data/T0015/307413/b4824bb/kuksa-val/kuksa-val-server/test/unit-test/Gen2GetTests.cpp (ext=.cpp, size=13094)
2026-01-18 18:03:49,544 - Knowledge - INFO - Worker kw15 processing /app/data/T0015/307413/b4824bb/kuksa-val/kuksa-val-server/test/unit-test/mock/IServerMock.hpp
2026-01-18 18:03:49,634 - Knowledge - INFO - Fast-tracked /app/data/T0015/307413/b4824bb/kuksa-val/kuksa-val-server/test/unit-test/mock/ISubscriptionHandlerMock.hpp (ext=.hpp, size=1387)
2026-01-18 18:03:49,704 - Knowledge - INFO - process ingested knowledge for /app/data/T0015/307413/b4824bb/kuksa-val/data/vss-core/vss_release_3.1.1.json
2026-01-18 18:03:49,783 - Knowledge - INFO - Worker kw17 processing /app/data/T0015/307413/b4824bb/kuksa-val/kuksa-val-server/test/unit-test/CMakeLists.txt
2026-01-18 18:03:49,866 - Knowledge - INFO - process ingested knowledge for /app/data/T0015/307413/b4824bb/kuksa-val/data/vss-core/README.md
2026-01-18 18:03:49,956 - Knowledge - INFO - Worker kw18 processing /app/data/T0015/307413/b4824bb/kuksa-val/kuksa-val-server/test/unit-test/VssDatabaseTests.cpp
2026-01-18 18:03:50,039 - Knowledge - INFO - [kw1] Queue=59, InProgress=0, PendingWorkers=20/20, Completed=59/150 (39.3%)
2026-01-18 18:03:50,120 - Knowledge - INFO - process ingested knowledge for /app/data/T0015/307413/b4824bb/kuksa-val/doc/terminology.md
2026-01-18 18:03:50,234 - Knowledge - INFO - Fast-tracked /app/data/T0015/307413/b4824bb/kuksa-val/kuksa-val-server/test/unit-test/KuksavalUnitTest.cpp (ext=.cpp, size=91387)
2026-01-18 18:03:50,329 - Knowledge - INFO - process ingested knowledge for /app/data/T0015/307413/b4824bb/kuksa-val/doc/quickstart.md
2026-01-18 18:03:50,409 - Knowledge - INFO - process ingested knowledge for /app/data/T0015/307413/b4824bb/kuksa-val/doc/wildcard_matching.md
2026-01-18 18:03:50,486 - Knowledge - INFO - Batch sizing: calculated=4, max_allowed=10, queue=63, active_workers=20/20
2026-01-18 18:03:50,577 - Knowledge - INFO - Processing batch of 5 files
2026-01-18 18:03:50,578 - Knowledge - INFO - Worker kw20 processing /app/data/T0015/307413/b4824bb/kuksa-val/kuksa-val-server/test/unit-test/VssCommandProcessorTests.cpp
2026-01-18 18:03:50,578 - Knowledge - INFO - Processing batch of 4 files
2026-01-18 18:03:50,579 - Knowledge - INFO - Progress: 24.0% | Files: 60/150 | Rate: 1.94 files/sec | Queue: 59
2026-01-18 18:03:50,579 - Knowledge - INFO - Processing batch of 5 files
2026-01-18 18:03:50,579 - Knowledge - INFO - [kw5] Queue=59, InProgress=0, PendingWorkers=20/20, Completed=60/150 (40.0%)
2026-01-18 18:03:50,590 - Knowledge - INFO - Processing batch of 5 files
2026-01-18 18:03:50,693 - Knowledge - INFO - Processing batch of 4 files
2026-01-18 18:03:50,768 - Knowledge - INFO - Fast-tracked /app/data/T0015/307413/b4824bb/kuksa-val/kuksa-val-server/test/unit-test/mock/IServerMock.hpp (ext=.hpp, size=1088)
2026-01-18 18:03:50,869 - Knowledge - INFO - Worker kw16 processing /app/data/T0015/307413/b4824bb/kuksa-val/kuksa-val-server/test/unit-test/mock/IVssDatabaseMock.hpp
2026-01-18 18:03:50,982 - Knowledge - INFO - process ingested knowledge for /app/data/T0015/307413/b4824bb/kuksa-val/data/vss-core/vss_release_2.1.json
2026-01-18 18:03:51,079 - Knowledge - INFO - Fast-tracked /app/data/T0015/307413/b4824bb/kuksa-val/kuksa-val-server/test/unit-test/CMakeLists.txt (ext=.txt, size=3980)
2026-01-18 18:03:51,155 - Knowledge - INFO - process ingested knowledge for /app/data/T0015/307413/b4824bb/kuksa-val/data/vss-core/vss_release_2.0.json
2026-01-18 18:03:51,236 - Knowledge - INFO - Fast-tracked /app/data/T0015/307413/b4824bb/kuksa-val/kuksa-val-server/test/unit-test/VssDatabaseTests.cpp (ext=.cpp, size=17346)
2026-01-18 18:03:51,308 - Knowledge - INFO - Batch sizing: calculated=4, max_allowed=10, queue=59, active_workers=20/20
2026-01-18 18:03:51,394 - Knowledge - INFO - process ingested knowledge for /app/data/T0015/307413/b4824bb/kuksa-val/doc/system-architecture.md
2026-01-18 18:03:51,502 - Knowledge - INFO - Worker kw19 processing /app/data/T0015/307413/b4824bb/kuksa-val/kuksa-val-server/test/unit-test/VSSTypeSanitizerTests.cpp
2026-01-18 18:03:51,586 - Knowledge - INFO - process ingested knowledge for /app/data/T0015/307413/b4824bb/kuksa-val/doc/KUKSA.val_server/cmake.md
2026-01-18 18:03:51,708 - Knowledge - INFO - process ingested knowledge for /app/data/T0015/307413/b4824bb/kuksa-val/doc/pictures/genGif.sh
2026-01-18 18:03:51,796 - Knowledge - INFO - Async storing batch of 5 embeddings
2026-01-18 18:03:51,902 - Knowledge - INFO - process ingested knowledge for /app/data/T0015/307413/b4824bb/kuksa-val/kuksa_apps/node-red/mqtt/settings.js
2026-01-18 18:03:51,996 - Knowledge - INFO - Fast-tracked /app/data/T0015/307413/b4824bb/kuksa-val/kuksa-val-server/test/unit-test/VssCommandProcessorTests.cpp (ext=.cpp, size=45849)
2026-01-18 18:03:52,086 - Knowledge - INFO - process ingested knowledge for /app/data/T0015/307413/b4824bb/kuksa-val/README.md
2026-01-18 18:03:52,165 - Knowledge - INFO - [kw2] Queue=55, InProgress=0, PendingWorkers=20/20, Completed=67/150 (44.7%)
2026-01-18 18:03:52,256 - Knowledge - INFO - process ingested knowledge for /app/data/T0015/307413/b4824bb/kuksa-val/doc/KUKSA.val_server/liveUpdateVSSTree.md
2026-01-18 18:03:52,365 - Knowledge - INFO - Batch sizing: calculated=4, max_allowed=10, queue=59, active_workers=20/20
2026-01-18 18:03:52,458 - Knowledge - INFO - process ingested knowledge for /app/data/T0015/307413/b4824bb/kuksa-val/kuksa_certificates/__init__.py
2026-01-18 18:03:52,550 - Knowledge - INFO - process ingested knowledge for /app/data/T0015/307413/b4824bb/kuksa-val/kuksa-val-server/test/stresstest/stressClient.py
2026-01-18 18:03:52,656 - Knowledge - INFO - Processing batch of 4 files
2026-01-18 18:03:52,729 - Knowledge - INFO - Fast-tracked /app/data/T0015/307413/b4824bb/kuksa-val/kuksa-val-server/test/unit-test/mock/IVssDatabaseMock.hpp (ext=.hpp, size=1385)
2026-01-18 18:03:52,921 - Knowledge - INFO - Worker kw17 processing /app/data/T0015/307413/b4824bb/kuksa-val/kuksa-val-server/test/unit-test/UnitTestHelpers.hpp
2026-01-18 18:03:52,993 - Knowledge - INFO - process ingested knowledge for /app/data/T0015/307413/b4824bb/kuksa-val/doc/deployment.md
2026-01-18 18:03:53,098 - Knowledge - INFO - Worker kw18 processing /app/data/T0015/307413/b4824bb/kuksa-val/kuksa-val-server/test/unit-test/VSSPathTests.cpp
2026-01-18 18:03:53,219 - Knowledge - INFO - Async storing batch of 5 embeddings
2026-01-18 18:03:53,242 - Knowledge - INFO - [WEBSOCKET] Sent: Type=progress_update, Size: 291, Duration: 0ms
2026-01-18 18:03:53,300 - Knowledge - INFO - process ingested knowledge for /app/data/T0015/307413/b4824bb/kuksa-val/doc/protocol/support.md
2026-01-18 18:03:53,383 - Knowledge - INFO - Fast-tracked /app/data/T0015/307413/b4824bb/kuksa-val/kuksa-val-server/test/unit-test/VSSTypeSanitizerTests.cpp (ext=.cpp, size=19625)
2026-01-18 18:03:53,503 - Knowledge - INFO - process ingested knowledge for /app/data/T0015/307413/b4824bb/kuksa-val/doc/KUKSA.val_server/jwt.md
2026-01-18 18:03:53,589 - Knowledge - INFO - process ingested knowledge for /app/data/T0015/307413/b4824bb/kuksa-val/doc/pictures/README.md
2026-01-18 18:03:53,683 - Knowledge - INFO - Worker kw3 processing /app/data/T0015/307413/b4824bb/kuksa-val/kuksa-val-server/src/VssCommandSet.cpp
2026-01-18 18:03:53,752 - Knowledge - INFO - process ingested knowledge for /app/data/T0015/307413/b4824bb/kuksa-val/kuksa_apps/node-red/mqtt/flows.json
2026-01-18 18:03:53,836 - Knowledge - INFO - Worker kw20 processing /app/data/T0015/307413/b4824bb/kuksa-val/kuksa-val-server/test/unit-test/AuthenticatorTests.cpp
2026-01-18 18:03:53,968 - Knowledge - INFO - process ingested knowledge for /app/data/T0015/307413/b4824bb/kuksa-val/codecov.yml
2026-01-18 18:03:54,046 - Knowledge - INFO - Batch sizing: calculated=4, max_allowed=10, queue=55, active_workers=20/20
2026-01-18 18:03:54,131 - Knowledge - INFO - process ingested knowledge for /app/data/T0015/307413/b4824bb/kuksa-val/doc/KUKSA.val_server/run-docker.md
2026-01-18 18:03:54,293 - Knowledge - INFO - process ingested knowledge for /app/data/T0015/307413/b4824bb/kuksa-val/kuksa_apps/s3/s3_uploader.py
2026-01-18 18:03:54,409 - Knowledge - INFO - process ingested knowledge for /app/data/T0015/307413/b4824bb/kuksa-val/kuksa-val-server/test/stresstest/Readme.md
2026-01-18 18:03:54,485 - Knowledge - INFO - process ingested knowledge for /app/data/T0015/307413/b4824bb/kuksa-val/kuksa-val-server/test/unit-test/UpdateVSSTreeTest.cpp
2026-01-18 18:03:54,660 - Knowledge - INFO - Fast-tracked /app/data/T0015/307413/b4824bb/kuksa-val/kuksa-val-server/test/unit-test/UnitTestHelpers.hpp (ext=.hpp, size=3691)
2026-01-18 18:03:54,813 - Knowledge - INFO - Fast-tracked /app/data/T0015/307413/b4824bb/kuksa-val/kuksa-val-server/test/unit-test/VSSPathTests.cpp (ext=.cpp, size=6775)
2026-01-18 18:03:54,885 - Knowledge - INFO - Worker kw1 processing /app/data/T0015/307413/b4824bb/kuksa-val/kuksa-val-server/src/Authenticator.cpp
2026-01-18 18:03:54,972 - Knowledge - INFO - Async storing batch of 5 embeddings
2026-01-18 18:03:54,975 - Knowledge - INFO - [WEBSOCKET] Sent: Type=unknown, Size: ?, Duration: 1733ms
2026-01-18 18:03:55,043 - Knowledge - INFO - process ingested knowledge for /app/data/T0015/307413/b4824bb/kuksa-val/doc/protocol/README.md
2026-01-18 18:03:55,123 - Knowledge - INFO - Worker kw19 processing /app/data/T0015/307413/b4824bb/kuksa-val/kuksa-val-server/test/unit-test/AccessCheckerTests.cpp
2026-01-18 18:03:55,217 - Knowledge - INFO - process ingested knowledge for /app/data/T0015/307413/b4824bb/kuksa-val/doc/KUKSA.val_server/build-docker.md
2026-01-18 18:03:55,300 - Knowledge - INFO - process ingested knowledge for /app/data/T0015/307413/b4824bb/kuksa-val/NOTICE.md
2026-01-18 18:03:55,412 - Knowledge - INFO - Worker kw3 processing /app/data/T0015/307413/b4824bb/kuksa-val/kuksa-val-server/src/AccessChecker.cpp
2026-01-18 18:03:55,507 - Knowledge - INFO - process ingested knowledge for /app/data/T0015/307413/b4824bb/kuksa-val/kuksa_apps/node-red/feeders.yml
2026-01-18 18:03:55,584 - Knowledge - INFO - Fast-tracked /app/data/T0015/307413/b4824bb/kuksa-val/kuksa-val-server/test/unit-test/AuthenticatorTests.cpp (ext=.cpp, size=7276)
2026-01-18 18:03:55,714 - Knowledge - INFO - process ingested knowledge for /app/data/T0015/307413/b4824bb/kuksa-val/kuksa-val-server/run_tests.sh
2026-01-18 18:03:55,920 - Knowledge - INFO - process ingested knowledge for /app/data/T0015/307413/b4824bb/kuksa-val/doc/server-vs-broker.md
2026-01-18 18:03:56,037 - Knowledge - INFO - process ingested knowledge for /app/data/T0015/307413/b4824bb/kuksa-val/kuksa_apps/s3/config.ini
2026-01-18 18:03:56,157 - Knowledge - INFO - process ingested knowledge for /app/data/T0015/307413/b4824bb/kuksa-val/kuksa-val-server/test/stresstest/stress.py
2026-01-18 18:03:56,251 - Knowledge - INFO - process ingested knowledge for /app/data/T0015/307413/b4824bb/kuksa-val/kuksa-val-server/test/unit-test/KuksavalUnitTest.hpp
2026-01-18 18:03:56,424 - Knowledge - INFO - Worker kw18 processing /app/data/T0015/307413/b4824bb/kuksa-val/kuksa-val-server/test/unit-test/readme.md
2026-01-18 18:03:56,502 - Knowledge - INFO - Worker kw1 processing /app/data/T0015/307413/b4824bb/kuksa-val/kuksa-val-server/src/VSSRequestValidator.cpp
2026-01-18 18:03:56,599 - Knowledge - INFO - Worker kw5 processing /app/data/T0015/307413/b4824bb/kuksa-val/kuksa-val-server/src/VssDatabase.cpp
2026-01-18 18:03:56,685 - Knowledge - INFO - Progress: 47.3% | Files: 73/150 | Rate: 1.99 files/sec | Queue: 43
2026-01-18 18:03:56,687 - Knowledge - INFO - Async storing batch of 5 embeddings
2026-01-18 18:03:56,687 - Knowledge - INFO - [WEBSOCKET] Sent: Type=progress_update, Size: 289, Duration: 0ms
2026-01-18 18:03:56,760 - Knowledge - INFO - process ingested knowledge for /app/data/T0015/307413/b4824bb/kuksa-val/doc/tls.md
2026-01-18 18:03:56,843 - Knowledge - INFO - Fast-tracked /app/data/T0015/307413/b4824bb/kuksa-val/kuksa-val-server/test/unit-test/AccessCheckerTests.cpp (ext=.cpp, size=9198)
2026-01-18 18:03:56,929 - Knowledge - INFO - process ingested knowledge for /app/data/T0015/307413/b4824bb/kuksa-val/doc/KUKSA.val_server/usage.md
2026-01-18 18:03:57,126 - Knowledge - INFO - Worker kw3 processing /app/data/T0015/307413/b4824bb/kuksa-val/kuksa-val-server/src/VSSTypeSanitizer.cpp
2026-01-18 18:03:57,259 - Knowledge - INFO - process ingested knowledge for /app/data/T0015/307413/b4824bb/kuksa-val/kuksa_apps/node-red/websocket-subscription.json
2026-01-18 18:03:57,293 - Knowledge - INFO - Worker kw20 processing /app/data/T0015/307413/b4824bb/kuksa-val/kuksa-val-server/git_watcher.cmake
2026-01-18 18:03:57,383 - Knowledge - INFO - process ingested knowledge for /app/data/T0015/307413/b4824bb/kuksa-val/kuksa-val-server/test/stresstest/config.ini
2026-01-18 18:03:57,489 - Knowledge - INFO - process ingested knowledge for /app/data/T0015/307413/b4824bb/kuksa-val/doc/KUKSA.val_data_broker/authorization.md
2026-01-18 18:03:57,579 - Knowledge - INFO - process ingested knowledge for /app/data/T0015/307413/b4824bb/kuksa-val/kuksa_apps/s3/requirements.txt
2026-01-18 18:03:57,678 - Knowledge - INFO - process ingested knowledge for /app/data/T0015/307413/b4824bb/kuksa-val/kuksa-val-server/test/unit-test/Gen2GetTests.cpp
2026-01-18 18:03:57,781 - Knowledge - INFO - process ingested knowledge for /app/data/T0015/307413/b4824bb/kuksa-val/kuksa-val-server/test/unit-test/Gen2SetTests.cpp
2026-01-18 18:03:57,891 - Knowledge - INFO - Fast-tracked /app/data/T0015/307413/b4824bb/kuksa-val/kuksa-val-server/test/unit-test/readme.md (ext=.md, size=1288)
2026-01-18 18:03:57,977 - Knowledge - INFO - Worker kw1 processing /app/data/T0015/307413/b4824bb/kuksa-val/kuksa-val-server/src/VssCommandProcessor.cpp
2026-01-18 18:03:58,094 - Knowledge - INFO - Worker kw5 processing /app/data/T0015/307413/b4824bb/kuksa-val/kuksa-val-server/src/VSSPath.cpp
2026-01-18 18:03:58,163 - Knowledge - INFO - [kw7] Queue=43, InProgress=0, PendingWorkers=20/20, Completed=74/150 (49.3%)
2026-01-18 18:03:58,256 - Knowledge - INFO - Worker kw2 processing /app/data/T0015/307413/b4824bb/kuksa-val/kuksa-val-server/src/VssCommandSubscribe.cpp
2026-01-18 18:03:58,354 - Knowledge - INFO - [WEBSOCKET] Sent: Type=unknown, Size: ?, Duration: 1667ms
2026-01-18 18:03:58,514 - Knowledge - INFO - Worker kw19 processing /app/data/T0015/307413/b4824bb/kuksa-val/kuksa-val-server/test/unit-test/SubscriptionHandlerTests.cpp
2026-01-18 18:03:58,674 - Knowledge - INFO - Worker kw3 processing /app/data/T0015/307413/b4824bb/kuksa-val/kuksa-val-server/src/SubscriptionHandler.cpp
2026-01-18 18:03:58,807 - Knowledge - INFO - process ingested knowledge for /app/data/T0015/307413/b4824bb/kuksa-val/kuksa_apps/node-red/README.md
2026-01-18 18:03:58,865 - Knowledge - INFO - Worker kw20 processing /app/data/T0015/307413/b4824bb/kuksa-val/kuksa-val-server/src/VssDatabase_Record.cpp
2026-01-18 18:03:59,089 - Knowledge - INFO - process ingested knowledge for /app/data/T0015/307413/b4824bb/kuksa-val/doc/KUKSA.val_data_broker/broker.md
2026-01-18 18:03:59,166 - Knowledge - INFO - process ingested knowledge for /app/data/T0015/307413/b4824bb/kuksa-val/kuksa_apps/s3/pyarrow_mapping.py
2026-01-18 18:03:59,350 - Knowledge - INFO - process ingested knowledge for /app/data/T0015/307413/b4824bb/kuksa-val/kuksa-val-server/test/unit-test/mock/IServerMock.hpp
2026-01-18 18:03:59,457 - Knowledge - INFO - Worker kw1 processing /app/data/T0015/307413/b4824bb/kuksa-val/kuksa-val-server/src/VssCommandGet.cpp
2026-01-18 18:03:59,573 - Knowledge - INFO - Worker kw5 processing /app/data/T0015/307413/b4824bb/kuksa-val/kuksa-val-server/src/OverlayLoader.cpp
2026-01-18 18:03:59,645 - Knowledge - INFO - Batch sizing: calculated=4, max_allowed=10, queue=43, active_workers=20/20
2026-01-18 18:03:59,767 - Knowledge - INFO - Worker kw2 processing /app/data/T0015/307413/b4824bb/kuksa-val/kuksa-val-server/src/CMakeLists.txt
2026-01-18 18:03:59,838 - Knowledge - INFO - Progress: 49.3% | Files: 77/150 | Rate: 1.92 files/sec | Queue: 43
2026-01-18 18:03:59,842 - Knowledge - INFO - [kw12] Queue=43, InProgress=0, PendingWorkers=20/20, Completed=77/150 (51.3%)
2026-01-18 18:03:59,842 - Knowledge - INFO - [kw13] Queue=43, InProgress=0, PendingWorkers=20/20, Completed=77/150 (51.3%)
2026-01-18 18:03:59,843 - Knowledge - INFO - [kw9] Queue=43, InProgress=0, PendingWorkers=20/20, Completed=77/150 (51.3%)
2026-01-18 18:03:59,843 - Knowledge - INFO - [kw10] Queue=43, InProgress=0, PendingWorkers=20/20, Completed=77/150 (51.3%)
2026-01-18 18:03:59,843 - Knowledge - INFO - [kw14] Queue=43, InProgress=0, PendingWorkers=20/20, Completed=77/150 (51.3%)
2026-01-18 18:03:59,855 - Knowledge - INFO - Processing batch of 4 files
2026-01-18 18:03:59,856 - Knowledge - INFO - Processing batch of 4 files
2026-01-18 18:03:59,880 - Knowledge - INFO - Processing batch of 4 files
2026-01-18 18:03:59,929 - Knowledge - INFO - Fast-tracked /app/data/T0015/307413/b4824bb/kuksa-val/kuksa-val-server/test/unit-test/SubscriptionHandlerTests.cpp (ext=.cpp, size=23890)
2026-01-18 18:04:00,006 - Knowledge - INFO - Async storage completed for 5 embeddings
2026-01-18 18:04:00,555 - Knowledge - INFO - Async storage completed for 5 embeddings
2026-01-18 18:04:00,630 - Knowledge - INFO - Worker kw5 processing /app/data/T0015/307413/b4824bb/kuksa-val/kuksa-val-server/src/main.cpp
2026-01-18 18:04:00,781 - Knowledge - INFO - Fast-tracked /app/data/T0015/307413/b4824bb/kuksa-val/kuksa-val-server/src/CMakeLists.txt (ext=.txt, size=10808)
2026-01-18 18:04:00,887 - Knowledge - INFO - Async storing batch of 5 embeddings
2026-01-18 18:04:00,887 - Knowledge - INFO - [WEBSOCKET] Sent: Type=progress_update, Size: 271, Duration: 0ms
2026-01-18 18:04:00,975 - Knowledge - INFO - Batch sizing: calculated=4, max_allowed=10, queue=43, active_workers=20/20
2026-01-18 18:04:01,038 - Knowledge - INFO - [kw8] Queue=39, InProgress=0, PendingWorkers=20/20, Completed=83/150 (55.3%)
2026-01-18 18:04:01,052 - Knowledge - INFO - Batch sizing: calculated=4, max_allowed=10, queue=43, active_workers=20/20
2026-01-18 18:04:01,146 - Knowledge - INFO - Batch sizing: calculated=4, max_allowed=10, queue=43, active_workers=20/20
2026-01-18 18:04:01,233 - Knowledge - INFO - Batch sizing: calculated=4, max_allowed=10, queue=43, active_workers=20/20
2026-01-18 18:04:01,348 - Knowledge - INFO - Batch sizing: calculated=4, max_allowed=10, queue=43, active_workers=20/20
2026-01-18 18:04:01,473 - Knowledge - INFO - process ingested knowledge for /app/data/T0015/307413/b4824bb/kuksa-val/kuksa-val-server/test/unit-test/mock/ILoggerMock.hpp
2026-01-18 18:04:01,553 - Knowledge - INFO - process ingested knowledge for /app/data/T0015/307413/b4824bb/kuksa-val/kuksa-val-server/test/unit-test/mock/IAccessCheckerMock.hpp
2026-01-18 18:04:01,638 - Knowledge - INFO - process ingested knowledge for /app/data/T0015/307413/b4824bb/kuksa-val/kuksa-val-server/test/unit-test/UpdateMetadataTest.cpp
2026-01-18 18:04:02,053 - Knowledge - INFO - Async storage completed for 5 embeddings
2026-01-18 18:04:02,172 - Knowledge - INFO - Worker kw2 processing /app/data/T0015/307413/b4824bb/kuksa-val/kuksa-val-server/src/VssCommandUnsubscribe.cpp
2026-01-18 18:04:02,260 - Knowledge - INFO - Worker kw7 processing /app/data/T0015/307413/b4824bb/kuksa-val/kuksa-val-server/src/MQTTPublisher.cpp
2026-01-18 18:04:02,344 - Knowledge - INFO - [kw15] Queue=39, InProgress=0, PendingWorkers=20/20, Completed=84/150 (56.0%)
2026-01-18 18:04:02,345 - Knowledge - INFO - [WEBSOCKET] Sent: Type=unknown, Size: ?, Duration: 1459ms
2026-01-18 18:04:02,518 - Knowledge - INFO - Batch sizing: calculated=4, max_allowed=10, queue=39, active_workers=20/20
2026-01-18 18:04:02,940 - Knowledge - INFO - process ingested knowledge for /app/data/T0015/307413/b4824bb/kuksa-val/kuksa-val-server/test/unit-test/mock/IPublisherMock.hpp
2026-01-18 18:04:03,073 - Knowledge - INFO - process ingested knowledge for /app/data/T0015/307413/b4824bb/kuksa-val/kuksa-val-server/test/unit-test/mock/IAuthenticatorMock.hpp
2026-01-18 18:04:03,156 - Knowledge - INFO - process ingested knowledge for /app/data/T0015/307413/b4824bb/kuksa-val/kuksa-val-server/test/unit-test/VssDatabaseTests.cpp
2026-01-18 18:04:03,336 - Knowledge - INFO - Worker kw2 processing /app/data/T0015/307413/b4824bb/kuksa-val/kuksa-val-server/src/WebSockHttpFlexServer.cpp
2026-01-18 18:04:03,421 - Knowledge - INFO - Worker kw7 processing /app/data/T0015/307413/b4824bb/kuksa-val/kuksa-val-server/src/Readme.md
2026-01-18 18:04:03,499 - Knowledge - INFO - Batch sizing: calculated=4, max_allowed=10, queue=39, active_workers=20/20
2026-01-18 18:04:03,586 - Knowledge - INFO - Progress: 55.3% | Files: 84/150 | Rate: 1.91 files/sec | Queue: 19
2026-01-18 18:04:03,586 - Knowledge - INFO - [kw11] Queue=19, InProgress=0, PendingWorkers=20/20, Completed=84/150 (56.0%)
2026-01-18 18:04:03,588 - Knowledge - INFO - Async storing batch of 4 embeddings
2026-01-18 18:04:03,588 - Knowledge - INFO - Async storing batch of 4 embeddings
2026-01-18 18:04:03,588 - Knowledge - INFO - Async storing batch of 5 embeddings
2026-01-18 18:04:03,589 - Knowledge - INFO - Async storing batch of 5 embeddings
2026-01-18 18:04:03,590 - Knowledge - INFO - Async storing batch of 4 embeddings
2026-01-18 18:04:03,590 - Knowledge - INFO - [kw4] Queue=19, InProgress=0, PendingWorkers=20/20, Completed=85/150 (56.7%)
2026-01-18 18:04:03,613 - Knowledge - INFO - Processing batch of 4 files
2026-01-18 18:04:03,674 - Knowledge - INFO - Async storing batch of 5 embeddings
2026-01-18 18:04:03,754 - Knowledge - INFO - process ingested knowledge for /app/data/T0015/307413/b4824bb/kuksa-val/kuksa-val-server/test/unit-test/CMakeLists.txt
2026-01-18 18:04:03,879 - Knowledge - INFO - process ingested knowledge for /app/data/T0015/307413/b4824bb/kuksa-val/kuksa-val-server/test/unit-test/mock/ISubscriptionHandlerMock.hpp
2026-01-18 18:04:04,005 - Knowledge - INFO - process ingested knowledge for /app/data/T0015/307413/b4824bb/kuksa-val/kuksa-val-server/test/unit-test/VSSPathTests.cpp
2026-01-18 18:04:04,089 - Knowledge - INFO - Async storage completed for 5 embeddings
2026-01-18 18:04:04,208 - Knowledge - INFO - Fast-tracked /app/data/T0015/307413/b4824bb/kuksa-val/kuksa-val-server/src/Readme.md (ext=.md, size=7231)
2026-01-18 18:04:04,305 - Knowledge - INFO - Async storing batch of 4 embeddings
2026-01-18 18:04:04,390 - Knowledge - INFO - [kw6] Queue=11, InProgress=0, PendingWorkers=20/20, Completed=87/150 (58.0%)
2026-01-18 18:04:04,476 - Knowledge - INFO - Batch sizing: calculated=4, max_allowed=10, queue=19, active_workers=20/20
2026-01-18 18:04:04,565 - Knowledge - INFO - Worker kw12 processing /app/data/T0015/307413/b4824bb/kuksa-val/kuksa-val-server/src/grpcHandler.cpp
2026-01-18 18:04:04,657 - Knowledge - INFO - Worker kw13 processing /app/data/T0015/307413/b4824bb/kuksa-val/kuksa-val-server/include/BasicLogger.hpp
2026-01-18 18:04:04,741 - Knowledge - INFO - Worker kw9 processing /app/data/T0015/307413/b4824bb/kuksa-val/kuksa-val-server/include/VSSRequestJsonSchema.hpp
2026-01-18 18:04:04,816 - Knowledge - INFO - Worker kw10 processing /app/data/T0015/307413/b4824bb/kuksa-val/kuksa-val-server/include/VSSRequestValidator.hpp
2026-01-18 18:04:04,909 - Knowledge - INFO - Worker kw14 processing /app/data/T0015/307413/b4824bb/kuksa-val/kuksa-val-server/include/interface/IVssCommandProcessor.hpp
2026-01-18 18:04:04,974 - Knowledge - INFO - Fast-tracked /app/data/T0015/307413/b4824bb/kuksa-val/kuksa-val-server/src/AccessChecker.cpp (small file (3029 bytes))
2026-01-18 18:04:04,986 - Knowledge - INFO - Batch sizing: calculated=4, max_allowed=10, queue=19, active_workers=20/20
2026-01-18 18:04:05,106 - Knowledge - INFO - process ingested knowledge for /app/data/T0015/307413/b4824bb/kuksa-val/kuksa-val-server/test/unit-test/KuksavalUnitTest.cpp
2026-01-18 18:04:05,225 - Knowledge - INFO - Worker kw8 processing /app/data/T0015/307413/b4824bb/kuksa-val/kuksa-val-server/include/interface/ILogger.hpp
2026-01-18 18:04:05,300 - Knowledge - INFO - process ingested knowledge for /app/data/T0015/307413/b4824bb/kuksa-val/kuksa-val-server/test/unit-test/UnitTestHelpers.hpp
2026-01-18 18:04:05,400 - Knowledge - INFO - process ingested knowledge for /app/data/T0015/307413/b4824bb/kuksa-val/kuksa-val-server/test/unit-test/mock/IVssDatabaseMock.hpp
2026-01-18 18:04:05,491 - Knowledge - INFO - process ingested knowledge for /app/data/T0015/307413/b4824bb/kuksa-val/kuksa-val-server/test/unit-test/readme.md
2026-01-18 18:04:05,710 - Knowledge - INFO - Worker kw7 processing /app/data/T0015/307413/b4824bb/kuksa-val/kuksa-val-server/src/JsonResponses.cpp
2026-01-18 18:04:05,823 - Knowledge - INFO - Worker kw15 processing /app/data/T0015/307413/b4824bb/kuksa-val/kuksa-val-server/include/VssDatabase_Record.hpp
2026-01-18 18:04:05,927 - Knowledge - INFO - Batch sizing: calculated=4, max_allowed=10, queue=11, active_workers=20/20
2026-01-18 18:04:06,059 - Knowledge - INFO - Async storing batch of 5 embeddings
2026-01-18 18:04:06,254 - Knowledge - INFO - Worker kw12 processing /app/data/T0015/307413/b4824bb/kuksa-val/kuksa-val-server/docker/startkuksaval.sh
2026-01-18 18:04:06,433 - Knowledge - INFO - Fast-tracked /app/data/T0015/307413/b4824bb/kuksa-val/kuksa-val-server/include/BasicLogger.hpp (ext=.hpp, size=1398)
2026-01-18 18:04:06,544 - Knowledge - INFO - Worker kw9 processing /app/data/T0015/307413/b4824bb/kuksa-val/kuksa-val-server/include/KuksaChannel.hpp
2026-01-18 18:04:06,662 - Knowledge - INFO - Worker kw10 processing /app/data/T0015/307413/b4824bb/kuksa-val/kuksa-val-server/include/interface/IVssDatabase.hpp
2026-01-18 18:04:06,754 - Knowledge - INFO - Fast-tracked /app/data/T0015/307413/b4824bb/kuksa-val/kuksa-val-server/include/interface/IVssCommandProcessor.hpp (ext=.hpp, size=1708)
2026-01-18 18:04:06,935 - Knowledge - INFO - Async storing batch of 5 embeddings
2026-01-18 18:04:07,023 - Knowledge - INFO - process ingested knowledge for /app/data/T0015/307413/b4824bb/kuksa-val/kuksa-val-server/test/unit-test/VSSTypeSanitizerTests.cpp
2026-01-18 18:04:07,111 - Knowledge - INFO - Worker kw8 processing /app/data/T0015/307413/b4824bb/kuksa-val/kuksa-val-server/include/Authenticator.hpp
2026-01-18 18:04:07,434 - Knowledge - INFO - Worker kw7 processing /app/data/T0015/307413/b4824bb/kuksa-val/kuksa-val-server/src/BasicLogger.cpp
2026-01-18 18:04:07,561 - Knowledge - INFO - Worker kw15 processing /app/data/T0015/307413/b4824bb/kuksa-val/kuksa-val-server/include/AccessChecker.hpp
2026-01-18 18:04:07,732 - Knowledge - INFO - Worker kw11 processing /app/data/T0015/307413/b4824bb/kuksa-val/kuksa-val-server/include/VSSPath.hpp
2026-01-18 18:04:07,814 - Knowledge - INFO - Async storing batch of 5 embeddings
2026-01-18 18:04:07,840 - Knowledge - INFO - Fast-tracked /app/data/T0015/307413/b4824bb/kuksa-val/kuksa-val-server/docker/startkuksaval.sh (ext=.sh, size=1612)
2026-01-18 18:04:07,928 - Knowledge - INFO - Worker kw13 processing /app/data/T0015/307413/b4824bb/kuksa-val/kuksa-val-server/include/JsonResponses.hpp
2026-01-18 18:04:08,047 - Knowledge - INFO - Worker kw9 processing /app/data/T0015/307413/b4824bb/kuksa-val/kuksa-val-server/include/visconf.hpp
2026-01-18 18:04:08,101 - Knowledge - INFO - [WEBSOCKET] Sent: Type=progress_update, Size: 271, Duration: 0ms
2026-01-18 18:04:08,200 - Knowledge - INFO - Worker kw10 processing /app/data/T0015/307413/b4824bb/kuksa-val/kuksa-val-server/include/interface/ISubscriptionHandler.hpp
2026-01-18 18:04:08,278 - Knowledge - INFO - Worker kw14 processing /app/data/T0015/307413/b4824bb/kuksa-val/kuksa-val-server/include/interface/IAccessChecker.hpp
2026-01-18 18:04:08,361 - Knowledge - INFO - Worker kw4 processing /app/data/T0015/307413/b4824bb/kuksa-val/kuksa-val-server/CMakeLists.txt
2026-01-18 18:04:08,467 - Knowledge - INFO - process ingested knowledge for /app/data/T0015/307413/b4824bb/kuksa-val/kuksa-val-server/test/unit-test/AccessCheckerTests.cpp
2026-01-18 18:04:08,560 - Knowledge - INFO - Fast-tracked /app/data/T0015/307413/b4824bb/kuksa-val/kuksa-val-server/include/Authenticator.hpp (ext=.hpp, size=1641)
2026-01-18 18:04:08,673 - Knowledge - INFO - Fast-tracked /app/data/T0015/307413/b4824bb/kuksa-val/kuksa-val-server/src/BasicLogger.cpp (ext=.cpp, size=1839)
2026-01-18 18:04:08,746 - Knowledge - INFO - Fast-tracked /app/data/T0015/307413/b4824bb/kuksa-val/kuksa-val-server/include/AccessChecker.hpp (ext=.hpp, size=1560)
2026-01-18 18:04:08,848 - Knowledge - INFO - Worker kw11 processing /app/data/T0015/307413/b4824bb/kuksa-val/kuksa-val-server/include/OverlayLoader.hpp
2026-01-18 18:04:08,979 - Knowledge - INFO - Worker kw6 processing /app/data/T0015/307413/b4824bb/kuksa-val/kuksa-val-server/protos/README.md
2026-01-18 18:04:09,083 - Knowledge - INFO - Worker kw12 processing /app/data/T0015/307413/b4824bb/kuksa-val/kuksa-val-server/docker/collect-deployment-artifacts.sh
2026-01-18 18:04:09,234 - Knowledge - INFO - Worker kw13 processing /app/data/T0015/307413/b4824bb/kuksa-val/kuksa-val-server/include/MQTTPublisher.hpp
2026-01-18 18:04:09,340 - Knowledge - INFO - Fast-tracked /app/data/T0015/307413/b4824bb/kuksa-val/kuksa-val-server/include/visconf.hpp (ext=.hpp, size=1055)
2026-01-18 18:04:09,445 - Knowledge - INFO - [LLM_CALL] Completed: VssDatabase_Record.cpp:chunk1, Duration: 7101ms, PromptTokens: 2346, CompletionTokens: 362, Cost: $0.00038
2026-01-18 18:04:09,545 - Knowledge - INFO - Worker kw10 processing /app/data/T0015/307413/b4824bb/kuksa-val/kuksa-val-server/include/interface/IAuthenticator.hpp
2026-01-18 18:04:09,679 - Knowledge - INFO - Fast-tracked /app/data/T0015/307413/b4824bb/kuksa-val/kuksa-val-server/include/interface/IAccessChecker.hpp (ext=.hpp, size=1311)
2026-01-18 18:04:09,773 - Knowledge - INFO - Fast-tracked /app/data/T0015/307413/b4824bb/kuksa-val/kuksa-val-server/CMakeLists.txt (ext=.txt, size=3683)
2026-01-18 18:04:09,840 - Knowledge - INFO - process ingested knowledge for /app/data/T0015/307413/b4824bb/kuksa-val/kuksa-val-server/test/unit-test/SubscriptionHandlerTests.cpp
2026-01-18 18:04:09,887 - Knowledge - INFO - Fast-tracked /app/data/T0015/307413/b4824bb/kuksa-val/kuksa-val-server/src/OverlayLoader.cpp (small file (2849 bytes))
2026-01-18 18:04:09,935 - Knowledge - INFO - Worker kw8 processing /app/data/T0015/307413/b4824bb/kuksa-val/kuksa-val-server/include/SubscriptionHandler.hpp
2026-01-18 18:04:10,047 - Knowledge - INFO - Async storage completed for 5 embeddings
2026-01-18 18:04:10,173 - Knowledge - INFO - Worker kw15 processing /app/data/T0015/307413/b4824bb/kuksa-val/kuksa-val-server/include/ssl_stream.hpp
2026-01-18 18:04:10,281 - Knowledge - INFO - Fast-tracked /app/data/T0015/307413/b4824bb/kuksa-val/kuksa-val-server/include/OverlayLoader.hpp (ext=.hpp, size=1450)
2026-01-18 18:04:10,398 - Knowledge - INFO - Fast-tracked /app/data/T0015/307413/b4824bb/kuksa-val/kuksa-val-server/protos/README.md (ext=.md, size=335)
2026-01-18 18:04:10,494 - Knowledge - INFO - Fast-tracked /app/data/T0015/307413/b4824bb/kuksa-val/kuksa-val-server/docker/collect-deployment-artifacts.sh (ext=.sh, size=1010)
2026-01-18 18:04:10,585 - Knowledge - INFO - Worker kw13 processing /app/data/T0015/307413/b4824bb/kuksa-val/kuksa-val-server/include/WebSockHttpFlexServer.hpp
2026-01-18 18:04:10,665 - Knowledge - INFO - Worker kw9 processing /app/data/T0015/307413/b4824bb/kuksa-val/kuksa-val-server/include/VssCommandProcessor.hpp
2026-01-18 18:04:10,779 - Knowledge - INFO - done ingest for /app/data/T0015/307413/b4824bb/kuksa-val/kuksa-val-server/src/VssDatabase_Record.cpp
2026-01-18 18:04:10,809 - Knowledge - INFO - [WEBSOCKET] Sent: Type=unknown, Size: ?, Duration: 2708ms
2026-01-18 18:04:10,896 - Knowledge - INFO - Fast-tracked /app/data/T0015/307413/b4824bb/kuksa-val/kuksa-val-server/include/interface/IAuthenticator.hpp (ext=.hpp, size=1279)
2026-01-18 18:04:10,982 - Knowledge - INFO - Worker kw14 processing /app/data/T0015/307413/b4824bb/kuksa-val/kuksa-val-server/include/interface/IServer.hpp
2026-01-18 18:04:11,088 - Knowledge - INFO - Worker kw4 processing /app/data/T0015/307413/b4824bb/kuksa-val/kuksa-val-server/config_grpc_client.ini
2026-01-18 18:04:11,357 - Knowledge - INFO - Worker kw8 processing /app/data/T0015/307413/b4824bb/kuksa-val/kuksa-val-server/include/exception.hpp
2026-01-18 18:04:11,551 - Knowledge - INFO - Worker kw15 processing /app/data/T0015/307413/b4824bb/kuksa-val/kuksa-val-server/include/VssDatabase.hpp
2026-01-18 18:04:11,661 - Knowledge - INFO - Worker kw11 processing /app/data/T0015/307413/b4824bb/kuksa-val/kuksa-val-server/config.ini
2026-01-18 18:04:11,741 - Knowledge - INFO - Worker kw6 processing /app/data/T0015/307413/b4824bb/kuksa-val/kuksa-client/README.md
2026-01-18 18:04:11,846 - Knowledge - INFO - Worker kw12 processing /app/data/T0015/307413/b4824bb/kuksa-val/kuksa-val-server/include/grpcHandler.hpp
2026-01-18 18:04:11,974 - Knowledge - INFO - Async storage completed for 4 embeddings
2026-01-18 18:04:12,092 - Knowledge - INFO - Async storage completed for 5 embeddings
2026-01-18 18:04:12,334 - Knowledge - INFO - Progress: 58.0% | Files: 87/150 | Rate: 1.69 files/sec | Queue: 0
2026-01-18 18:04:12,441 - Knowledge - INFO - [LLM_CALL] Completed: git_watcher.cmake:chunk1, Duration: 12257ms, PromptTokens: 5240, CompletionTokens: 520, Cost: $0.00073
2026-01-18 18:04:12,467 - Knowledge - INFO - Async storage completed for 5 embeddings
2026-01-18 18:04:12,555 - Knowledge - INFO - Fast-tracked /app/data/T0015/307413/b4824bb/kuksa-val/kuksa-val-server/include/interface/IServer.hpp (ext=.hpp, size=1530)
2026-01-18 18:04:12,652 - Knowledge - INFO - Fast-tracked /app/data/T0015/307413/b4824bb/kuksa-val/kuksa-val-server/config_grpc_client.ini (ext=.ini, size=34)
2026-01-18 18:04:12,771 - Knowledge - INFO - Async storage completed for 5 embeddings
2026-01-18 18:04:12,855 - Knowledge - INFO - Async storage completed for 4 embeddings
2026-01-18 18:04:12,950 - Knowledge - INFO - Fast-tracked /app/data/T0015/307413/b4824bb/kuksa-val/kuksa-val-server/config.ini (ext=.ini, size=103)
2026-01-18 18:04:13,052 - Knowledge - INFO - Fast-tracked /app/data/T0015/307413/b4824bb/kuksa-val/kuksa-client/README.md (ext=.md, size=1150)
2026-01-18 18:04:13,127 - Knowledge - INFO - Async storage completed for 4 embeddings
2026-01-18 18:04:13,537 - Knowledge - INFO - done ingest for /app/data/T0015/307413/b4824bb/kuksa-val/kuksa-val-server/git_watcher.cmake
2026-01-18 18:04:13,620 - Knowledge - INFO - Fast-tracked /app/data/T0015/307413/b4824bb/kuksa-val/kuksa-val-server/include/VSSRequestValidator.hpp (small file (2353 bytes))
2026-01-18 18:04:13,705 - Knowledge - INFO - Worker kw14 processing /app/data/T0015/307413/b4824bb/kuksa-val/kuksa-val-server/include/interface/IPublisher.hpp
2026-01-18 18:04:13,782 - Knowledge - INFO - Worker kw4 processing /app/data/T0015/307413/b4824bb/kuksa-val/kuksa-val-server/README.md
2026-01-18 18:04:13,874 - Knowledge - INFO - Fast-tracked /app/data/T0015/307413/b4824bb/kuksa-val/kuksa-val-server/include/interface/ILogger.hpp (small file (2221 bytes))
2026-01-18 18:04:13,987 - Knowledge - INFO - Fast-tracked /app/data/T0015/307413/b4824bb/kuksa-val/kuksa-val-server/include/VssDatabase_Record.hpp (small file (2033 bytes))
2026-01-18 18:04:14,068 - Knowledge - INFO - Worker kw11 processing /app/data/T0015/307413/b4824bb/kuksa-val/kuksa-val-server/boost.cmake
2026-01-18 18:04:14,179 - Knowledge - INFO - Worker kw6 processing /app/data/T0015/307413/b4824bb/kuksa-val/CONTRIBUTING.md
2026-01-18 18:04:14,383 - Knowledge - INFO - Processing batch of 4 files
2026-01-18 18:04:14,463 - Knowledge - INFO - Fast-tracked /app/data/T0015/307413/b4824bb/kuksa-val/kuksa-val-server/include/interface/IVssDatabase.hpp (small file (2260 bytes))
2026-01-18 18:04:14,543 - Knowledge - INFO - Fast-tracked /app/data/T0015/307413/b4824bb/kuksa-val/kuksa-val-server/include/interface/IPublisher.hpp (ext=.hpp, size=1068)
2026-01-18 18:04:14,637 - Knowledge - INFO - Fast-tracked /app/data/T0015/307413/b4824bb/kuksa-val/kuksa-val-server/README.md (ext=.md, size=5798)
2026-01-18 18:04:14,892 - Knowledge - INFO - Async storage completed for 5 embeddings
2026-01-18 18:04:14,970 - Knowledge - INFO - Fast-tracked /app/data/T0015/307413/b4824bb/kuksa-val/CONTRIBUTING.md (ext=.md, size=890)
2026-01-18 18:04:15,049 - Knowledge - INFO - process ingested knowledge for /app/data/T0015/307413/b4824bb/kuksa-val/kuksa-val-server/test/unit-test/VssCommandProcessorTests.cpp
2026-01-18 18:04:15,134 - Knowledge - INFO - Fast-tracked /app/data/T0015/307413/b4824bb/kuksa-val/kuksa-val-server/include/interface/ISubscriptionHandler.hpp (small file (2035 bytes))
2026-01-18 18:04:15,219 - Knowledge - INFO - Async storage completed for 4 embeddings
2026-01-18 18:04:15,301 - Knowledge - INFO - Worker kw4 processing /app/data/T0015/307413/b4824bb/kuksa-val/kuksa-val-server/grpc.cmake
2026-01-18 18:04:15,382 - Knowledge - INFO - Fast-tracked /app/data/T0015/307413/b4824bb/kuksa-val/kuksa-val-server/include/VSSPath.hpp (small file (2950 bytes))
2026-01-18 18:04:15,466 - Knowledge - INFO - Async storage completed for 5 embeddings
2026-01-18 18:04:15,546 - Knowledge - INFO - process ingested knowledge for /app/data/T0015/307413/b4824bb/kuksa-val/kuksa-val-server/test/unit-test/AuthenticatorTests.cpp
2026-01-18 18:04:15,698 - Knowledge - INFO - Processing batch of 4 files
2026-01-18 18:04:15,774 - Knowledge - INFO - Processing batch of 4 files
2026-01-18 18:04:16,021 - Knowledge - INFO - Processing batch of 3 files
2026-01-18 18:04:16,111 - Knowledge - INFO - process ingested knowledge for /app/data/T0015/307413/b4824bb/kuksa-val/kuksa-val-server/git_watcher.cmake
2026-01-18 18:04:16,195 - Knowledge - INFO - process ingested knowledge for /app/data/T0015/307413/b4824bb/kuksa-val/kuksa-val-server/include/VSSRequestValidator.hpp
2026-01-18 18:04:16,284 - Knowledge - INFO - process ingested knowledge for /app/data/T0015/307413/b4824bb/kuksa-val/kuksa-val-server/include/interface/IVssCommandProcessor.hpp
2026-01-18 18:04:16,393 - Knowledge - INFO - process ingested knowledge for /app/data/T0015/307413/b4824bb/kuksa-val/kuksa-val-server/protos/README.md
2026-01-18 18:04:16,510 - Knowledge - INFO - process ingested knowledge for /app/data/T0015/307413/b4824bb/kuksa-val/kuksa-val-server/src/VssDatabase_Record.cpp
2026-01-18 18:04:16,601 - Knowledge - INFO - process ingested knowledge for /app/data/T0015/307413/b4824bb/kuksa-val/kuksa-val-server/include/interface/IVssDatabase.hpp
2026-01-18 18:04:16,689 - Knowledge - INFO - process ingested knowledge for /app/data/T0015/307413/b4824bb/kuksa-val/kuksa-val-server/include/interface/IAccessChecker.hpp
2026-01-18 18:04:16,762 - Knowledge - INFO - process ingested knowledge for /app/data/T0015/307413/b4824bb/kuksa-val/kuksa-client/README.md
2026-01-18 18:04:16,946 - Knowledge - INFO - process ingested knowledge for /app/data/T0015/307413/b4824bb/kuksa-val/kuksa-val-server/include/interface/ISubscriptionHandler.hpp
2026-01-18 18:04:17,049 - Knowledge - INFO - process ingested knowledge for /app/data/T0015/307413/b4824bb/kuksa-val/kuksa-val-server/include/interface/IServer.hpp
2026-01-18 18:04:17,158 - Knowledge - INFO - process ingested knowledge for /app/data/T0015/307413/b4824bb/kuksa-val/CONTRIBUTING.md
2026-01-18 18:04:17,256 - Knowledge - INFO - process ingested knowledge for /app/data/T0015/307413/b4824bb/kuksa-val/kuksa-val-server/include/interface/IAuthenticator.hpp
2026-01-18 18:04:17,284 - Knowledge - INFO - [WEBSOCKET] Sent: Type=progress_update, Size: 272, Duration: 0ms
2026-01-18 18:04:17,326 - Knowledge - INFO - process ingested knowledge for /app/data/T0015/307413/b4824bb/kuksa-val/kuksa-val-server/include/interface/IPublisher.hpp
2026-01-18 18:04:17,589 - Knowledge - INFO - [WEBSOCKET] Sent: Type=unknown, Size: ?, Duration: 305ms
2026-01-18 18:04:17,791 - Knowledge - INFO - Progress: 68.0% | Files: 102/150 | Rate: 1.68 files/sec | Queue: 0
2026-01-18 18:04:21,852 - Knowledge - INFO - Fast-tracked /app/data/T0015/307413/b4824bb/kuksa-val/kuksa-val-server/include/KuksaChannel.hpp (small file (2824 bytes))
2026-01-18 18:04:22,004 - Knowledge - INFO - Fast-tracked /app/data/T0015/307413/b4824bb/kuksa-val/kuksa-val-server/include/VssCommandProcessor.hpp (small file (2712 bytes))
2026-01-18 18:04:22,786 - Knowledge - INFO - Fast-tracked /app/data/T0015/307413/b4824bb/kuksa-val/kuksa-val-server/include/MQTTPublisher.hpp (small file (2900 bytes))
2026-01-18 18:04:24,138 - Knowledge - INFO - [LLM_CALL] Completed: VssCommandSet.cpp:chunk1, Duration: 21793ms, PromptTokens: 3704, CompletionTokens: 528, Cost: $0.00058
2026-01-18 18:04:24,353 - Knowledge - INFO - done ingest for /app/data/T0015/307413/b4824bb/kuksa-val/kuksa-val-server/src/VssCommandSet.cpp
2026-01-18 18:04:25,057 - Knowledge - INFO - Fast-tracked /app/data/T0015/307413/b4824bb/kuksa-val/kuksa-val-server/include/grpcHandler.hpp (small file (2671 bytes))
2026-01-18 18:04:25,211 - Knowledge - INFO - [LLM_CALL] Completed: VSSPath.cpp:chunk1, Duration: 18588ms, PromptTokens: 2812, CompletionTokens: 759, Cost: $0.00058
2026-01-18 18:04:25,517 - Knowledge - INFO - Fast-tracked /app/data/T0015/307413/b4824bb/kuksa-val/kuksa-val-server/include/exception.hpp (small file (2538 bytes))
2026-01-18 18:04:25,577 - Knowledge - INFO - done ingest for /app/data/T0015/307413/b4824bb/kuksa-val/kuksa-val-server/src/VSSPath.cpp
2026-01-18 18:04:25,996 - Knowledge - INFO - Fast-tracked /app/data/T0015/307413/b4824bb/kuksa-val/kuksa-val-server/include/VssDatabase.hpp (small file (2987 bytes))
2026-01-18 18:04:26,112 - Knowledge - INFO - [LLM_CALL] Completed: VSSRequestJsonSchema.hpp:chunk1, Duration: 12572ms, PromptTokens: 4736, CompletionTokens: 174, Cost: $0.00054
2026-01-18 18:04:26,350 - Knowledge - INFO - done ingest for /app/data/T0015/307413/b4824bb/kuksa-val/kuksa-val-server/include/VSSRequestJsonSchema.hpp
2026-01-18 18:04:27,364 - Knowledge - INFO - Async storage completed for 5 embeddings
2026-01-18 18:04:27,619 - Knowledge - INFO - Processing batch of 4 files
2026-01-18 18:04:27,915 - Knowledge - INFO - process ingested knowledge for /app/data/T0015/307413/b4824bb/kuksa-val/kuksa-val-server/include/VSSRequestJsonSchema.hpp
2026-01-18 18:04:27,953 - Knowledge - INFO - [LLM_CALL] Completed: VSSTypeSanitizer.cpp:chunk1, Duration: 21114ms, PromptTokens: 3882, CompletionTokens: 442, Cost: $0.00056
2026-01-18 18:04:28,294 - Knowledge - INFO - process ingested knowledge for /app/data/T0015/307413/b4824bb/kuksa-val/kuksa-val-server/include/KuksaChannel.hpp
2026-01-18 18:04:28,381 - Knowledge - INFO - done ingest for /app/data/T0015/307413/b4824bb/kuksa-val/kuksa-val-server/src/VSSTypeSanitizer.cpp
2026-01-18 18:04:28,665 - Knowledge - INFO - process ingested knowledge for /app/data/T0015/307413/b4824bb/kuksa-val/kuksa-val-server/include/visconf.hpp
2026-01-18 18:04:29,077 - Knowledge - INFO - process ingested knowledge for /app/data/T0015/307413/b4824bb/kuksa-val/kuksa-val-server/include/VssCommandProcessor.hpp
2026-01-18 18:04:29,722 - Knowledge - INFO - [LLM_CALL] Completed: grpc.cmake:chunk1, Duration: 13880ms, PromptTokens: 2424, CompletionTokens: 59, Cost: $0.00027
2026-01-18 18:04:30,078 - Knowledge - INFO - done ingest for /app/data/T0015/307413/b4824bb/kuksa-val/kuksa-val-server/grpc.cmake
2026-01-18 18:04:31,794 - Knowledge - INFO - Processing batch of 4 files
2026-01-18 18:04:32,199 - Knowledge - INFO - process ingested knowledge for /app/data/T0015/307413/b4824bb/kuksa-val/kuksa-val-server/CMakeLists.txt
2026-01-18 18:04:32,838 - Knowledge - INFO - [LLM_CALL] Completed: SubscriptionHandler.cpp:chunk1, Duration: 20453ms, PromptTokens: 4688, CompletionTokens: 762, Cost: $0.00077
2026-01-18 18:04:33,029 - Knowledge - INFO - process ingested knowledge for /app/data/T0015/307413/b4824bb/kuksa-val/kuksa-val-server/config_grpc_client.ini
2026-01-18 18:04:33,075 - Knowledge - INFO - done ingest for /app/data/T0015/307413/b4824bb/kuksa-val/kuksa-val-server/src/SubscriptionHandler.cpp
2026-01-18 18:04:33,452 - Knowledge - INFO - [LLM_CALL] Completed: VssCommandSubscribe.cpp:chunk1, Duration: 27883ms, PromptTokens: 2410, CompletionTokens: 384, Cost: $0.00039
2026-01-18 18:04:33,670 - Knowledge - INFO - done ingest for /app/data/T0015/307413/b4824bb/kuksa-val/kuksa-val-server/src/VssCommandSubscribe.cpp
2026-01-18 18:04:33,692 - Knowledge - INFO - [LLM_CALL] Completed: boost.cmake:chunk1, Duration: 17768ms, PromptTokens: 2598, CompletionTokens: 393, Cost: $0.00042
2026-01-18 18:04:33,823 - Knowledge - INFO - process ingested knowledge for /app/data/T0015/307413/b4824bb/kuksa-val/kuksa-val-server/README.md
2026-01-18 18:04:34,095 - Knowledge - INFO - done ingest for /app/data/T0015/307413/b4824bb/kuksa-val/kuksa-val-server/boost.cmake
2026-01-18 18:04:34,172 - Knowledge - INFO - [WEBSOCKET] Sent: Type=progress_update, Size: 273, Duration: 0ms
2026-01-18 18:04:34,393 - Knowledge - INFO - process ingested knowledge for /app/data/T0015/307413/b4824bb/kuksa-val/kuksa-val-server/grpc.cmake
2026-01-18 18:04:35,017 - Knowledge - INFO - [WEBSOCKET] Sent: Type=unknown, Size: ?, Duration: 845ms
2026-01-18 18:04:35,313 - Knowledge - INFO - Progress: 74.0% | Files: 113/150 | Rate: 1.46 files/sec | Queue: 0
2026-01-18 18:04:35,849 - Knowledge - INFO - [LLM_CALL] Completed: VssCommandUnsubscribe.cpp:chunk1, Duration: 25046ms, PromptTokens: 2334, CompletionTokens: 357, Cost: $0.00038
2026-01-18 18:04:36,128 - Knowledge - INFO - done ingest for /app/data/T0015/307413/b4824bb/kuksa-val/kuksa-val-server/src/VssCommandUnsubscribe.cpp
2026-01-18 18:04:36,140 - Knowledge - INFO - [LLM_CALL] Completed: main.cpp:chunk1, Duration: 23728ms, PromptTokens: 6700, CompletionTokens: 630, Cost: $0.00092
2026-01-18 18:04:36,608 - Knowledge - INFO - done ingest for /app/data/T0015/307413/b4824bb/kuksa-val/kuksa-val-server/src/main.cpp
2026-01-18 18:04:37,686 - Knowledge - INFO - Processing batch of 4 files
2026-01-18 18:04:37,937 - Knowledge - INFO - process ingested knowledge for /app/data/T0015/307413/b4824bb/kuksa-val/kuksa-val-server/src/VssCommandSet.cpp
2026-01-18 18:04:38,644 - Knowledge - INFO - [LLM_CALL] Completed: ssl_stream.hpp:chunk1, Duration: 23834ms, PromptTokens: 4708, CompletionTokens: 713, Cost: $0.00076
2026-01-18 18:04:38,880 - Knowledge - INFO - done ingest for /app/data/T0015/307413/b4824bb/kuksa-val/kuksa-val-server/include/ssl_stream.hpp
2026-01-18 18:04:39,090 - Knowledge - INFO - [LLM_CALL] Completed: SubscriptionHandler.hpp:chunk1, Duration: 24364ms, PromptTokens: 2624, CompletionTokens: 711, Cost: $0.00055
2026-01-18 18:04:39,553 - Knowledge - INFO - done ingest for /app/data/T0015/307413/b4824bb/kuksa-val/kuksa-val-server/include/SubscriptionHandler.hpp
2026-01-18 18:04:40,054 - Knowledge - INFO - process ingested knowledge for /app/data/T0015/307413/b4824bb/kuksa-val/kuksa-val-server/src/AccessChecker.cpp
2026-01-18 18:04:40,065 - Knowledge - INFO - Processing batch of 4 files
2026-01-18 18:04:40,567 - Knowledge - INFO - process ingested knowledge for /app/data/T0015/307413/b4824bb/kuksa-val/kuksa-val-server/include/VSSPath.hpp
2026-01-18 18:04:41,331 - Knowledge - INFO - process ingested knowledge for /app/data/T0015/307413/b4824bb/kuksa-val/kuksa-val-server/include/OverlayLoader.hpp
2026-01-18 18:04:41,457 - Knowledge - INFO - process ingested knowledge for /app/data/T0015/307413/b4824bb/kuksa-val/kuksa-val-server/src/VSSTypeSanitizer.cpp
2026-01-18 18:04:41,499 - Knowledge - INFO - [LLM_CALL] Completed: grpcHandler.cpp:chunk1, Duration: 27233ms, PromptTokens: 12708, CompletionTokens: 957, Cost: $0.00165
2026-01-18 18:04:41,695 - Knowledge - INFO - process ingested knowledge for /app/data/T0015/307413/b4824bb/kuksa-val/kuksa-val-server/config.ini
2026-01-18 18:04:41,877 - Knowledge - INFO - process ingested knowledge for /app/data/T0015/307413/b4824bb/kuksa-val/kuksa-val-server/src/SubscriptionHandler.cpp
2026-01-18 18:04:41,909 - Knowledge - INFO - done ingest for /app/data/T0015/307413/b4824bb/kuksa-val/kuksa-val-server/src/grpcHandler.cpp
2026-01-18 18:04:42,040 - Knowledge - INFO - [WEBSOCKET] Sent: Type=progress_update, Size: 274, Duration: 48ms
2026-01-18 18:04:42,401 - Knowledge - INFO - process ingested knowledge for /app/data/T0015/307413/b4824bb/kuksa-val/kuksa-val-server/boost.cmake
2026-01-18 18:04:42,722 - Knowledge - INFO - [WEBSOCKET] Sent: Type=unknown, Size: ?, Duration: 731ms
2026-01-18 18:04:43,034 - Knowledge - INFO - Progress: 81.3% | Files: 124/150 | Rate: 1.46 files/sec | Queue: 0
2026-01-18 18:04:44,166 - Knowledge - INFO - Processing batch of 4 files
2026-01-18 18:04:44,210 - Knowledge - INFO - Processing batch of 4 files
2026-01-18 18:04:44,215 - Knowledge - INFO - Processing batch of 4 files
2026-01-18 18:04:44,463 - Knowledge - INFO - process ingested knowledge for /app/data/T0015/307413/b4824bb/kuksa-val/kuksa-val-server/include/interface/ILogger.hpp
2026-01-18 18:04:44,497 - Knowledge - INFO - [LLM_CALL] Completed: VssDatabase.cpp:chunk1, Duration: 40907ms, PromptTokens: 10216, CompletionTokens: 1179, Cost: $0.00149
2026-01-18 18:04:44,655 - Knowledge - INFO - process ingested knowledge for /app/data/T0015/307413/b4824bb/kuksa-val/kuksa-val-server/src/grpcHandler.cpp
2026-01-18 18:04:44,822 - Knowledge - INFO - process ingested knowledge for /app/data/T0015/307413/b4824bb/kuksa-val/kuksa-val-server/include/VssDatabase_Record.hpp
2026-01-18 18:04:45,425 - Knowledge - INFO - done ingest for /app/data/T0015/307413/b4824bb/kuksa-val/kuksa-val-server/src/VssDatabase.cpp
2026-01-18 18:04:45,427 - Knowledge - INFO - [LLM_CALL] Completed: WebSockHttpFlexServer.hpp:chunk1, Duration: 22148ms, PromptTokens: 2386, CompletionTokens: 457, Cost: $0.00042
2026-01-18 18:04:45,974 - Knowledge - INFO - done ingest for /app/data/T0015/307413/b4824bb/kuksa-val/kuksa-val-server/include/WebSockHttpFlexServer.hpp
2026-01-18 18:04:45,976 - Knowledge - INFO - [LLM_CALL] Completed: JsonResponses.cpp:chunk1, Duration: 26702ms, PromptTokens: 4544, CompletionTokens: 541, Cost: $0.00067
2026-01-18 18:04:45,989 - Knowledge - INFO - process ingested knowledge for /app/data/T0015/307413/b4824bb/kuksa-val/kuksa-val-server/docker/startkuksaval.sh
2026-01-18 18:04:45,991 - Knowledge - INFO - process ingested knowledge for /app/data/T0015/307413/b4824bb/kuksa-val/kuksa-val-server/include/Authenticator.hpp
2026-01-18 18:04:46,645 - Knowledge - INFO - done ingest for /app/data/T0015/307413/b4824bb/kuksa-val/kuksa-val-server/src/JsonResponses.cpp
2026-01-18 18:04:46,887 - Knowledge - INFO - process ingested knowledge for /app/data/T0015/307413/b4824bb/kuksa-val/kuksa-val-server/include/AccessChecker.hpp
2026-01-18 18:04:46,905 - Knowledge - INFO - process ingested knowledge for /app/data/T0015/307413/b4824bb/kuksa-val/kuksa-val-server/docker/collect-deployment-artifacts.sh
2026-01-18 18:04:46,970 - Knowledge - INFO - [WEBSOCKET] Sent: Type=progress_update, Size: 273, Duration: 0ms
2026-01-18 18:04:47,593 - Knowledge - INFO - process ingested knowledge for /app/data/T0015/307413/b4824bb/kuksa-val/kuksa-val-server/include/SubscriptionHandler.hpp
2026-01-18 18:04:47,647 - Knowledge - INFO - process ingested knowledge for /app/data/T0015/307413/b4824bb/kuksa-val/kuksa-val-server/include/grpcHandler.hpp
2026-01-18 18:04:47,729 - Knowledge - INFO - [LLM_CALL] Completed: JsonResponses.hpp:chunk1, Duration: 34189ms, PromptTokens: 2018, CompletionTokens: 587, Cost: $0.00044
2026-01-18 18:04:47,825 - Knowledge - INFO - process ingested knowledge for /app/data/T0015/307413/b4824bb/kuksa-val/kuksa-val-server/include/ssl_stream.hpp
2026-01-18 18:04:48,150 - Knowledge - INFO - process ingested knowledge for /app/data/T0015/307413/b4824bb/kuksa-val/kuksa-val-server/include/exception.hpp
2026-01-18 18:04:48,229 - Knowledge - INFO - done ingest for /app/data/T0015/307413/b4824bb/kuksa-val/kuksa-val-server/include/JsonResponses.hpp
2026-01-18 18:04:48,240 - Knowledge - INFO - [WEBSOCKET] Sent: Type=unknown, Size: ?, Duration: 1270ms
2026-01-18 18:04:48,919 - Knowledge - INFO - Progress: 86.7% | Files: 131/150 | Rate: 1.45 files/sec | Queue: 0
2026-01-18 18:04:48,919 - Knowledge - INFO - [LLM_CALL] Completed: VSSRequestValidator.cpp:chunk1, Duration: 43471ms, PromptTokens: 2756, CompletionTokens: 619, Cost: $0.00052
2026-01-18 18:04:49,232 - Knowledge - INFO - done ingest for /app/data/T0015/307413/b4824bb/kuksa-val/kuksa-val-server/src/VSSRequestValidator.cpp
2026-01-18 18:04:49,255 - Knowledge - INFO - [LLM_CALL] Completed: WebSockHttpFlexServer.cpp:chunk1, Duration: 35716ms, PromptTokens: 20752, CompletionTokens: 1284, Cost: $0.00259
2026-01-18 18:04:49,590 - Knowledge - INFO - done ingest for /app/data/T0015/307413/b4824bb/kuksa-val/kuksa-val-server/src/WebSockHttpFlexServer.cpp
2026-01-18 18:04:49,597 - Knowledge - INFO - [LLM_CALL] Completed: MQTTPublisher.cpp:chunk1, Duration: 37184ms, PromptTokens: 4170, CompletionTokens: 685, Cost: $0.00069
2026-01-18 18:04:49,695 - Knowledge - INFO - process ingested knowledge for /app/data/T0015/307413/b4824bb/kuksa-val/kuksa-val-server/include/VssDatabase.hpp
2026-01-18 18:04:49,934 - Knowledge - INFO - done ingest for /app/data/T0015/307413/b4824bb/kuksa-val/kuksa-val-server/src/MQTTPublisher.cpp
2026-01-18 18:04:49,935 - Knowledge - INFO - [LLM_CALL] Completed: Authenticator.cpp:chunk1, Duration: 47590ms, PromptTokens: 3350, CompletionTokens: 547, Cost: $0.00055
2026-01-18 18:04:50,223 - Knowledge - INFO - done ingest for /app/data/T0015/307413/b4824bb/kuksa-val/kuksa-val-server/src/Authenticator.cpp
2026-01-18 18:04:50,263 - Knowledge - INFO - [WEBSOCKET] Sent: Type=progress_update, Size: 273, Duration: 0ms
2026-01-18 18:04:50,891 - Knowledge - INFO - [WEBSOCKET] Sent: Type=unknown, Size: ?, Duration: 629ms
2026-01-18 18:04:51,121 - Knowledge - INFO - Progress: 90.0% | Files: 141/150 | Rate: 1.51 files/sec | Queue: 0
2026-01-18 18:04:51,124 - Knowledge - INFO - [LLM_CALL] Completed: VssCommandProcessor.cpp:chunk1, Duration: 40328ms, PromptTokens: 5742, CompletionTokens: 696, Cost: $0.00085
2026-01-18 18:04:51,395 - Knowledge - INFO - done ingest for /app/data/T0015/307413/b4824bb/kuksa-val/kuksa-val-server/src/VssCommandProcessor.cpp
2026-01-18 18:04:51,416 - Knowledge - INFO - Processing batch of 4 files
2026-01-18 18:04:51,416 - Knowledge - INFO - Processing batch of 4 files
2026-01-18 18:04:51,417 - Knowledge - INFO - Processing batch of 4 files
2026-01-18 18:04:51,420 - Knowledge - INFO - Processing batch of 4 files
2026-01-18 18:04:51,771 - Knowledge - INFO - process ingested knowledge for /app/data/T0015/307413/b4824bb/kuksa-val/kuksa-val-server/src/MQTTPublisher.cpp
2026-01-18 18:04:51,801 - Knowledge - INFO - [LLM_CALL] Completed: VssCommandGet.cpp:chunk1, Duration: 38263ms, PromptTokens: 2874, CompletionTokens: 519, Cost: $0.00049
2026-01-18 18:04:51,889 - Knowledge - INFO - process ingested knowledge for /app/data/T0015/307413/b4824bb/kuksa-val/kuksa-val-server/src/VssDatabase.cpp
2026-01-18 18:04:51,977 - Knowledge - INFO - process ingested knowledge for /app/data/T0015/307413/b4824bb/kuksa-val/kuksa-val-server/src/VssCommandSubscribe.cpp
2026-01-18 18:04:52,063 - Knowledge - INFO - process ingested knowledge for /app/data/T0015/307413/b4824bb/kuksa-val/kuksa-val-server/include/BasicLogger.hpp
2026-01-18 18:04:52,148 - Knowledge - INFO - process ingested knowledge for /app/data/T0015/307413/b4824bb/kuksa-val/kuksa-val-server/src/Readme.md
2026-01-18 18:04:52,235 - Knowledge - INFO - done ingest for /app/data/T0015/307413/b4824bb/kuksa-val/kuksa-val-server/src/VssCommandGet.cpp
2026-01-18 18:04:52,340 - Knowledge - INFO - process ingested knowledge for /app/data/T0015/307413/b4824bb/kuksa-val/kuksa-val-server/src/VSSPath.cpp
2026-01-18 18:04:52,418 - Knowledge - INFO - process ingested knowledge for /app/data/T0015/307413/b4824bb/kuksa-val/kuksa-val-server/src/CMakeLists.txt
2026-01-18 18:04:52,490 - Knowledge - INFO - process ingested knowledge for /app/data/T0015/307413/b4824bb/kuksa-val/kuksa-val-server/include/JsonResponses.hpp
2026-01-18 18:04:52,583 - Knowledge - INFO - process ingested knowledge for /app/data/T0015/307413/b4824bb/kuksa-val/kuksa-val-server/src/JsonResponses.cpp
2026-01-18 18:04:52,749 - Knowledge - INFO - Processing batch of 4 files
2026-01-18 18:04:52,772 - Knowledge - INFO - process ingested knowledge for /app/data/T0015/307413/b4824bb/kuksa-val/kuksa-val-server/src/OverlayLoader.cpp
2026-01-18 18:04:52,867 - Knowledge - INFO - process ingested knowledge for /app/data/T0015/307413/b4824bb/kuksa-val/kuksa-val-server/src/VssCommandUnsubscribe.cpp
2026-01-18 18:04:52,944 - Knowledge - INFO - process ingested knowledge for /app/data/T0015/307413/b4824bb/kuksa-val/kuksa-val-server/include/MQTTPublisher.hpp
2026-01-18 18:04:53,074 - Knowledge - INFO - process ingested knowledge for /app/data/T0015/307413/b4824bb/kuksa-val/kuksa-val-server/src/BasicLogger.cpp
2026-01-18 18:04:53,157 - Knowledge - INFO - process ingested knowledge for /app/data/T0015/307413/b4824bb/kuksa-val/kuksa-val-server/src/Authenticator.cpp
2026-01-18 18:04:53,242 - Knowledge - INFO - process ingested knowledge for /app/data/T0015/307413/b4824bb/kuksa-val/kuksa-val-server/src/main.cpp
2026-01-18 18:04:53,318 - Knowledge - INFO - process ingested knowledge for /app/data/T0015/307413/b4824bb/kuksa-val/kuksa-val-server/src/WebSockHttpFlexServer.cpp
2026-01-18 18:04:53,400 - Knowledge - INFO - process ingested knowledge for /app/data/T0015/307413/b4824bb/kuksa-val/kuksa-val-server/include/WebSockHttpFlexServer.hpp
2026-01-18 18:04:53,594 - Knowledge - INFO - process ingested knowledge for /app/data/T0015/307413/b4824bb/kuksa-val/kuksa-val-server/src/VSSRequestValidator.cpp
2026-01-18 18:04:54,024 - Knowledge - INFO - process ingested knowledge for /app/data/T0015/307413/b4824bb/kuksa-val/kuksa-val-server/src/VssCommandProcessor.cpp
2026-01-18 18:04:54,026 - Knowledge - INFO - [WEBSOCKET] Sent: Type=progress_update, Size: 274, Duration: 0ms
2026-01-18 18:04:54,255 - Knowledge - INFO - process ingested knowledge for /app/data/T0015/307413/b4824bb/kuksa-val/kuksa-val-server/src/VssCommandGet.cpp
2026-01-18 18:04:54,336 - Knowledge - INFO - [WEBSOCKET] Sent: Type=unknown, Size: ?, Duration: 309ms
2026-01-18 18:04:54,519 - Knowledge - INFO - Progress: 100.0% | Files: 150/150 | Rate: 1.54 files/sec | Queue: 0
2026-01-18 18:04:54,806 - Knowledge - INFO - Knowledge creation complete
2026-01-18 18:04:54,965 - Knowledge - INFO - ==================================================
2026-01-18 18:04:55,129 - Knowledge - INFO - KNOWLEDGE GRAPH GENERATION PERFORMANCE SUMMARY
2026-01-18 18:04:55,301 - Knowledge - INFO - ==================================================
2026-01-18 18:04:55,493 - Knowledge - INFO - Total processing time: 98.28 seconds (1.64 minutes)
2026-01-18 18:04:55,711 - Knowledge - INFO - Files processed: 0
2026-01-18 18:04:55,915 - Knowledge - INFO - Processing rate: 0.00 files/second
2026-01-18 18:04:56,082 - Knowledge - INFO - 
[TIME_BREAKDOWN]
2026-01-18 18:04:56,242 - Knowledge - INFO - File Reading: 0.00s (0.0%)
2026-01-18 18:04:56,416 - Knowledge - INFO - LLM Processing: 677.53s (689.4%)
2026-01-18 18:04:56,612 - Knowledge - INFO - MongoDB Operations: 0.00s (0.0%)
2026-01-18 18:04:56,818 - Knowledge - INFO - Redis Operations: 0.00s (0.0%)
2026-01-18 18:04:56,998 - Knowledge - INFO - WebSocket Communication: 11.71s (11.9%)
2026-01-18 18:04:57,160 - Knowledge - INFO - 
[LLM_STATS]
2026-01-18 18:04:57,366 - Knowledge - INFO - Total LLM calls: 27
2026-01-18 18:04:57,565 - Knowledge - INFO - Average LLM response time: 25094ms
2026-01-18 18:04:57,706 - Knowledge - INFO - Average prompt tokens: 5000.0
2026-01-18 18:04:57,878 - Knowledge - INFO - Average completion tokens: 598.1
2026-01-18 18:04:58,049 - Knowledge - INFO - Total prompt tokens: 135000
2026-01-18 18:04:58,207 - Knowledge - INFO - Total completion tokens: 16150
2026-01-18 18:04:58,389 - Knowledge - INFO - Total LLM cost: $0.0200
2026-01-18 18:04:58,547 - Knowledge - INFO - 
[DATABASE_STATS]
2026-01-18 18:04:58,723 - Knowledge - INFO - MongoDB operations: 0
2026-01-18 18:04:58,890 - Knowledge - INFO - Redis operations: 0
2026-01-18 18:04:59,071 - Knowledge - INFO - 
[COMMUNICATION_STATS]
2026-01-18 18:04:59,240 - Knowledge - INFO - WebSocket messages sent: 24
2026-01-18 18:04:59,430 - Knowledge - INFO - Average message size: 145.8 bytes
2026-01-18 18:04:59,628 - Knowledge - INFO - 
[WORKER_STATS]
2026-01-18 18:04:59,790 - Knowledge - INFO - 
[FILE_TYPE_STATS]
2026-01-18 18:04:59,989 - Knowledge - INFO - 
[SLOWEST_FILES]
2026-01-18 18:05:00,138 - Knowledge - INFO - ==================================================
2026-01-18 18:05:00,296 - Knowledge - INFO - ==================================================
2026-01-18 18:05:00,464 - Knowledge - INFO - KNOWLEDGE GRAPH GENERATION PERFORMANCE SUMMARY
2026-01-18 18:05:00,637 - Knowledge - INFO - ==================================================
2026-01-18 18:05:00,811 - Knowledge - INFO - Total processing time: 103.67 seconds (1.73 minutes)
2026-01-18 18:05:01,012 - Knowledge - INFO - Files processed: 150 of 150
2026-01-18 18:05:01,245 - Knowledge - INFO - Processing rate: 1.45 files/second
2026-01-18 18:05:01,409 - Knowledge - INFO - WebSocket messages sent: 12
2026-01-18 18:05:01,628 - Knowledge - INFO - MongoDB operations: 150
2026-01-18 18:05:01,840 - Knowledge - INFO - Average MongoDB ops per file: 1.00
2026-01-18 18:05:01,993 - Knowledge - INFO - LLM costs: $0.0200
2026-01-18 18:05:02,148 - Knowledge - INFO - Prompt tokens: 135000
2026-01-18 18:05:02,317 - Knowledge - INFO - Completion tokens: 16150
2026-01-18 18:05:02,518 - Knowledge - INFO - Updating org costs, total cost: 0.01996
2026-01-18 18:05:03,707 - Knowledge - INFO - [WEBSOCKET] Sent: Type=progress_update, Size: 268, Duration: 0ms
2026-01-18 18:05:03,895 - Knowledge - INFO - Saving knowledge to Redis...
2026-01-18 18:05:04,220 - Knowledge - INFO - Knowledge saved to Redis successfully
2026-01-18 19:06:22,968 - Knowledge - INFO - Created shared MongoDB connection pool
2026-01-18 19:06:23,294 - Knowledge - INFO - Starting Knowledge Graph processing with 20 threads
2026-01-18 19:06:23,476 - Knowledge - INFO - Initial configuration: chunk_size=65536, max_cache_size=500
2026-01-18 19:06:23,645 - Knowledge - INFO - Knowledge Graph concurrency configuration: workers=20, max_batch_size=10, max_concurrent_llm_calls=50
2026-01-18 19:06:24,527 - Knowledge - INFO - 🔍 _load_persisted_knowledge called - checking for Redis optimization
2026-01-18 19:06:24,723 - Knowledge - WARNING - ❌ load_from_redis method not found - Redis support not attached
2026-01-18 19:06:24,900 - Knowledge - INFO - load persisted knowledge: begin
2026-01-18 19:06:26,421 - Knowledge - INFO - Persisted knowledge files in /app/data/T0015/307413/b4824bb/kuksa-val/.knowledge have been renamed to use .json
2026-01-18 19:06:26,606 - Knowledge - INFO - Found code-base-name: https://github.com/DarssiniRamesh/kuksa-val.git:kavia-master
2026-01-18 19:06:26,774 - Knowledge - INFO - Found code_base: <app.utils.kg_build.knowledge.KnowledgeCodeBase object at 0x7f75cb4e6290>
2026-01-18 19:06:27,075 - Knowledge - INFO - Found code-base-name: https://github.com/DarssiniRamesh/kuksa-val.git:kavia-master
2026-01-18 19:06:27,233 - Knowledge - INFO - Found code_base: <app.utils.kg_build.knowledge.KnowledgeCodeBase object at 0x7f75cb4e6290>
2026-01-18 19:06:27,407 - Knowledge - INFO - persist ingested knowledge for /app/data/T0015/307413/b4824bb/kuksa-val/kuksa-val-server/CMakeLists.txt
2026-01-18 19:06:27,676 - Knowledge - INFO - [MONGODB_OP] Completed: persist, Collection: file_info, Duration: 101ms
2026-01-18 19:06:28,751 - Knowledge - INFO - [REDIS_OP] Completed: store_embedding, Key: kuksa-val-server/CMakeLists.txt, Duration: 884ms
2026-01-18 19:06:28,944 - Knowledge - INFO - persist search terms embedding for kuksa-val-server/CMakeLists.txt
2026-01-18 19:06:29,134 - Knowledge - INFO - process ingested knowledge for /app/data/T0015/307413/b4824bb/kuksa-val/kuksa-val-server/CMakeLists.txt
2026-01-18 19:06:29,295 - Knowledge - INFO - Found code-base-name: https://github.com/DarssiniRamesh/kuksa-val.git:kavia-master
2026-01-18 19:06:29,481 - Knowledge - INFO - Found code_base: <app.utils.kg_build.knowledge.KnowledgeCodeBase object at 0x7f75cb4e6290>
2026-01-18 19:06:29,726 - Knowledge - INFO - Found code-base-name: https://github.com/DarssiniRamesh/kuksa-val.git:kavia-master
2026-01-18 19:06:29,925 - Knowledge - INFO - Found code_base: <app.utils.kg_build.knowledge.KnowledgeCodeBase object at 0x7f75cb4e6290>
2026-01-18 19:06:30,084 - Knowledge - INFO - persist ingested knowledge for /app/data/T0015/307413/b4824bb/kuksa-val/kuksa-val-server/test/unit-test/mock/IVssDatabaseMock.hpp
2026-01-18 19:06:30,357 - Knowledge - INFO - [MONGODB_OP] Completed: persist, Collection: file_info, Duration: 90ms
2026-01-18 19:06:30,810 - Knowledge - INFO - [REDIS_OP] Completed: store_embedding, Key: kuksa-val-server/test/unit-test/mock/IVssDatabaseMock.hpp, Duration: 271ms
2026-01-18 19:06:31,022 - Knowledge - INFO - persist search terms embedding for kuksa-val-server/test/unit-test/mock/IVssDatabaseMock.hpp
2026-01-18 19:06:31,170 - Knowledge - INFO - process ingested knowledge for /app/data/T0015/307413/b4824bb/kuksa-val/kuksa-val-server/test/unit-test/mock/IVssDatabaseMock.hpp
2026-01-18 19:06:31,340 - Knowledge - INFO - Found code-base-name: https://github.com/DarssiniRamesh/kuksa-val.git:kavia-master
2026-01-18 19:06:31,502 - Knowledge - INFO - Found code_base: <app.utils.kg_build.knowledge.KnowledgeCodeBase object at 0x7f75cb4e6290>
2026-01-18 19:06:31,748 - Knowledge - INFO - Found code-base-name: https://github.com/DarssiniRamesh/kuksa-val.git:kavia-master
2026-01-18 19:06:31,940 - Knowledge - INFO - Found code_base: <app.utils.kg_build.knowledge.KnowledgeCodeBase object at 0x7f75cb4e6290>
2026-01-18 19:06:32,132 - Knowledge - INFO - persist ingested knowledge for /app/data/T0015/307413/b4824bb/kuksa-val/kuksa-val-server/test/unit-test/KuksavalUnitTest.cpp
2026-01-18 19:06:32,407 - Knowledge - INFO - [MONGODB_OP] Completed: persist, Collection: file_info, Duration: 105ms
2026-01-18 19:06:32,859 - Knowledge - INFO - [REDIS_OP] Completed: store_embedding, Key: kuksa-val-server/test/unit-test/KuksavalUnitTest.cpp, Duration: 272ms
2026-01-18 19:06:33,017 - Knowledge - INFO - persist search terms embedding for kuksa-val-server/test/unit-test/KuksavalUnitTest.cpp
2026-01-18 19:06:33,273 - Knowledge - INFO - process ingested knowledge for /app/data/T0015/307413/b4824bb/kuksa-val/kuksa-val-server/test/unit-test/KuksavalUnitTest.cpp
2026-01-18 19:06:33,448 - Knowledge - INFO - Found code-base-name: https://github.com/DarssiniRamesh/kuksa-val.git:kavia-master
2026-01-18 19:06:33,641 - Knowledge - INFO - Found code_base: <app.utils.kg_build.knowledge.KnowledgeCodeBase object at 0x7f75cb4e6290>
2026-01-18 19:06:33,921 - Knowledge - INFO - Found code-base-name: https://github.com/DarssiniRamesh/kuksa-val.git:kavia-master
2026-01-18 19:06:34,092 - Knowledge - INFO - Found code_base: <app.utils.kg_build.knowledge.KnowledgeCodeBase object at 0x7f75cb4e6290>
2026-01-18 19:06:34,255 - Knowledge - INFO - persist ingested knowledge for /app/data/T0015/307413/b4824bb/kuksa-val/doc/pictures/README.md
2026-01-18 19:06:34,571 - Knowledge - INFO - [MONGODB_OP] Completed: persist, Collection: file_info, Duration: 99ms
2026-01-18 19:06:34,925 - Knowledge - INFO - [REDIS_OP] Completed: store_embedding, Key: doc/pictures/README.md, Duration: 182ms
2026-01-18 19:06:35,167 - Knowledge - INFO - persist search terms embedding for doc/pictures/README.md
2026-01-18 19:06:35,375 - Knowledge - INFO - process ingested knowledge for /app/data/T0015/307413/b4824bb/kuksa-val/doc/pictures/README.md
2026-01-18 19:06:35,578 - Knowledge - INFO - Found code-base-name: https://github.com/DarssiniRamesh/kuksa-val.git:kavia-master
2026-01-18 19:06:35,740 - Knowledge - INFO - Found code_base: <app.utils.kg_build.knowledge.KnowledgeCodeBase object at 0x7f75cb4e6290>
2026-01-18 19:06:36,030 - Knowledge - INFO - Found code-base-name: https://github.com/DarssiniRamesh/kuksa-val.git:kavia-master
2026-01-18 19:06:36,209 - Knowledge - INFO - Found code_base: <app.utils.kg_build.knowledge.KnowledgeCodeBase object at 0x7f75cb4e6290>
2026-01-18 19:06:36,401 - Knowledge - INFO - persist ingested knowledge for /app/data/T0015/307413/b4824bb/kuksa-val/test/stresstest/server.py
2026-01-18 19:06:36,657 - Knowledge - INFO - [MONGODB_OP] Completed: persist, Collection: file_info, Duration: 93ms
2026-01-18 19:06:37,182 - Knowledge - INFO - [REDIS_OP] Completed: store_embedding, Key: test/stresstest/server.py, Duration: 321ms
2026-01-18 19:06:37,366 - Knowledge - INFO - persist search terms embedding for test/stresstest/server.py
2026-01-18 19:06:37,563 - Knowledge - INFO - process ingested knowledge for /app/data/T0015/307413/b4824bb/kuksa-val/test/stresstest/server.py
2026-01-18 19:06:37,751 - Knowledge - INFO - Found code-base-name: https://github.com/DarssiniRamesh/kuksa-val.git:kavia-master
2026-01-18 19:06:37,960 - Knowledge - INFO - Found code_base: <app.utils.kg_build.knowledge.KnowledgeCodeBase object at 0x7f75cb4e6290>
2026-01-18 19:06:38,234 - Knowledge - INFO - Found code-base-name: https://github.com/DarssiniRamesh/kuksa-val.git:kavia-master
2026-01-18 19:06:38,455 - Knowledge - INFO - Found code_base: <app.utils.kg_build.knowledge.KnowledgeCodeBase object at 0x7f75cb4e6290>
2026-01-18 19:06:38,688 - Knowledge - INFO - persist ingested knowledge for /app/data/T0015/307413/b4824bb/kuksa-val/kuksa_certificates/README.md
2026-01-18 19:06:38,990 - Knowledge - INFO - [MONGODB_OP] Completed: persist, Collection: file_info, Duration: 84ms
2026-01-18 19:06:39,413 - Knowledge - INFO - [REDIS_OP] Completed: store_embedding, Key: kuksa_certificates/README.md, Duration: 252ms
2026-01-18 19:06:39,587 - Knowledge - INFO - persist search terms embedding for kuksa_certificates/README.md
2026-01-18 19:06:39,743 - Knowledge - INFO - process ingested knowledge for /app/data/T0015/307413/b4824bb/kuksa-val/kuksa_certificates/README.md
2026-01-18 19:06:39,925 - Knowledge - INFO - Found code-base-name: https://github.com/DarssiniRamesh/kuksa-val.git:kavia-master
2026-01-18 19:06:40,144 - Knowledge - INFO - Found code_base: <app.utils.kg_build.knowledge.KnowledgeCodeBase object at 0x7f75cb4e6290>
2026-01-18 19:06:40,443 - Knowledge - INFO - Found code-base-name: https://github.com/DarssiniRamesh/kuksa-val.git:kavia-master
2026-01-18 19:06:40,620 - Knowledge - INFO - Found code_base: <app.utils.kg_build.knowledge.KnowledgeCodeBase object at 0x7f75cb4e6290>
2026-01-18 19:06:40,791 - Knowledge - INFO - persist ingested knowledge for /app/data/T0015/307413/b4824bb/kuksa-val/kuksa-val-server/include/ssl_stream.hpp
2026-01-18 19:06:41,084 - Knowledge - INFO - [MONGODB_OP] Completed: persist, Collection: file_info, Duration: 101ms
2026-01-18 19:06:41,486 - Knowledge - INFO - [REDIS_OP] Completed: store_embedding, Key: kuksa-val-server/include/ssl_stream.hpp, Duration: 208ms
2026-01-18 19:06:41,646 - Knowledge - INFO - persist search terms embedding for kuksa-val-server/include/ssl_stream.hpp
2026-01-18 19:06:41,832 - Knowledge - INFO - process ingested knowledge for /app/data/T0015/307413/b4824bb/kuksa-val/kuksa-val-server/include/ssl_stream.hpp
2026-01-18 19:06:42,033 - Knowledge - INFO - Found code-base-name: https://github.com/DarssiniRamesh/kuksa-val.git:kavia-master
2026-01-18 19:06:42,249 - Knowledge - INFO - Found code_base: <app.utils.kg_build.knowledge.KnowledgeCodeBase object at 0x7f75cb4e6290>
2026-01-18 19:06:42,505 - Knowledge - INFO - Found code-base-name: https://github.com/DarssiniRamesh/kuksa-val.git:kavia-master
2026-01-18 19:06:42,742 - Knowledge - INFO - Found code_base: <app.utils.kg_build.knowledge.KnowledgeCodeBase object at 0x7f75cb4e6290>
2026-01-18 19:06:42,968 - Knowledge - INFO - persist ingested knowledge for /app/data/T0015/307413/b4824bb/kuksa-val/doc/wildcard_matching.md
2026-01-18 19:06:43,252 - Knowledge - INFO - [MONGODB_OP] Completed: persist, Collection: file_info, Duration: 90ms
2026-01-18 19:06:43,738 - Knowledge - INFO - [REDIS_OP] Completed: store_embedding, Key: doc/wildcard_matching.md, Duration: 254ms
2026-01-18 19:06:43,944 - Knowledge - INFO - persist search terms embedding for doc/wildcard_matching.md
2026-01-18 19:06:44,104 - Knowledge - INFO - process ingested knowledge for /app/data/T0015/307413/b4824bb/kuksa-val/doc/wildcard_matching.md
2026-01-18 19:06:44,282 - Knowledge - INFO - Found code-base-name: https://github.com/DarssiniRamesh/kuksa-val.git:kavia-master
2026-01-18 19:06:44,463 - Knowledge - INFO - Found code_base: <app.utils.kg_build.knowledge.KnowledgeCodeBase object at 0x7f75cb4e6290>
2026-01-18 19:06:44,747 - Knowledge - INFO - Found code-base-name: https://github.com/DarssiniRamesh/kuksa-val.git:kavia-master
2026-01-18 19:06:44,895 - Knowledge - INFO - Found code_base: <app.utils.kg_build.knowledge.KnowledgeCodeBase object at 0x7f75cb4e6290>
2026-01-18 19:06:45,063 - Knowledge - INFO - persist ingested knowledge for /app/data/T0015/307413/b4824bb/kuksa-val/test/stresstest/client.py
2026-01-18 19:06:45,393 - Knowledge - INFO - [MONGODB_OP] Completed: persist, Collection: file_info, Duration: 103ms
2026-01-18 19:06:45,823 - Knowledge - INFO - [REDIS_OP] Completed: store_embedding, Key: test/stresstest/client.py, Duration: 274ms
2026-01-18 19:06:46,013 - Knowledge - INFO - persist search terms embedding for test/stresstest/client.py
2026-01-18 19:06:46,188 - Knowledge - INFO - process ingested knowledge for /app/data/T0015/307413/b4824bb/kuksa-val/test/stresstest/client.py
2026-01-18 19:06:46,394 - Knowledge - INFO - Found code-base-name: https://github.com/DarssiniRamesh/kuksa-val.git:kavia-master
2026-01-18 19:06:46,618 - Knowledge - INFO - Found code_base: <app.utils.kg_build.knowledge.KnowledgeCodeBase object at 0x7f75cb4e6290>
2026-01-18 19:06:46,858 - Knowledge - INFO - Found code-base-name: https://github.com/DarssiniRamesh/kuksa-val.git:kavia-master
2026-01-18 19:06:47,025 - Knowledge - INFO - Found code_base: <app.utils.kg_build.knowledge.KnowledgeCodeBase object at 0x7f75cb4e6290>
2026-01-18 19:06:47,217 - Knowledge - INFO - persist ingested knowledge for /app/data/T0015/307413/b4824bb/kuksa-val/kuksa-val-server/test/unit-test/VSSTypeSanitizerTests.cpp
2026-01-18 19:06:47,510 - Knowledge - INFO - [MONGODB_OP] Completed: persist, Collection: file_info, Duration: 100ms
2026-01-18 19:06:47,909 - Knowledge - INFO - [REDIS_OP] Completed: store_embedding, Key: kuksa-val-server/test/unit-test/VSSTypeSanitizerTests.cpp, Duration: 205ms
2026-01-18 19:06:48,059 - Knowledge - INFO - persist search terms embedding for kuksa-val-server/test/unit-test/VSSTypeSanitizerTests.cpp
2026-01-18 19:06:48,309 - Knowledge - INFO - process ingested knowledge for /app/data/T0015/307413/b4824bb/kuksa-val/kuksa-val-server/test/unit-test/VSSTypeSanitizerTests.cpp
2026-01-18 19:06:48,486 - Knowledge - INFO - Found code-base-name: https://github.com/DarssiniRamesh/kuksa-val.git:kavia-master
2026-01-18 19:06:48,694 - Knowledge - INFO - Found code_base: <app.utils.kg_build.knowledge.KnowledgeCodeBase object at 0x7f75cb4e6290>
2026-01-18 19:06:48,995 - Knowledge - INFO - Found code-base-name: https://github.com/DarssiniRamesh/kuksa-val.git:kavia-master
2026-01-18 19:06:49,179 - Knowledge - INFO - Found code_base: <app.utils.kg_build.knowledge.KnowledgeCodeBase object at 0x7f75cb4e6290>
2026-01-18 19:06:49,353 - Knowledge - INFO - persist ingested knowledge for /app/data/T0015/307413/b4824bb/kuksa-val/kuksa_apps/s3/requirements.txt
2026-01-18 19:06:49,608 - Knowledge - INFO - [MONGODB_OP] Completed: persist, Collection: file_info, Duration: 87ms
2026-01-18 19:06:49,967 - Knowledge - INFO - [REDIS_OP] Completed: store_embedding, Key: kuksa_apps/s3/requirements.txt, Duration: 206ms
2026-01-18 19:06:50,139 - Knowledge - INFO - persist search terms embedding for kuksa_apps/s3/requirements.txt
2026-01-18 19:06:50,300 - Knowledge - INFO - process ingested knowledge for /app/data/T0015/307413/b4824bb/kuksa-val/kuksa_apps/s3/requirements.txt
2026-01-18 19:06:50,492 - Knowledge - INFO - Found code-base-name: https://github.com/DarssiniRamesh/kuksa-val.git:kavia-master
2026-01-18 19:06:50,700 - Knowledge - INFO - Found code_base: <app.utils.kg_build.knowledge.KnowledgeCodeBase object at 0x7f75cb4e6290>
2026-01-18 19:06:50,981 - Knowledge - INFO - Found code-base-name: https://github.com/DarssiniRamesh/kuksa-val.git:kavia-master
2026-01-18 19:06:51,186 - Knowledge - INFO - Found code_base: <app.utils.kg_build.knowledge.KnowledgeCodeBase object at 0x7f75cb4e6290>
2026-01-18 19:06:51,393 - Knowledge - INFO - persist ingested knowledge for /app/data/T0015/307413/b4824bb/kuksa-val/kuksa-val-server/test/unit-test/AccessCheckerTests.cpp
2026-01-18 19:06:51,696 - Knowledge - INFO - [MONGODB_OP] Completed: persist, Collection: file_info, Duration: 97ms
2026-01-18 19:06:52,117 - Knowledge - INFO - [REDIS_OP] Completed: store_embedding, Key: kuksa-val-server/test/unit-test/AccessCheckerTests.cpp, Duration: 250ms
2026-01-18 19:06:52,289 - Knowledge - INFO - persist search terms embedding for kuksa-val-server/test/unit-test/AccessCheckerTests.cpp
2026-01-18 19:06:52,464 - Knowledge - INFO - process ingested knowledge for /app/data/T0015/307413/b4824bb/kuksa-val/kuksa-val-server/test/unit-test/AccessCheckerTests.cpp
2026-01-18 19:06:52,634 - Knowledge - INFO - Found code-base-name: https://github.com/DarssiniRamesh/kuksa-val.git:kavia-master
2026-01-18 19:06:52,804 - Knowledge - INFO - Found code_base: <app.utils.kg_build.knowledge.KnowledgeCodeBase object at 0x7f75cb4e6290>
2026-01-18 19:06:53,052 - Knowledge - INFO - Found code-base-name: https://github.com/DarssiniRamesh/kuksa-val.git:kavia-master
2026-01-18 19:06:53,265 - Knowledge - INFO - Found code_base: <app.utils.kg_build.knowledge.KnowledgeCodeBase object at 0x7f75cb4e6290>
2026-01-18 19:06:53,433 - Knowledge - INFO - persist ingested knowledge for /app/data/T0015/307413/b4824bb/kuksa-val/doc/KUKSA.val_server/liveUpdateVSSTree.md
2026-01-18 19:06:53,692 - Knowledge - INFO - [MONGODB_OP] Completed: persist, Collection: file_info, Duration: 84ms
2026-01-18 19:06:54,122 - Knowledge - INFO - [REDIS_OP] Completed: store_embedding, Key: doc/KUKSA.val_server/liveUpdateVSSTree.md, Duration: 229ms
2026-01-18 19:06:54,320 - Knowledge - INFO - persist search terms embedding for doc/KUKSA.val_server/liveUpdateVSSTree.md
2026-01-18 19:06:54,518 - Knowledge - INFO - process ingested knowledge for /app/data/T0015/307413/b4824bb/kuksa-val/doc/KUKSA.val_server/liveUpdateVSSTree.md
2026-01-18 19:06:54,739 - Knowledge - INFO - Found code-base-name: https://github.com/DarssiniRamesh/kuksa-val.git:kavia-master
2026-01-18 19:06:54,948 - Knowledge - INFO - Found code_base: <app.utils.kg_build.knowledge.KnowledgeCodeBase object at 0x7f75cb4e6290>
2026-01-18 19:06:55,188 - Knowledge - INFO - Found code-base-name: https://github.com/DarssiniRamesh/kuksa-val.git:kavia-master
2026-01-18 19:06:55,354 - Knowledge - INFO - Found code_base: <app.utils.kg_build.knowledge.KnowledgeCodeBase object at 0x7f75cb4e6290>
2026-01-18 19:06:55,561 - Knowledge - INFO - persist ingested knowledge for /app/data/T0015/307413/b4824bb/kuksa-val/kuksa-val-server/test/stresstest/config.ini
2026-01-18 19:06:55,810 - Knowledge - INFO - [MONGODB_OP] Completed: persist, Collection: file_info, Duration: 85ms
2026-01-18 19:06:56,213 - Knowledge - INFO - [REDIS_OP] Completed: store_embedding, Key: kuksa-val-server/test/stresstest/config.ini, Duration: 202ms
2026-01-18 19:06:56,393 - Knowledge - INFO - persist search terms embedding for kuksa-val-server/test/stresstest/config.ini
2026-01-18 19:06:56,589 - Knowledge - INFO - process ingested knowledge for /app/data/T0015/307413/b4824bb/kuksa-val/kuksa-val-server/test/stresstest/config.ini
2026-01-18 19:06:56,733 - Knowledge - INFO - Found code-base-name: https://github.com/DarssiniRamesh/kuksa-val.git:kavia-master
2026-01-18 19:06:56,896 - Knowledge - INFO - Found code_base: <app.utils.kg_build.knowledge.KnowledgeCodeBase object at 0x7f75cb4e6290>
2026-01-18 19:06:57,188 - Knowledge - INFO - Found code-base-name: https://github.com/DarssiniRamesh/kuksa-val.git:kavia-master
2026-01-18 19:06:57,356 - Knowledge - INFO - Found code_base: <app.utils.kg_build.knowledge.KnowledgeCodeBase object at 0x7f75cb4e6290>
2026-01-18 19:06:57,538 - Knowledge - INFO - persist ingested knowledge for /app/data/T0015/307413/b4824bb/kuksa-val/kuksa_apps/node-red/websocket-advanced.json
2026-01-18 19:06:57,800 - Knowledge - INFO - [MONGODB_OP] Completed: persist, Collection: file_info, Duration: 100ms
2026-01-18 19:06:58,185 - Knowledge - INFO - [REDIS_OP] Completed: store_embedding, Key: kuksa_apps/node-red/websocket-advanced.json, Duration: 207ms
2026-01-18 19:06:58,348 - Knowledge - INFO - persist search terms embedding for kuksa_apps/node-red/websocket-advanced.json
2026-01-18 19:06:58,550 - Knowledge - INFO - process ingested knowledge for /app/data/T0015/307413/b4824bb/kuksa-val/kuksa_apps/node-red/websocket-advanced.json
2026-01-18 19:06:58,727 - Knowledge - INFO - Found code-base-name: https://github.com/DarssiniRamesh/kuksa-val.git:kavia-master
2026-01-18 19:06:58,925 - Knowledge - INFO - Found code_base: <app.utils.kg_build.knowledge.KnowledgeCodeBase object at 0x7f75cb4e6290>
2026-01-18 19:06:59,158 - Knowledge - INFO - Found code-base-name: https://github.com/DarssiniRamesh/kuksa-val.git:kavia-master
2026-01-18 19:06:59,325 - Knowledge - INFO - Found code_base: <app.utils.kg_build.knowledge.KnowledgeCodeBase object at 0x7f75cb4e6290>
2026-01-18 19:06:59,518 - Knowledge - INFO - persist ingested knowledge for /app/data/T0015/307413/b4824bb/kuksa-val/kuksa-val-server/boost.cmake
2026-01-18 19:06:59,814 - Knowledge - INFO - [MONGODB_OP] Completed: persist, Collection: file_info, Duration: 90ms
2026-01-18 19:07:00,350 - Knowledge - INFO - [REDIS_OP] Completed: store_embedding, Key: kuksa-val-server/boost.cmake, Duration: 354ms
2026-01-18 19:07:00,574 - Knowledge - INFO - persist search terms embedding for kuksa-val-server/boost.cmake
2026-01-18 19:07:00,754 - Knowledge - INFO - process ingested knowledge for /app/data/T0015/307413/b4824bb/kuksa-val/kuksa-val-server/boost.cmake
2026-01-18 19:07:00,925 - Knowledge - INFO - Found code-base-name: https://github.com/DarssiniRamesh/kuksa-val.git:kavia-master
2026-01-18 19:07:01,087 - Knowledge - INFO - Found code_base: <app.utils.kg_build.knowledge.KnowledgeCodeBase object at 0x7f75cb4e6290>
2026-01-18 19:07:01,354 - Knowledge - INFO - Found code-base-name: https://github.com/DarssiniRamesh/kuksa-val.git:kavia-master
2026-01-18 19:07:01,524 - Knowledge - INFO - Found code_base: <app.utils.kg_build.knowledge.KnowledgeCodeBase object at 0x7f75cb4e6290>
2026-01-18 19:07:01,726 - Knowledge - INFO - persist ingested knowledge for /app/data/T0015/307413/b4824bb/kuksa-val/kuksa-val-server/src/grpcHandler.cpp
2026-01-18 19:07:01,963 - Knowledge - INFO - [MONGODB_OP] Completed: persist, Collection: file_info, Duration: 92ms
2026-01-18 19:07:02,361 - Knowledge - INFO - [REDIS_OP] Completed: store_embedding, Key: kuksa-val-server/src/grpcHandler.cpp, Duration: 210ms
2026-01-18 19:07:02,522 - Knowledge - INFO - persist search terms embedding for kuksa-val-server/src/grpcHandler.cpp
2026-01-18 19:07:02,724 - Knowledge - INFO - process ingested knowledge for /app/data/T0015/307413/b4824bb/kuksa-val/kuksa-val-server/src/grpcHandler.cpp
2026-01-18 19:07:02,906 - Knowledge - INFO - Found code-base-name: https://github.com/DarssiniRamesh/kuksa-val.git:kavia-master
2026-01-18 19:07:03,087 - Knowledge - INFO - Found code_base: <app.utils.kg_build.knowledge.KnowledgeCodeBase object at 0x7f75cb4e6290>
2026-01-18 19:07:03,427 - Knowledge - INFO - Found code-base-name: https://github.com/DarssiniRamesh/kuksa-val.git:kavia-master
2026-01-18 19:07:03,595 - Knowledge - INFO - Found code_base: <app.utils.kg_build.knowledge.KnowledgeCodeBase object at 0x7f75cb4e6290>
2026-01-18 19:07:03,786 - Knowledge - INFO - persist ingested knowledge for /app/data/T0015/307413/b4824bb/kuksa-val/kuksa-val-server/include/VSSPath.hpp
2026-01-18 19:07:04,079 - Knowledge - INFO - [MONGODB_OP] Completed: persist, Collection: file_info, Duration: 91ms
2026-01-18 19:07:04,491 - Knowledge - INFO - [REDIS_OP] Completed: store_embedding, Key: kuksa-val-server/include/VSSPath.hpp, Duration: 248ms
2026-01-18 19:07:04,727 - Knowledge - INFO - persist search terms embedding for kuksa-val-server/include/VSSPath.hpp
2026-01-18 19:07:04,915 - Knowledge - INFO - process ingested knowledge for /app/data/T0015/307413/b4824bb/kuksa-val/kuksa-val-server/include/VSSPath.hpp
2026-01-18 19:07:05,098 - Knowledge - INFO - Found code-base-name: https://github.com/DarssiniRamesh/kuksa-val.git:kavia-master
2026-01-18 19:07:05,254 - Knowledge - INFO - Found code_base: <app.utils.kg_build.knowledge.KnowledgeCodeBase object at 0x7f75cb4e6290>
2026-01-18 19:07:05,530 - Knowledge - INFO - Found code-base-name: https://github.com/DarssiniRamesh/kuksa-val.git:kavia-master
2026-01-18 19:07:05,733 - Knowledge - INFO - Found code_base: <app.utils.kg_build.knowledge.KnowledgeCodeBase object at 0x7f75cb4e6290>
2026-01-18 19:07:05,938 - Knowledge - INFO - persist ingested knowledge for /app/data/T0015/307413/b4824bb/kuksa-val/kuksa_certificates/jwt/README.md
2026-01-18 19:07:06,218 - Knowledge - INFO - [MONGODB_OP] Completed: persist, Collection: file_info, Duration: 101ms
2026-01-18 19:07:06,615 - Knowledge - INFO - [REDIS_OP] Completed: store_embedding, Key: kuksa_certificates/jwt/README.md, Duration: 192ms
2026-01-18 19:07:06,788 - Knowledge - INFO - persist search terms embedding for kuksa_certificates/jwt/README.md
2026-01-18 19:07:07,003 - Knowledge - INFO - process ingested knowledge for /app/data/T0015/307413/b4824bb/kuksa-val/kuksa_certificates/jwt/README.md
2026-01-18 19:07:07,200 - Knowledge - INFO - Found code-base-name: https://github.com/DarssiniRamesh/kuksa-val.git:kavia-master
2026-01-18 19:07:07,400 - Knowledge - INFO - Found code_base: <app.utils.kg_build.knowledge.KnowledgeCodeBase object at 0x7f75cb4e6290>
2026-01-18 19:07:07,682 - Knowledge - INFO - Found code-base-name: https://github.com/DarssiniRamesh/kuksa-val.git:kavia-master
2026-01-18 19:07:07,903 - Knowledge - INFO - Found code_base: <app.utils.kg_build.knowledge.KnowledgeCodeBase object at 0x7f75cb4e6290>
2026-01-18 19:07:08,070 - Knowledge - INFO - persist ingested knowledge for /app/data/T0015/307413/b4824bb/kuksa-val/kuksa-val-server/test/unit-test/SubscriptionHandlerTests.cpp
2026-01-18 19:07:08,332 - Knowledge - INFO - [MONGODB_OP] Completed: persist, Collection: file_info, Duration: 86ms
2026-01-18 19:07:08,730 - Knowledge - INFO - [REDIS_OP] Completed: store_embedding, Key: kuksa-val-server/test/unit-test/SubscriptionHandlerTests.cpp, Duration: 207ms
2026-01-18 19:07:08,949 - Knowledge - INFO - persist search terms embedding for kuksa-val-server/test/unit-test/SubscriptionHandlerTests.cpp
2026-01-18 19:07:09,149 - Knowledge - INFO - process ingested knowledge for /app/data/T0015/307413/b4824bb/kuksa-val/kuksa-val-server/test/unit-test/SubscriptionHandlerTests.cpp
2026-01-18 19:07:09,322 - Knowledge - INFO - Found code-base-name: https://github.com/DarssiniRamesh/kuksa-val.git:kavia-master
2026-01-18 19:07:09,514 - Knowledge - INFO - Found code_base: <app.utils.kg_build.knowledge.KnowledgeCodeBase object at 0x7f75cb4e6290>
2026-01-18 19:07:09,798 - Knowledge - INFO - Found code-base-name: https://github.com/DarssiniRamesh/kuksa-val.git:kavia-master
2026-01-18 19:07:10,004 - Knowledge - INFO - Found code_base: <app.utils.kg_build.knowledge.KnowledgeCodeBase object at 0x7f75cb4e6290>
2026-01-18 19:07:10,162 - Knowledge - INFO - persist ingested knowledge for /app/data/T0015/307413/b4824bb/kuksa-val/kuksa-val-server/include/OverlayLoader.hpp
2026-01-18 19:07:10,407 - Knowledge - INFO - [MONGODB_OP] Completed: persist, Collection: file_info, Duration: 96ms
2026-01-18 19:07:10,856 - Knowledge - INFO - [REDIS_OP] Completed: store_embedding, Key: kuksa-val-server/include/OverlayLoader.hpp, Duration: 270ms
2026-01-18 19:07:11,032 - Knowledge - INFO - persist search terms embedding for kuksa-val-server/include/OverlayLoader.hpp
2026-01-18 19:07:11,224 - Knowledge - INFO - process ingested knowledge for /app/data/T0015/307413/b4824bb/kuksa-val/kuksa-val-server/include/OverlayLoader.hpp
2026-01-18 19:07:11,394 - Knowledge - INFO - Found code-base-name: https://github.com/DarssiniRamesh/kuksa-val.git:kavia-master
2026-01-18 19:07:11,627 - Knowledge - INFO - Found code_base: <app.utils.kg_build.knowledge.KnowledgeCodeBase object at 0x7f75cb4e6290>
2026-01-18 19:07:11,885 - Knowledge - INFO - Found code-base-name: https://github.com/DarssiniRamesh/kuksa-val.git:kavia-master
2026-01-18 19:07:12,093 - Knowledge - INFO - Found code_base: <app.utils.kg_build.knowledge.KnowledgeCodeBase object at 0x7f75cb4e6290>
2026-01-18 19:07:12,340 - Knowledge - INFO - persist ingested knowledge for /app/data/T0015/307413/b4824bb/kuksa-val/kuksa-val-server/include/interface/ILogger.hpp
2026-01-18 19:07:12,610 - Knowledge - INFO - [MONGODB_OP] Completed: persist, Collection: file_info, Duration: 92ms
2026-01-18 19:07:13,008 - Knowledge - INFO - [REDIS_OP] Completed: store_embedding, Key: kuksa-val-server/include/interface/ILogger.hpp, Duration: 205ms
2026-01-18 19:07:13,187 - Knowledge - INFO - persist search terms embedding for kuksa-val-server/include/interface/ILogger.hpp
2026-01-18 19:07:13,363 - Knowledge - INFO - process ingested knowledge for /app/data/T0015/307413/b4824bb/kuksa-val/kuksa-val-server/include/interface/ILogger.hpp
2026-01-18 19:07:13,566 - Knowledge - INFO - Found code-base-name: https://github.com/DarssiniRamesh/kuksa-val.git:kavia-master
2026-01-18 19:07:13,735 - Knowledge - INFO - Found code_base: <app.utils.kg_build.knowledge.KnowledgeCodeBase object at 0x7f75cb4e6290>
2026-01-18 19:07:13,997 - Knowledge - INFO - Found code-base-name: https://github.com/DarssiniRamesh/kuksa-val.git:kavia-master
2026-01-18 19:07:14,159 - Knowledge - INFO - Found code_base: <app.utils.kg_build.knowledge.KnowledgeCodeBase object at 0x7f75cb4e6290>
2026-01-18 19:07:14,335 - Knowledge - INFO - persist ingested knowledge for /app/data/T0015/307413/b4824bb/kuksa-val/kuksa-val-server/docker/collect-deployment-artifacts.sh
2026-01-18 19:07:14,589 - Knowledge - INFO - [MONGODB_OP] Completed: persist, Collection: file_info, Duration: 87ms
2026-01-18 19:07:14,976 - Knowledge - INFO - [REDIS_OP] Completed: store_embedding, Key: kuksa-val-server/docker/collect-deployment-artifacts.sh, Duration: 225ms
2026-01-18 19:07:15,152 - Knowledge - INFO - persist search terms embedding for kuksa-val-server/docker/collect-deployment-artifacts.sh
2026-01-18 19:07:15,329 - Knowledge - INFO - process ingested knowledge for /app/data/T0015/307413/b4824bb/kuksa-val/kuksa-val-server/docker/collect-deployment-artifacts.sh
2026-01-18 19:07:15,530 - Knowledge - INFO - Found code-base-name: https://github.com/DarssiniRamesh/kuksa-val.git:kavia-master
2026-01-18 19:07:15,706 - Knowledge - INFO - Found code_base: <app.utils.kg_build.knowledge.KnowledgeCodeBase object at 0x7f75cb4e6290>
2026-01-18 19:07:15,959 - Knowledge - INFO - Found code-base-name: https://github.com/DarssiniRamesh/kuksa-val.git:kavia-master
2026-01-18 19:07:16,161 - Knowledge - INFO - Found code_base: <app.utils.kg_build.knowledge.KnowledgeCodeBase object at 0x7f75cb4e6290>
2026-01-18 19:07:16,323 - Knowledge - INFO - persist ingested knowledge for /app/data/T0015/307413/b4824bb/kuksa-val/kuksa-val-server/src/BasicLogger.cpp
2026-01-18 19:07:16,572 - Knowledge - INFO - [MONGODB_OP] Completed: persist, Collection: file_info, Duration: 88ms
2026-01-18 19:07:16,976 - Knowledge - INFO - [REDIS_OP] Completed: store_embedding, Key: kuksa-val-server/src/BasicLogger.cpp, Duration: 232ms
2026-01-18 19:07:17,133 - Knowledge - INFO - persist search terms embedding for kuksa-val-server/src/BasicLogger.cpp
2026-01-18 19:07:17,369 - Knowledge - INFO - process ingested knowledge for /app/data/T0015/307413/b4824bb/kuksa-val/kuksa-val-server/src/BasicLogger.cpp
2026-01-18 19:07:17,579 - Knowledge - INFO - Found code-base-name: https://github.com/DarssiniRamesh/kuksa-val.git:kavia-master
2026-01-18 19:07:17,737 - Knowledge - INFO - Found code_base: <app.utils.kg_build.knowledge.KnowledgeCodeBase object at 0x7f75cb4e6290>
2026-01-18 19:07:18,039 - Knowledge - INFO - Found code-base-name: https://github.com/DarssiniRamesh/kuksa-val.git:kavia-master
2026-01-18 19:07:18,208 - Knowledge - INFO - Found code_base: <app.utils.kg_build.knowledge.KnowledgeCodeBase object at 0x7f75cb4e6290>
2026-01-18 19:07:18,392 - Knowledge - INFO - persist ingested knowledge for /app/data/T0015/307413/b4824bb/kuksa-val/kuksa_certificates/jwt/super-admin.json
2026-01-18 19:07:18,654 - Knowledge - INFO - [MONGODB_OP] Completed: persist, Collection: file_info, Duration: 99ms
2026-01-18 19:07:19,108 - Knowledge - INFO - [REDIS_OP] Completed: store_embedding, Key: kuksa_certificates/jwt/super-admin.json, Duration: 296ms
2026-01-18 19:07:19,311 - Knowledge - INFO - persist search terms embedding for kuksa_certificates/jwt/super-admin.json
2026-01-18 19:07:19,473 - Knowledge - INFO - process ingested knowledge for /app/data/T0015/307413/b4824bb/kuksa-val/kuksa_certificates/jwt/super-admin.json
2026-01-18 19:07:19,643 - Knowledge - INFO - Found code-base-name: https://github.com/DarssiniRamesh/kuksa-val.git:kavia-master
2026-01-18 19:07:19,813 - Knowledge - INFO - Found code_base: <app.utils.kg_build.knowledge.KnowledgeCodeBase object at 0x7f75cb4e6290>
2026-01-18 19:07:20,136 - Knowledge - INFO - Found code-base-name: https://github.com/DarssiniRamesh/kuksa-val.git:kavia-master
2026-01-18 19:07:20,338 - Knowledge - INFO - Found code_base: <app.utils.kg_build.knowledge.KnowledgeCodeBase object at 0x7f75cb4e6290>
2026-01-18 19:07:20,560 - Knowledge - INFO - persist ingested knowledge for /app/data/T0015/307413/b4824bb/kuksa-val/kuksa-val-server/test/unit-test/VssCommandProcessorTests.cpp
2026-01-18 19:07:20,860 - Knowledge - INFO - [MONGODB_OP] Completed: persist, Collection: file_info, Duration: 93ms
2026-01-18 19:07:21,200 - Knowledge - INFO - [REDIS_OP] Completed: store_embedding, Key: kuksa-val-server/test/unit-test/VssCommandProcessorTests.cpp, Duration: 181ms
2026-01-18 19:07:21,375 - Knowledge - INFO - persist search terms embedding for kuksa-val-server/test/unit-test/VssCommandProcessorTests.cpp
2026-01-18 19:07:21,600 - Knowledge - INFO - process ingested knowledge for /app/data/T0015/307413/b4824bb/kuksa-val/kuksa-val-server/test/unit-test/VssCommandProcessorTests.cpp
2026-01-18 19:07:21,803 - Knowledge - INFO - Found code-base-name: https://github.com/DarssiniRamesh/kuksa-val.git:kavia-master
2026-01-18 19:07:21,976 - Knowledge - INFO - Found code_base: <app.utils.kg_build.knowledge.KnowledgeCodeBase object at 0x7f75cb4e6290>
2026-01-18 19:07:22,251 - Knowledge - INFO - Found code-base-name: https://github.com/DarssiniRamesh/kuksa-val.git:kavia-master
2026-01-18 19:07:22,460 - Knowledge - INFO - Found code_base: <app.utils.kg_build.knowledge.KnowledgeCodeBase object at 0x7f75cb4e6290>
2026-01-18 19:07:22,687 - Knowledge - INFO - persist ingested knowledge for /app/data/T0015/307413/b4824bb/kuksa-val/kuksa_apps/s3/pyarrow_mapping.py
2026-01-18 19:07:22,930 - Knowledge - INFO - [MONGODB_OP] Completed: persist, Collection: file_info, Duration: 91ms
2026-01-18 19:07:23,451 - Knowledge - INFO - [REDIS_OP] Completed: store_embedding, Key: kuksa_apps/s3/pyarrow_mapping.py, Duration: 311ms
2026-01-18 19:07:23,674 - Knowledge - INFO - persist search terms embedding for kuksa_apps/s3/pyarrow_mapping.py
2026-01-18 19:07:23,916 - Knowledge - INFO - process ingested knowledge for /app/data/T0015/307413/b4824bb/kuksa-val/kuksa_apps/s3/pyarrow_mapping.py
2026-01-18 19:07:24,090 - Knowledge - INFO - Found code-base-name: https://github.com/DarssiniRamesh/kuksa-val.git:kavia-master
2026-01-18 19:07:24,270 - Knowledge - INFO - Found code_base: <app.utils.kg_build.knowledge.KnowledgeCodeBase object at 0x7f75cb4e6290>
2026-01-18 19:07:24,512 - Knowledge - INFO - Found code-base-name: https://github.com/DarssiniRamesh/kuksa-val.git:kavia-master
2026-01-18 19:07:24,733 - Knowledge - INFO - Found code_base: <app.utils.kg_build.knowledge.KnowledgeCodeBase object at 0x7f75cb4e6290>
2026-01-18 19:07:24,935 - Knowledge - INFO - persist ingested knowledge for /app/data/T0015/307413/b4824bb/kuksa-val/doc/pictures/genGif.sh
2026-01-18 19:07:25,231 - Knowledge - INFO - [MONGODB_OP] Completed: persist, Collection: file_info, Duration: 98ms
2026-01-18 19:07:25,604 - Knowledge - INFO - [REDIS_OP] Completed: store_embedding, Key: doc/pictures/genGif.sh, Duration: 216ms
2026-01-18 19:07:25,830 - Knowledge - INFO - persist search terms embedding for doc/pictures/genGif.sh
2026-01-18 19:07:26,040 - Knowledge - INFO - process ingested knowledge for /app/data/T0015/307413/b4824bb/kuksa-val/doc/pictures/genGif.sh
2026-01-18 19:07:26,217 - Knowledge - INFO - Found code-base-name: https://github.com/DarssiniRamesh/kuksa-val.git:kavia-master
2026-01-18 19:07:26,418 - Knowledge - INFO - Found code_base: <app.utils.kg_build.knowledge.KnowledgeCodeBase object at 0x7f75cb4e6290>
2026-01-18 19:07:26,699 - Knowledge - INFO - Found code-base-name: https://github.com/DarssiniRamesh/kuksa-val.git:kavia-master
2026-01-18 19:07:26,863 - Knowledge - INFO - Found code_base: <app.utils.kg_build.knowledge.KnowledgeCodeBase object at 0x7f75cb4e6290>
2026-01-18 19:07:27,069 - Knowledge - INFO - persist ingested knowledge for /app/data/T0015/307413/b4824bb/kuksa-val/kuksa-val-server/include/VssDatabase.hpp
2026-01-18 19:07:27,402 - Knowledge - INFO - [MONGODB_OP] Completed: persist, Collection: file_info, Duration: 119ms
2026-01-18 19:07:27,838 - Knowledge - INFO - [REDIS_OP] Completed: store_embedding, Key: kuksa-val-server/include/VssDatabase.hpp, Duration: 230ms
2026-01-18 19:07:27,994 - Knowledge - INFO - persist search terms embedding for kuksa-val-server/include/VssDatabase.hpp
2026-01-18 19:07:28,178 - Knowledge - INFO - process ingested knowledge for /app/data/T0015/307413/b4824bb/kuksa-val/kuksa-val-server/include/VssDatabase.hpp
2026-01-18 19:07:28,390 - Knowledge - INFO - Found code-base-name: https://github.com/DarssiniRamesh/kuksa-val.git:kavia-master
2026-01-18 19:07:28,586 - Knowledge - INFO - Found code_base: <app.utils.kg_build.knowledge.KnowledgeCodeBase object at 0x7f75cb4e6290>
2026-01-18 19:07:28,849 - Knowledge - INFO - Found code-base-name: https://github.com/DarssiniRamesh/kuksa-val.git:kavia-master
2026-01-18 19:07:29,013 - Knowledge - INFO - Found code_base: <app.utils.kg_build.knowledge.KnowledgeCodeBase object at 0x7f75cb4e6290>
2026-01-18 19:07:29,252 - Knowledge - INFO - persist ingested knowledge for /app/data/T0015/307413/b4824bb/kuksa-val/kuksa_apps/node-red/feeders.yml
2026-01-18 19:07:29,536 - Knowledge - INFO - [MONGODB_OP] Completed: persist, Collection: file_info, Duration: 92ms
2026-01-18 19:07:29,977 - Knowledge - INFO - [REDIS_OP] Completed: store_embedding, Key: kuksa_apps/node-red/feeders.yml, Duration: 246ms
2026-01-18 19:07:30,156 - Knowledge - INFO - persist search terms embedding for kuksa_apps/node-red/feeders.yml
2026-01-18 19:07:30,315 - Knowledge - INFO - process ingested knowledge for /app/data/T0015/307413/b4824bb/kuksa-val/kuksa_apps/node-red/feeders.yml
2026-01-18 19:07:30,516 - Knowledge - INFO - Found code-base-name: https://github.com/DarssiniRamesh/kuksa-val.git:kavia-master
2026-01-18 19:07:30,678 - Knowledge - INFO - Found code_base: <app.utils.kg_build.knowledge.KnowledgeCodeBase object at 0x7f75cb4e6290>
2026-01-18 19:07:30,935 - Knowledge - INFO - Found code-base-name: https://github.com/DarssiniRamesh/kuksa-val.git:kavia-master
2026-01-18 19:07:31,114 - Knowledge - INFO - Found code_base: <app.utils.kg_build.knowledge.KnowledgeCodeBase object at 0x7f75cb4e6290>
2026-01-18 19:07:31,296 - Knowledge - INFO - persist ingested knowledge for /app/data/T0015/307413/b4824bb/kuksa-val/kuksa-val-server/test/unit-test/AuthenticatorTests.cpp
2026-01-18 19:07:31,594 - Knowledge - INFO - [MONGODB_OP] Completed: persist, Collection: file_info, Duration: 98ms
2026-01-18 19:07:31,990 - Knowledge - INFO - [REDIS_OP] Completed: store_embedding, Key: kuksa-val-server/test/unit-test/AuthenticatorTests.cpp, Duration: 202ms
2026-01-18 19:07:32,164 - Knowledge - INFO - persist search terms embedding for kuksa-val-server/test/unit-test/AuthenticatorTests.cpp
2026-01-18 19:07:32,380 - Knowledge - INFO - process ingested knowledge for /app/data/T0015/307413/b4824bb/kuksa-val/kuksa-val-server/test/unit-test/AuthenticatorTests.cpp
2026-01-18 19:07:32,551 - Knowledge - INFO - Found code-base-name: https://github.com/DarssiniRamesh/kuksa-val.git:kavia-master
2026-01-18 19:07:32,747 - Knowledge - INFO - Found code_base: <app.utils.kg_build.knowledge.KnowledgeCodeBase object at 0x7f75cb4e6290>
2026-01-18 19:07:33,025 - Knowledge - INFO - Found code-base-name: https://github.com/DarssiniRamesh/kuksa-val.git:kavia-master
2026-01-18 19:07:33,217 - Knowledge - INFO - Found code_base: <app.utils.kg_build.knowledge.KnowledgeCodeBase object at 0x7f75cb4e6290>
2026-01-18 19:07:33,391 - Knowledge - INFO - persist ingested knowledge for /app/data/T0015/307413/b4824bb/kuksa-val/kuksa-val-server/run_tests.sh
2026-01-18 19:07:33,663 - Knowledge - INFO - [MONGODB_OP] Completed: persist, Collection: file_info, Duration: 99ms
2026-01-18 19:07:34,141 - Knowledge - INFO - [REDIS_OP] Completed: store_embedding, Key: kuksa-val-server/run_tests.sh, Duration: 294ms
2026-01-18 19:07:34,342 - Knowledge - INFO - persist search terms embedding for kuksa-val-server/run_tests.sh
2026-01-18 19:07:34,528 - Knowledge - INFO - process ingested knowledge for /app/data/T0015/307413/b4824bb/kuksa-val/kuksa-val-server/run_tests.sh
2026-01-18 19:07:34,755 - Knowledge - INFO - Found code-base-name: https://github.com/DarssiniRamesh/kuksa-val.git:kavia-master
2026-01-18 19:07:34,910 - Knowledge - INFO - Found code_base: <app.utils.kg_build.knowledge.KnowledgeCodeBase object at 0x7f75cb4e6290>
2026-01-18 19:07:35,175 - Knowledge - INFO - Found code-base-name: https://github.com/DarssiniRamesh/kuksa-val.git:kavia-master
2026-01-18 19:07:35,342 - Knowledge - INFO - Found code_base: <app.utils.kg_build.knowledge.KnowledgeCodeBase object at 0x7f75cb4e6290>
2026-01-18 19:07:35,502 - Knowledge - INFO - persist ingested knowledge for /app/data/T0015/307413/b4824bb/kuksa-val/kuksa-val-server/docker/startkuksaval.sh
2026-01-18 19:07:35,856 - Knowledge - INFO - [MONGODB_OP] Completed: persist, Collection: file_info, Duration: 108ms
2026-01-18 19:07:36,265 - Knowledge - INFO - [REDIS_OP] Completed: store_embedding, Key: kuksa-val-server/docker/startkuksaval.sh, Duration: 212ms
2026-01-18 19:07:36,416 - Knowledge - INFO - persist search terms embedding for kuksa-val-server/docker/startkuksaval.sh
2026-01-18 19:07:36,607 - Knowledge - INFO - process ingested knowledge for /app/data/T0015/307413/b4824bb/kuksa-val/kuksa-val-server/docker/startkuksaval.sh
2026-01-18 19:07:36,779 - Knowledge - INFO - Found code-base-name: https://github.com/DarssiniRamesh/kuksa-val.git:kavia-master
2026-01-18 19:07:36,993 - Knowledge - INFO - Found code_base: <app.utils.kg_build.knowledge.KnowledgeCodeBase object at 0x7f75cb4e6290>
2026-01-18 19:07:37,292 - Knowledge - INFO - Found code-base-name: https://github.com/DarssiniRamesh/kuksa-val.git:kavia-master
2026-01-18 19:07:37,446 - Knowledge - INFO - Found code_base: <app.utils.kg_build.knowledge.KnowledgeCodeBase object at 0x7f75cb4e6290>
2026-01-18 19:07:37,647 - Knowledge - INFO - persist ingested knowledge for /app/data/T0015/307413/b4824bb/kuksa-val/kuksa-val-server/test/unit-test/mock/ISubscriptionHandlerMock.hpp
2026-01-18 19:07:37,922 - Knowledge - INFO - [MONGODB_OP] Completed: persist, Collection: file_info, Duration: 102ms
2026-01-18 19:07:38,278 - Knowledge - INFO - [REDIS_OP] Completed: store_embedding, Key: kuksa-val-server/test/unit-test/mock/ISubscriptionHandlerMock.hpp, Duration: 194ms
2026-01-18 19:07:38,445 - Knowledge - INFO - persist search terms embedding for kuksa-val-server/test/unit-test/mock/ISubscriptionHandlerMock.hpp
2026-01-18 19:07:38,659 - Knowledge - INFO - process ingested knowledge for /app/data/T0015/307413/b4824bb/kuksa-val/kuksa-val-server/test/unit-test/mock/ISubscriptionHandlerMock.hpp
2026-01-18 19:07:38,827 - Knowledge - INFO - Found code-base-name: https://github.com/DarssiniRamesh/kuksa-val.git:kavia-master
2026-01-18 19:07:38,996 - Knowledge - INFO - Found code_base: <app.utils.kg_build.knowledge.KnowledgeCodeBase object at 0x7f75cb4e6290>
2026-01-18 19:07:39,292 - Knowledge - INFO - Found code-base-name: https://github.com/DarssiniRamesh/kuksa-val.git:kavia-master
2026-01-18 19:07:39,460 - Knowledge - INFO - Found code_base: <app.utils.kg_build.knowledge.KnowledgeCodeBase object at 0x7f75cb4e6290>
2026-01-18 19:07:39,625 - Knowledge - INFO - persist ingested knowledge for /app/data/T0015/307413/b4824bb/kuksa-val/kuksa-val-server/test/unit-test/UpdateMetadataTest.cpp
2026-01-18 19:07:39,907 - Knowledge - INFO - [MONGODB_OP] Completed: persist, Collection: file_info, Duration: 93ms
2026-01-18 19:07:40,293 - Knowledge - INFO - [REDIS_OP] Completed: store_embedding, Key: kuksa-val-server/test/unit-test/UpdateMetadataTest.cpp, Duration: 217ms
2026-01-18 19:07:40,451 - Knowledge - INFO - persist search terms embedding for kuksa-val-server/test/unit-test/UpdateMetadataTest.cpp
2026-01-18 19:07:40,659 - Knowledge - INFO - process ingested knowledge for /app/data/T0015/307413/b4824bb/kuksa-val/kuksa-val-server/test/unit-test/UpdateMetadataTest.cpp
2026-01-18 19:07:40,904 - Knowledge - INFO - Found code-base-name: https://github.com/DarssiniRamesh/kuksa-val.git:kavia-master
2026-01-18 19:07:41,113 - Knowledge - INFO - Found code_base: <app.utils.kg_build.knowledge.KnowledgeCodeBase object at 0x7f75cb4e6290>
2026-01-18 19:07:41,403 - Knowledge - INFO - Found code-base-name: https://github.com/DarssiniRamesh/kuksa-val.git:kavia-master
2026-01-18 19:07:41,556 - Knowledge - INFO - Found code_base: <app.utils.kg_build.knowledge.KnowledgeCodeBase object at 0x7f75cb4e6290>
2026-01-18 19:07:41,727 - Knowledge - INFO - persist ingested knowledge for /app/data/T0015/307413/b4824bb/kuksa-val/kuksa-val-server/include/AccessChecker.hpp
2026-01-18 19:07:41,992 - Knowledge - INFO - [MONGODB_OP] Completed: persist, Collection: file_info, Duration: 94ms
2026-01-18 19:07:42,423 - Knowledge - INFO - [REDIS_OP] Completed: store_embedding, Key: kuksa-val-server/include/AccessChecker.hpp, Duration: 266ms
2026-01-18 19:07:42,638 - Knowledge - INFO - persist search terms embedding for kuksa-val-server/include/AccessChecker.hpp
2026-01-18 19:07:42,832 - Knowledge - INFO - process ingested knowledge for /app/data/T0015/307413/b4824bb/kuksa-val/kuksa-val-server/include/AccessChecker.hpp
2026-01-18 19:07:43,022 - Knowledge - INFO - Found code-base-name: https://github.com/DarssiniRamesh/kuksa-val.git:kavia-master
2026-01-18 19:07:43,240 - Knowledge - INFO - Found code_base: <app.utils.kg_build.knowledge.KnowledgeCodeBase object at 0x7f75cb4e6290>
2026-01-18 19:07:43,482 - Knowledge - INFO - Found code-base-name: https://github.com/DarssiniRamesh/kuksa-val.git:kavia-master
2026-01-18 19:07:43,679 - Knowledge - INFO - Found code_base: <app.utils.kg_build.knowledge.KnowledgeCodeBase object at 0x7f75cb4e6290>
2026-01-18 19:07:43,852 - Knowledge - INFO - persist ingested knowledge for /app/data/T0015/307413/b4824bb/kuksa-val/kuksa-val-server/git_watcher.cmake
2026-01-18 19:07:44,132 - Knowledge - INFO - [MONGODB_OP] Completed: persist, Collection: file_info, Duration: 91ms
2026-01-18 19:07:44,510 - Knowledge - INFO - [REDIS_OP] Completed: store_embedding, Key: kuksa-val-server/git_watcher.cmake, Duration: 182ms
2026-01-18 19:07:44,702 - Knowledge - INFO - persist search terms embedding for kuksa-val-server/git_watcher.cmake
2026-01-18 19:07:44,864 - Knowledge - INFO - process ingested knowledge for /app/data/T0015/307413/b4824bb/kuksa-val/kuksa-val-server/git_watcher.cmake
2026-01-18 19:07:45,034 - Knowledge - INFO - Found code-base-name: https://github.com/DarssiniRamesh/kuksa-val.git:kavia-master
2026-01-18 19:07:45,198 - Knowledge - INFO - Found code_base: <app.utils.kg_build.knowledge.KnowledgeCodeBase object at 0x7f75cb4e6290>
2026-01-18 19:07:45,477 - Knowledge - INFO - Found code-base-name: https://github.com/DarssiniRamesh/kuksa-val.git:kavia-master
2026-01-18 19:07:45,702 - Knowledge - INFO - Found code_base: <app.utils.kg_build.knowledge.KnowledgeCodeBase object at 0x7f75cb4e6290>
2026-01-18 19:07:45,912 - Knowledge - INFO - persist ingested knowledge for /app/data/T0015/307413/b4824bb/kuksa-val/kuksa-val-server/test/unit-test/VssDatabaseTests.cpp
2026-01-18 19:07:46,152 - Knowledge - INFO - [MONGODB_OP] Completed: persist, Collection: file_info, Duration: 87ms
2026-01-18 19:07:46,586 - Knowledge - INFO - [REDIS_OP] Completed: store_embedding, Key: kuksa-val-server/test/unit-test/VssDatabaseTests.cpp, Duration: 242ms
2026-01-18 19:07:46,794 - Knowledge - INFO - persist search terms embedding for kuksa-val-server/test/unit-test/VssDatabaseTests.cpp
2026-01-18 19:07:46,979 - Knowledge - INFO - process ingested knowledge for /app/data/T0015/307413/b4824bb/kuksa-val/kuksa-val-server/test/unit-test/VssDatabaseTests.cpp
2026-01-18 19:07:47,177 - Knowledge - INFO - Found code-base-name: https://github.com/DarssiniRamesh/kuksa-val.git:kavia-master
2026-01-18 19:07:47,330 - Knowledge - INFO - Found code_base: <app.utils.kg_build.knowledge.KnowledgeCodeBase object at 0x7f75cb4e6290>
2026-01-18 19:07:47,601 - Knowledge - INFO - Found code-base-name: https://github.com/DarssiniRamesh/kuksa-val.git:kavia-master
2026-01-18 19:07:47,782 - Knowledge - INFO - Found code_base: <app.utils.kg_build.knowledge.KnowledgeCodeBase object at 0x7f75cb4e6290>
2026-01-18 19:07:47,963 - Knowledge - INFO - persist ingested knowledge for /app/data/T0015/307413/b4824bb/kuksa-val/kuksa-val-server/include/interface/IPublisher.hpp
2026-01-18 19:07:48,287 - Knowledge - INFO - [MONGODB_OP] Completed: persist, Collection: file_info, Duration: 107ms
2026-01-18 19:07:48,903 - Knowledge - INFO - [REDIS_OP] Completed: store_embedding, Key: kuksa-val-server/include/interface/IPublisher.hpp, Duration: 388ms
2026-01-18 19:07:49,121 - Knowledge - INFO - persist search terms embedding for kuksa-val-server/include/interface/IPublisher.hpp
2026-01-18 19:07:49,284 - Knowledge - INFO - process ingested knowledge for /app/data/T0015/307413/b4824bb/kuksa-val/kuksa-val-server/include/interface/IPublisher.hpp
2026-01-18 19:07:49,448 - Knowledge - INFO - Found code-base-name: https://github.com/DarssiniRamesh/kuksa-val.git:kavia-master
2026-01-18 19:07:49,616 - Knowledge - INFO - Found code_base: <app.utils.kg_build.knowledge.KnowledgeCodeBase object at 0x7f75cb4e6290>
2026-01-18 19:07:49,877 - Knowledge - INFO - Found code-base-name: https://github.com/DarssiniRamesh/kuksa-val.git:kavia-master
2026-01-18 19:07:50,058 - Knowledge - INFO - Found code_base: <app.utils.kg_build.knowledge.KnowledgeCodeBase object at 0x7f75cb4e6290>
2026-01-18 19:07:50,273 - Knowledge - INFO - persist ingested knowledge for /app/data/T0015/307413/b4824bb/kuksa-val/doc/protocol/support.md
2026-01-18 19:07:50,537 - Knowledge - INFO - [MONGODB_OP] Completed: persist, Collection: file_info, Duration: 84ms
2026-01-18 19:07:50,966 - Knowledge - INFO - [REDIS_OP] Completed: store_embedding, Key: doc/protocol/support.md, Duration: 248ms
2026-01-18 19:07:51,212 - Knowledge - INFO - persist search terms embedding for doc/protocol/support.md
2026-01-18 19:07:51,388 - Knowledge - INFO - process ingested knowledge for /app/data/T0015/307413/b4824bb/kuksa-val/doc/protocol/support.md
2026-01-18 19:07:51,565 - Knowledge - INFO - Found code-base-name: https://github.com/DarssiniRamesh/kuksa-val.git:kavia-master
2026-01-18 19:07:51,780 - Knowledge - INFO - Found code_base: <app.utils.kg_build.knowledge.KnowledgeCodeBase object at 0x7f75cb4e6290>
2026-01-18 19:07:52,041 - Knowledge - INFO - Found code-base-name: https://github.com/DarssiniRamesh/kuksa-val.git:kavia-master
2026-01-18 19:07:52,227 - Knowledge - INFO - Found code_base: <app.utils.kg_build.knowledge.KnowledgeCodeBase object at 0x7f75cb4e6290>
2026-01-18 19:07:52,378 - Knowledge - INFO - persist ingested knowledge for /app/data/T0015/307413/b4824bb/kuksa-val/kuksa_certificates/jwt/single-read.json
2026-01-18 19:07:52,635 - Knowledge - INFO - [MONGODB_OP] Completed: persist, Collection: file_info, Duration: 93ms
2026-01-18 19:07:53,034 - Knowledge - INFO - [REDIS_OP] Completed: store_embedding, Key: kuksa_certificates/jwt/single-read.json, Duration: 222ms
2026-01-18 19:07:53,239 - Knowledge - INFO - persist search terms embedding for kuksa_certificates/jwt/single-read.json
2026-01-18 19:07:53,427 - Knowledge - INFO - process ingested knowledge for /app/data/T0015/307413/b4824bb/kuksa-val/kuksa_certificates/jwt/single-read.json
2026-01-18 19:07:53,644 - Knowledge - INFO - Found code-base-name: https://github.com/DarssiniRamesh/kuksa-val.git:kavia-master
2026-01-18 19:07:53,830 - Knowledge - INFO - Found code_base: <app.utils.kg_build.knowledge.KnowledgeCodeBase object at 0x7f75cb4e6290>
2026-01-18 19:07:54,146 - Knowledge - INFO - Found code-base-name: https://github.com/DarssiniRamesh/kuksa-val.git:kavia-master
2026-01-18 19:07:54,350 - Knowledge - INFO - Found code_base: <app.utils.kg_build.knowledge.KnowledgeCodeBase object at 0x7f75cb4e6290>
2026-01-18 19:07:54,525 - Knowledge - INFO - persist ingested knowledge for /app/data/T0015/307413/b4824bb/kuksa-val/kuksa-val-server/test/unit-test/mock/IAuthenticatorMock.hpp
2026-01-18 19:07:54,793 - Knowledge - INFO - [MONGODB_OP] Completed: persist, Collection: file_info, Duration: 96ms
2026-01-18 19:07:55,262 - Knowledge - INFO - [REDIS_OP] Completed: store_embedding, Key: kuksa-val-server/test/unit-test/mock/IAuthenticatorMock.hpp, Duration: 258ms
2026-01-18 19:07:55,436 - Knowledge - INFO - persist search terms embedding for kuksa-val-server/test/unit-test/mock/IAuthenticatorMock.hpp
2026-01-18 19:07:55,685 - Knowledge - INFO - process ingested knowledge for /app/data/T0015/307413/b4824bb/kuksa-val/kuksa-val-server/test/unit-test/mock/IAuthenticatorMock.hpp
2026-01-18 19:07:55,879 - Knowledge - INFO - Found code-base-name: https://github.com/DarssiniRamesh/kuksa-val.git:kavia-master
2026-01-18 19:07:56,044 - Knowledge - INFO - Found code_base: <app.utils.kg_build.knowledge.KnowledgeCodeBase object at 0x7f75cb4e6290>
2026-01-18 19:07:56,370 - Knowledge - INFO - Found code-base-name: https://github.com/DarssiniRamesh/kuksa-val.git:kavia-master
2026-01-18 19:07:56,549 - Knowledge - INFO - Found code_base: <app.utils.kg_build.knowledge.KnowledgeCodeBase object at 0x7f75cb4e6290>
2026-01-18 19:07:56,712 - Knowledge - INFO - persist ingested knowledge for /app/data/T0015/307413/b4824bb/kuksa-val/kuksa-val-server/test/unit-test/readme.md
2026-01-18 19:07:56,978 - Knowledge - INFO - [MONGODB_OP] Completed: persist, Collection: file_info, Duration: 98ms
2026-01-18 19:07:57,362 - Knowledge - INFO - [REDIS_OP] Completed: store_embedding, Key: kuksa-val-server/test/unit-test/readme.md, Duration: 197ms
2026-01-18 19:07:57,516 - Knowledge - INFO - persist search terms embedding for kuksa-val-server/test/unit-test/readme.md
2026-01-18 19:07:57,682 - Knowledge - INFO - process ingested knowledge for /app/data/T0015/307413/b4824bb/kuksa-val/kuksa-val-server/test/unit-test/readme.md
2026-01-18 19:07:57,848 - Knowledge - INFO - Found code-base-name: https://github.com/DarssiniRamesh/kuksa-val.git:kavia-master
2026-01-18 19:07:58,018 - Knowledge - INFO - Found code_base: <app.utils.kg_build.knowledge.KnowledgeCodeBase object at 0x7f75cb4e6290>
2026-01-18 19:07:58,317 - Knowledge - INFO - Found code-base-name: https://github.com/DarssiniRamesh/kuksa-val.git:kavia-master
2026-01-18 19:07:58,537 - Knowledge - INFO - Found code_base: <app.utils.kg_build.knowledge.KnowledgeCodeBase object at 0x7f75cb4e6290>
2026-01-18 19:07:58,719 - Knowledge - INFO - persist ingested knowledge for /app/data/T0015/307413/b4824bb/kuksa-val/kuksa-val-server/src/VssCommandUnsubscribe.cpp
2026-01-18 19:07:59,004 - Knowledge - INFO - [MONGODB_OP] Completed: persist, Collection: file_info, Duration: 92ms
2026-01-18 19:07:59,397 - Knowledge - INFO - [REDIS_OP] Completed: store_embedding, Key: kuksa-val-server/src/VssCommandUnsubscribe.cpp, Duration: 183ms
2026-01-18 19:07:59,577 - Knowledge - INFO - persist search terms embedding for kuksa-val-server/src/VssCommandUnsubscribe.cpp
2026-01-18 19:07:59,752 - Knowledge - INFO - process ingested knowledge for /app/data/T0015/307413/b4824bb/kuksa-val/kuksa-val-server/src/VssCommandUnsubscribe.cpp
2026-01-18 19:07:59,946 - Knowledge - INFO - Found code-base-name: https://github.com/DarssiniRamesh/kuksa-val.git:kavia-master
2026-01-18 19:08:00,111 - Knowledge - INFO - Found code_base: <app.utils.kg_build.knowledge.KnowledgeCodeBase object at 0x7f75cb4e6290>
2026-01-18 19:08:00,375 - Knowledge - INFO - Found code-base-name: https://github.com/DarssiniRamesh/kuksa-val.git:kavia-master
2026-01-18 19:08:00,584 - Knowledge - INFO - Found code_base: <app.utils.kg_build.knowledge.KnowledgeCodeBase object at 0x7f75cb4e6290>
2026-01-18 19:08:00,748 - Knowledge - INFO - persist ingested knowledge for /app/data/T0015/307413/b4824bb/kuksa-val/kuksa-val-server/include/VssDatabase_Record.hpp
2026-01-18 19:08:01,031 - Knowledge - INFO - [MONGODB_OP] Completed: persist, Collection: file_info, Duration: 91ms
2026-01-18 19:08:01,417 - Knowledge - INFO - [REDIS_OP] Completed: store_embedding, Key: kuksa-val-server/include/VssDatabase_Record.hpp, Duration: 206ms
2026-01-18 19:08:01,587 - Knowledge - INFO - persist search terms embedding for kuksa-val-server/include/VssDatabase_Record.hpp
2026-01-18 19:08:01,763 - Knowledge - INFO - process ingested knowledge for /app/data/T0015/307413/b4824bb/kuksa-val/kuksa-val-server/include/VssDatabase_Record.hpp
2026-01-18 19:08:01,942 - Knowledge - INFO - Found code-base-name: https://github.com/DarssiniRamesh/kuksa-val.git:kavia-master
2026-01-18 19:08:02,114 - Knowledge - INFO - Found code_base: <app.utils.kg_build.knowledge.KnowledgeCodeBase object at 0x7f75cb4e6290>
2026-01-18 19:08:02,392 - Knowledge - INFO - Found code-base-name: https://github.com/DarssiniRamesh/kuksa-val.git:kavia-master
2026-01-18 19:08:02,583 - Knowledge - INFO - Found code_base: <app.utils.kg_build.knowledge.KnowledgeCodeBase object at 0x7f75cb4e6290>
2026-01-18 19:08:02,735 - Knowledge - INFO - persist ingested knowledge for /app/data/T0015/307413/b4824bb/kuksa-val/kuksa_apps/s3/config.ini
2026-01-18 19:08:03,003 - Knowledge - INFO - [MONGODB_OP] Completed: persist, Collection: file_info, Duration: 95ms
2026-01-18 19:08:03,420 - Knowledge - INFO - [REDIS_OP] Completed: store_embedding, Key: kuksa_apps/s3/config.ini, Duration: 236ms
2026-01-18 19:08:03,581 - Knowledge - INFO - persist search terms embedding for kuksa_apps/s3/config.ini
2026-01-18 19:08:03,785 - Knowledge - INFO - process ingested knowledge for /app/data/T0015/307413/b4824bb/kuksa-val/kuksa_apps/s3/config.ini
2026-01-18 19:08:03,982 - Knowledge - INFO - Found code-base-name: https://github.com/DarssiniRamesh/kuksa-val.git:kavia-master
2026-01-18 19:08:04,201 - Knowledge - INFO - Found code_base: <app.utils.kg_build.knowledge.KnowledgeCodeBase object at 0x7f75cb4e6290>
2026-01-18 19:08:04,475 - Knowledge - INFO - Found code-base-name: https://github.com/DarssiniRamesh/kuksa-val.git:kavia-master
2026-01-18 19:08:04,666 - Knowledge - INFO - Found code_base: <app.utils.kg_build.knowledge.KnowledgeCodeBase object at 0x7f75cb4e6290>
2026-01-18 19:08:04,858 - Knowledge - INFO - persist ingested knowledge for /app/data/T0015/307413/b4824bb/kuksa-val/kuksa-val-server/test/unit-test/VSSPathTests.cpp
2026-01-18 19:08:05,167 - Knowledge - INFO - [MONGODB_OP] Completed: persist, Collection: file_info, Duration: 90ms
2026-01-18 19:08:05,618 - Knowledge - INFO - [REDIS_OP] Completed: store_embedding, Key: kuksa-val-server/test/unit-test/VSSPathTests.cpp, Duration: 251ms
2026-01-18 19:08:05,813 - Knowledge - INFO - persist search terms embedding for kuksa-val-server/test/unit-test/VSSPathTests.cpp
2026-01-18 19:08:06,014 - Knowledge - INFO - process ingested knowledge for /app/data/T0015/307413/b4824bb/kuksa-val/kuksa-val-server/test/unit-test/VSSPathTests.cpp
2026-01-18 19:08:06,192 - Knowledge - INFO - Found code-base-name: https://github.com/DarssiniRamesh/kuksa-val.git:kavia-master
2026-01-18 19:08:06,349 - Knowledge - INFO - Found code_base: <app.utils.kg_build.knowledge.KnowledgeCodeBase object at 0x7f75cb4e6290>
2026-01-18 19:08:06,581 - Knowledge - INFO - Found code-base-name: https://github.com/DarssiniRamesh/kuksa-val.git:kavia-master
2026-01-18 19:08:06,759 - Knowledge - INFO - Found code_base: <app.utils.kg_build.knowledge.KnowledgeCodeBase object at 0x7f75cb4e6290>
2026-01-18 19:08:06,970 - Knowledge - INFO - persist ingested knowledge for /app/data/T0015/307413/b4824bb/kuksa-val/doc/KUKSA.val_server/cmake.md
2026-01-18 19:08:07,270 - Knowledge - INFO - [MONGODB_OP] Completed: persist, Collection: file_info, Duration: 97ms
2026-01-18 19:08:07,690 - Knowledge - INFO - [REDIS_OP] Completed: store_embedding, Key: doc/KUKSA.val_server/cmake.md, Duration: 224ms
2026-01-18 19:08:07,848 - Knowledge - INFO - persist search terms embedding for doc/KUKSA.val_server/cmake.md
2026-01-18 19:08:08,086 - Knowledge - INFO - process ingested knowledge for /app/data/T0015/307413/b4824bb/kuksa-val/doc/KUKSA.val_server/cmake.md
2026-01-18 19:08:08,284 - Knowledge - INFO - Found code-base-name: https://github.com/DarssiniRamesh/kuksa-val.git:kavia-master
2026-01-18 19:08:08,489 - Knowledge - INFO - Found code_base: <app.utils.kg_build.knowledge.KnowledgeCodeBase object at 0x7f75cb4e6290>
2026-01-18 19:08:08,750 - Knowledge - INFO - Found code-base-name: https://github.com/DarssiniRamesh/kuksa-val.git:kavia-master
2026-01-18 19:08:08,945 - Knowledge - INFO - Found code_base: <app.utils.kg_build.knowledge.KnowledgeCodeBase object at 0x7f75cb4e6290>
2026-01-18 19:08:09,115 - Knowledge - INFO - persist ingested knowledge for /app/data/T0015/307413/b4824bb/kuksa-val/kuksa_certificates/__init__.py
2026-01-18 19:08:09,386 - Knowledge - INFO - [MONGODB_OP] Completed: persist, Collection: file_info, Duration: 99ms
2026-01-18 19:08:09,819 - Knowledge - INFO - [REDIS_OP] Completed: store_embedding, Key: kuksa_certificates/__init__.py, Duration: 273ms
2026-01-18 19:08:09,980 - Knowledge - INFO - persist search terms embedding for kuksa_certificates/__init__.py
2026-01-18 19:08:10,154 - Knowledge - INFO - process ingested knowledge for /app/data/T0015/307413/b4824bb/kuksa-val/kuksa_certificates/__init__.py
2026-01-18 19:08:10,324 - Knowledge - INFO - Found code-base-name: https://github.com/DarssiniRamesh/kuksa-val.git:kavia-master
2026-01-18 19:08:10,486 - Knowledge - INFO - Found code_base: <app.utils.kg_build.knowledge.KnowledgeCodeBase object at 0x7f75cb4e6290>
2026-01-18 19:08:10,756 - Knowledge - INFO - Found code-base-name: https://github.com/DarssiniRamesh/kuksa-val.git:kavia-master
2026-01-18 19:08:10,952 - Knowledge - INFO - Found code_base: <app.utils.kg_build.knowledge.KnowledgeCodeBase object at 0x7f75cb4e6290>
2026-01-18 19:08:11,192 - Knowledge - INFO - persist ingested knowledge for /app/data/T0015/307413/b4824bb/kuksa-val/kuksa-val-server/include/exception.hpp
2026-01-18 19:08:11,476 - Knowledge - INFO - [MONGODB_OP] Completed: persist, Collection: file_info, Duration: 91ms
2026-01-18 19:08:11,948 - Knowledge - INFO - [REDIS_OP] Completed: store_embedding, Key: kuksa-val-server/include/exception.hpp, Duration: 266ms
2026-01-18 19:08:12,144 - Knowledge - INFO - persist search terms embedding for kuksa-val-server/include/exception.hpp
2026-01-18 19:08:12,296 - Knowledge - INFO - process ingested knowledge for /app/data/T0015/307413/b4824bb/kuksa-val/kuksa-val-server/include/exception.hpp
2026-01-18 19:08:12,482 - Knowledge - INFO - Found code-base-name: https://github.com/DarssiniRamesh/kuksa-val.git:kavia-master
2026-01-18 19:08:12,648 - Knowledge - INFO - Found code_base: <app.utils.kg_build.knowledge.KnowledgeCodeBase object at 0x7f75cb4e6290>
2026-01-18 19:08:12,986 - Knowledge - INFO - Found code-base-name: https://github.com/DarssiniRamesh/kuksa-val.git:kavia-master
2026-01-18 19:08:13,199 - Knowledge - INFO - Found code_base: <app.utils.kg_build.knowledge.KnowledgeCodeBase object at 0x7f75cb4e6290>
2026-01-18 19:08:13,371 - Knowledge - INFO - persist ingested knowledge for /app/data/T0015/307413/b4824bb/kuksa-val/kuksa-val-server/include/VSSRequestValidator.hpp
2026-01-18 19:08:13,629 - Knowledge - INFO - [MONGODB_OP] Completed: persist, Collection: file_info, Duration: 98ms
2026-01-18 19:08:14,083 - Knowledge - INFO - [REDIS_OP] Completed: store_embedding, Key: kuksa-val-server/include/VSSRequestValidator.hpp, Duration: 186ms
2026-01-18 19:08:14,251 - Knowledge - INFO - persist search terms embedding for kuksa-val-server/include/VSSRequestValidator.hpp
2026-01-18 19:08:14,413 - Knowledge - INFO - process ingested knowledge for /app/data/T0015/307413/b4824bb/kuksa-val/kuksa-val-server/include/VSSRequestValidator.hpp
2026-01-18 19:08:14,611 - Knowledge - INFO - Found code-base-name: https://github.com/DarssiniRamesh/kuksa-val.git:kavia-master
2026-01-18 19:08:14,779 - Knowledge - INFO - Found code_base: <app.utils.kg_build.knowledge.KnowledgeCodeBase object at 0x7f75cb4e6290>
2026-01-18 19:08:15,065 - Knowledge - INFO - Found code-base-name: https://github.com/DarssiniRamesh/kuksa-val.git:kavia-master
2026-01-18 19:08:15,264 - Knowledge - INFO - Found code_base: <app.utils.kg_build.knowledge.KnowledgeCodeBase object at 0x7f75cb4e6290>
2026-01-18 19:08:15,452 - Knowledge - INFO - persist ingested knowledge for /app/data/T0015/307413/b4824bb/kuksa-val/test/stresstest/config.ini
2026-01-18 19:08:15,753 - Knowledge - INFO - [MONGODB_OP] Completed: persist, Collection: file_info, Duration: 100ms
2026-01-18 19:08:16,132 - Knowledge - INFO - [REDIS_OP] Completed: store_embedding, Key: test/stresstest/config.ini, Duration: 210ms
2026-01-18 19:08:16,349 - Knowledge - INFO - persist search terms embedding for test/stresstest/config.ini
2026-01-18 19:08:16,517 - Knowledge - INFO - process ingested knowledge for /app/data/T0015/307413/b4824bb/kuksa-val/test/stresstest/config.ini
2026-01-18 19:08:16,735 - Knowledge - INFO - Found code-base-name: https://github.com/DarssiniRamesh/kuksa-val.git:kavia-master
2026-01-18 19:08:16,931 - Knowledge - INFO - Found code_base: <app.utils.kg_build.knowledge.KnowledgeCodeBase object at 0x7f75cb4e6290>
2026-01-18 19:08:17,231 - Knowledge - INFO - Found code-base-name: https://github.com/DarssiniRamesh/kuksa-val.git:kavia-master
2026-01-18 19:08:17,463 - Knowledge - INFO - Found code_base: <app.utils.kg_build.knowledge.KnowledgeCodeBase object at 0x7f75cb4e6290>
2026-01-18 19:08:17,630 - Knowledge - INFO - persist ingested knowledge for /app/data/T0015/307413/b4824bb/kuksa-val/kuksa-val-server/config.ini
2026-01-18 19:08:17,962 - Knowledge - INFO - [MONGODB_OP] Completed: persist, Collection: file_info, Duration: 130ms
2026-01-18 19:08:18,321 - Knowledge - INFO - [REDIS_OP] Completed: store_embedding, Key: kuksa-val-server/config.ini, Duration: 183ms
2026-01-18 19:08:18,508 - Knowledge - INFO - persist search terms embedding for kuksa-val-server/config.ini
2026-01-18 19:08:18,686 - Knowledge - INFO - process ingested knowledge for /app/data/T0015/307413/b4824bb/kuksa-val/kuksa-val-server/config.ini
2026-01-18 19:08:18,858 - Knowledge - INFO - Found code-base-name: https://github.com/DarssiniRamesh/kuksa-val.git:kavia-master
2026-01-18 19:08:19,053 - Knowledge - INFO - Found code_base: <app.utils.kg_build.knowledge.KnowledgeCodeBase object at 0x7f75cb4e6290>
2026-01-18 19:08:19,327 - Knowledge - INFO - Found code-base-name: https://github.com/DarssiniRamesh/kuksa-val.git:kavia-master
2026-01-18 19:08:19,514 - Knowledge - INFO - Found code_base: <app.utils.kg_build.knowledge.KnowledgeCodeBase object at 0x7f75cb4e6290>
2026-01-18 19:08:19,722 - Knowledge - INFO - persist ingested knowledge for /app/data/T0015/307413/b4824bb/kuksa-val/kuksa-val-server/include/Authenticator.hpp
2026-01-18 19:08:20,002 - Knowledge - INFO - [MONGODB_OP] Completed: persist, Collection: file_info, Duration: 102ms
2026-01-18 19:08:20,337 - Knowledge - INFO - [REDIS_OP] Completed: store_embedding, Key: kuksa-val-server/include/Authenticator.hpp, Duration: 174ms
2026-01-18 19:08:20,542 - Knowledge - INFO - persist search terms embedding for kuksa-val-server/include/Authenticator.hpp
2026-01-18 19:08:20,750 - Knowledge - INFO - process ingested knowledge for /app/data/T0015/307413/b4824bb/kuksa-val/kuksa-val-server/include/Authenticator.hpp
2026-01-18 19:08:20,977 - Knowledge - INFO - Found code-base-name: https://github.com/DarssiniRamesh/kuksa-val.git:kavia-master
2026-01-18 19:08:21,173 - Knowledge - INFO - Found code_base: <app.utils.kg_build.knowledge.KnowledgeCodeBase object at 0x7f75cb4e6290>
2026-01-18 19:08:21,436 - Knowledge - INFO - Found code-base-name: https://github.com/DarssiniRamesh/kuksa-val.git:kavia-master
2026-01-18 19:08:21,606 - Knowledge - INFO - Found code_base: <app.utils.kg_build.knowledge.KnowledgeCodeBase object at 0x7f75cb4e6290>
2026-01-18 19:08:21,767 - Knowledge - INFO - persist ingested knowledge for /app/data/T0015/307413/b4824bb/kuksa-val/kuksa-val-server/test/unit-test/mock/IAccessCheckerMock.hpp
2026-01-18 19:08:22,019 - Knowledge - INFO - [MONGODB_OP] Completed: persist, Collection: file_info, Duration: 95ms
2026-01-18 19:08:22,377 - Knowledge - INFO - [REDIS_OP] Completed: store_embedding, Key: kuksa-val-server/test/unit-test/mock/IAccessCheckerMock.hpp, Duration: 186ms
2026-01-18 19:08:22,575 - Knowledge - INFO - persist search terms embedding for kuksa-val-server/test/unit-test/mock/IAccessCheckerMock.hpp
2026-01-18 19:08:22,733 - Knowledge - INFO - process ingested knowledge for /app/data/T0015/307413/b4824bb/kuksa-val/kuksa-val-server/test/unit-test/mock/IAccessCheckerMock.hpp
2026-01-18 19:08:22,900 - Knowledge - INFO - Found code-base-name: https://github.com/DarssiniRamesh/kuksa-val.git:kavia-master
2026-01-18 19:08:23,055 - Knowledge - INFO - Found code_base: <app.utils.kg_build.knowledge.KnowledgeCodeBase object at 0x7f75cb4e6290>
2026-01-18 19:08:23,305 - Knowledge - INFO - Found code-base-name: https://github.com/DarssiniRamesh/kuksa-val.git:kavia-master
2026-01-18 19:08:23,496 - Knowledge - INFO - Found code_base: <app.utils.kg_build.knowledge.KnowledgeCodeBase object at 0x7f75cb4e6290>
2026-01-18 19:08:23,689 - Knowledge - INFO - persist ingested knowledge for /app/data/T0015/307413/b4824bb/kuksa-val/data/vss-core/vss_release_3.1.1.json
2026-01-18 19:08:23,966 - Knowledge - INFO - [MONGODB_OP] Completed: persist, Collection: file_info, Duration: 95ms
2026-01-18 19:08:24,382 - Knowledge - INFO - [REDIS_OP] Completed: store_embedding, Key: data/vss-core/vss_release_3.1.1.json, Duration: 216ms
2026-01-18 19:08:24,574 - Knowledge - INFO - persist search terms embedding for data/vss-core/vss_release_3.1.1.json
2026-01-18 19:08:24,746 - Knowledge - INFO - process ingested knowledge for /app/data/T0015/307413/b4824bb/kuksa-val/data/vss-core/vss_release_3.1.1.json
2026-01-18 19:08:24,973 - Knowledge - INFO - Found code-base-name: https://github.com/DarssiniRamesh/kuksa-val.git:kavia-master
2026-01-18 19:08:25,167 - Knowledge - INFO - Found code_base: <app.utils.kg_build.knowledge.KnowledgeCodeBase object at 0x7f75cb4e6290>
2026-01-18 19:08:25,481 - Knowledge - INFO - Found code-base-name: https://github.com/DarssiniRamesh/kuksa-val.git:kavia-master
2026-01-18 19:08:25,664 - Knowledge - INFO - Found code_base: <app.utils.kg_build.knowledge.KnowledgeCodeBase object at 0x7f75cb4e6290>
2026-01-18 19:08:25,825 - Knowledge - INFO - persist ingested knowledge for /app/data/T0015/307413/b4824bb/kuksa-val/data/vss-core/vss_release_2.1.json
2026-01-18 19:08:26,112 - Knowledge - INFO - [MONGODB_OP] Completed: persist, Collection: file_info, Duration: 103ms
2026-01-18 19:08:26,801 - Knowledge - INFO - [REDIS_OP] Completed: store_embedding, Key: data/vss-core/vss_release_2.1.json, Duration: 507ms
2026-01-18 19:08:26,948 - Knowledge - INFO - persist search terms embedding for data/vss-core/vss_release_2.1.json
2026-01-18 19:08:27,136 - Knowledge - INFO - process ingested knowledge for /app/data/T0015/307413/b4824bb/kuksa-val/data/vss-core/vss_release_2.1.json
2026-01-18 19:08:27,307 - Knowledge - INFO - Found code-base-name: https://github.com/DarssiniRamesh/kuksa-val.git:kavia-master
2026-01-18 19:08:27,512 - Knowledge - INFO - Found code_base: <app.utils.kg_build.knowledge.KnowledgeCodeBase object at 0x7f75cb4e6290>
2026-01-18 19:08:27,846 - Knowledge - INFO - Found code-base-name: https://github.com/DarssiniRamesh/kuksa-val.git:kavia-master
2026-01-18 19:08:28,040 - Knowledge - INFO - Found code_base: <app.utils.kg_build.knowledge.KnowledgeCodeBase object at 0x7f75cb4e6290>
2026-01-18 19:08:28,237 - Knowledge - INFO - persist ingested knowledge for /app/data/T0015/307413/b4824bb/kuksa-val/kuksa-val-server/src/JsonResponses.cpp
2026-01-18 19:08:28,532 - Knowledge - INFO - [MONGODB_OP] Completed: persist, Collection: file_info, Duration: 105ms
2026-01-18 19:08:28,922 - Knowledge - INFO - [REDIS_OP] Completed: store_embedding, Key: kuksa-val-server/src/JsonResponses.cpp, Duration: 202ms
2026-01-18 19:08:29,108 - Knowledge - INFO - persist search terms embedding for kuksa-val-server/src/JsonResponses.cpp
2026-01-18 19:08:29,341 - Knowledge - INFO - process ingested knowledge for /app/data/T0015/307413/b4824bb/kuksa-val/kuksa-val-server/src/JsonResponses.cpp
2026-01-18 19:08:29,536 - Knowledge - INFO - Found code-base-name: https://github.com/DarssiniRamesh/kuksa-val.git:kavia-master
2026-01-18 19:08:29,730 - Knowledge - INFO - Found code_base: <app.utils.kg_build.knowledge.KnowledgeCodeBase object at 0x7f75cb4e6290>
2026-01-18 19:08:30,029 - Knowledge - INFO - Found code-base-name: https://github.com/DarssiniRamesh/kuksa-val.git:kavia-master
2026-01-18 19:08:30,235 - Knowledge - INFO - Found code_base: <app.utils.kg_build.knowledge.KnowledgeCodeBase object at 0x7f75cb4e6290>
2026-01-18 19:08:30,404 - Knowledge - INFO - persist ingested knowledge for /app/data/T0015/307413/b4824bb/kuksa-val/kuksa-val-server/src/Readme.md
2026-01-18 19:08:30,671 - Knowledge - INFO - [MONGODB_OP] Completed: persist, Collection: file_info, Duration: 95ms
2026-01-18 19:08:31,016 - Knowledge - INFO - [REDIS_OP] Completed: store_embedding, Key: kuksa-val-server/src/Readme.md, Duration: 193ms
2026-01-18 19:08:31,185 - Knowledge - INFO - persist search terms embedding for kuksa-val-server/src/Readme.md
2026-01-18 19:08:31,376 - Knowledge - INFO - process ingested knowledge for /app/data/T0015/307413/b4824bb/kuksa-val/kuksa-val-server/src/Readme.md
2026-01-18 19:08:31,552 - Knowledge - INFO - Found code-base-name: https://github.com/DarssiniRamesh/kuksa-val.git:kavia-master
2026-01-18 19:08:31,700 - Knowledge - INFO - Found code_base: <app.utils.kg_build.knowledge.KnowledgeCodeBase object at 0x7f75cb4e6290>
2026-01-18 19:08:31,952 - Knowledge - INFO - Found code-base-name: https://github.com/DarssiniRamesh/kuksa-val.git:kavia-master
2026-01-18 19:08:32,116 - Knowledge - INFO - Found code_base: <app.utils.kg_build.knowledge.KnowledgeCodeBase object at 0x7f75cb4e6290>
2026-01-18 19:08:32,325 - Knowledge - INFO - persist ingested knowledge for /app/data/T0015/307413/b4824bb/kuksa-val/kuksa-val-server/test/unit-test/mock/IServerMock.hpp
2026-01-18 19:08:32,590 - Knowledge - INFO - [MONGODB_OP] Completed: persist, Collection: file_info, Duration: 96ms
2026-01-18 19:08:33,019 - Knowledge - INFO - [REDIS_OP] Completed: store_embedding, Key: kuksa-val-server/test/unit-test/mock/IServerMock.hpp, Duration: 260ms
2026-01-18 19:08:33,179 - Knowledge - INFO - persist search terms embedding for kuksa-val-server/test/unit-test/mock/IServerMock.hpp
2026-01-18 19:08:33,327 - Knowledge - INFO - process ingested knowledge for /app/data/T0015/307413/b4824bb/kuksa-val/kuksa-val-server/test/unit-test/mock/IServerMock.hpp
2026-01-18 19:08:33,514 - Knowledge - INFO - Found code-base-name: https://github.com/DarssiniRamesh/kuksa-val.git:kavia-master
2026-01-18 19:08:33,690 - Knowledge - INFO - Found code_base: <app.utils.kg_build.knowledge.KnowledgeCodeBase object at 0x7f75cb4e6290>
2026-01-18 19:08:33,961 - Knowledge - INFO - Found code-base-name: https://github.com/DarssiniRamesh/kuksa-val.git:kavia-master
2026-01-18 19:08:34,128 - Knowledge - INFO - Found code_base: <app.utils.kg_build.knowledge.KnowledgeCodeBase object at 0x7f75cb4e6290>
2026-01-18 19:08:34,300 - Knowledge - INFO - persist ingested knowledge for /app/data/T0015/307413/b4824bb/kuksa-val/data/vss-core/vss_release_3.0.json
2026-01-18 19:08:34,557 - Knowledge - INFO - [MONGODB_OP] Completed: persist, Collection: file_info, Duration: 94ms
2026-01-18 19:08:35,108 - Knowledge - INFO - [REDIS_OP] Completed: store_embedding, Key: data/vss-core/vss_release_3.0.json, Duration: 310ms
2026-01-18 19:08:35,281 - Knowledge - INFO - persist search terms embedding for data/vss-core/vss_release_3.0.json
2026-01-18 19:08:35,475 - Knowledge - INFO - process ingested knowledge for /app/data/T0015/307413/b4824bb/kuksa-val/data/vss-core/vss_release_3.0.json
2026-01-18 19:08:35,639 - Knowledge - INFO - Found code-base-name: https://github.com/DarssiniRamesh/kuksa-val.git:kavia-master
2026-01-18 19:08:35,832 - Knowledge - INFO - Found code_base: <app.utils.kg_build.knowledge.KnowledgeCodeBase object at 0x7f75cb4e6290>
2026-01-18 19:08:36,076 - Knowledge - INFO - Found code-base-name: https://github.com/DarssiniRamesh/kuksa-val.git:kavia-master
2026-01-18 19:08:36,253 - Knowledge - INFO - Found code_base: <app.utils.kg_build.knowledge.KnowledgeCodeBase object at 0x7f75cb4e6290>
2026-01-18 19:08:36,414 - Knowledge - INFO - persist ingested knowledge for /app/data/T0015/307413/b4824bb/kuksa-val/kuksa-val-server/test/unit-test/UnitTestHelpers.hpp
2026-01-18 19:08:36,678 - Knowledge - INFO - [MONGODB_OP] Completed: persist, Collection: file_info, Duration: 101ms
2026-01-18 19:08:37,172 - Knowledge - INFO - [REDIS_OP] Completed: store_embedding, Key: kuksa-val-server/test/unit-test/UnitTestHelpers.hpp, Duration: 313ms
2026-01-18 19:08:37,381 - Knowledge - INFO - persist search terms embedding for kuksa-val-server/test/unit-test/UnitTestHelpers.hpp
2026-01-18 19:08:37,540 - Knowledge - INFO - process ingested knowledge for /app/data/T0015/307413/b4824bb/kuksa-val/kuksa-val-server/test/unit-test/UnitTestHelpers.hpp
2026-01-18 19:08:37,725 - Knowledge - INFO - Found code-base-name: https://github.com/DarssiniRamesh/kuksa-val.git:kavia-master
2026-01-18 19:08:37,922 - Knowledge - INFO - Found code_base: <app.utils.kg_build.knowledge.KnowledgeCodeBase object at 0x7f75cb4e6290>
2026-01-18 19:08:38,176 - Knowledge - INFO - Found code-base-name: https://github.com/DarssiniRamesh/kuksa-val.git:kavia-master
2026-01-18 19:08:38,341 - Knowledge - INFO - Found code_base: <app.utils.kg_build.knowledge.KnowledgeCodeBase object at 0x7f75cb4e6290>
2026-01-18 19:08:38,550 - Knowledge - INFO - persist ingested knowledge for /app/data/T0015/307413/b4824bb/kuksa-val/kuksa-val-server/include/VssCommandProcessor.hpp
2026-01-18 19:08:38,822 - Knowledge - INFO - [MONGODB_OP] Completed: persist, Collection: file_info, Duration: 99ms
2026-01-18 19:08:39,236 - Knowledge - INFO - [REDIS_OP] Completed: store_embedding, Key: kuksa-val-server/include/VssCommandProcessor.hpp, Duration: 208ms
2026-01-18 19:08:39,428 - Knowledge - INFO - persist search terms embedding for kuksa-val-server/include/VssCommandProcessor.hpp
2026-01-18 19:08:39,597 - Knowledge - INFO - process ingested knowledge for /app/data/T0015/307413/b4824bb/kuksa-val/kuksa-val-server/include/VssCommandProcessor.hpp
2026-01-18 19:08:39,808 - Knowledge - INFO - Found code-base-name: https://github.com/DarssiniRamesh/kuksa-val.git:kavia-master
2026-01-18 19:08:39,974 - Knowledge - INFO - Found code_base: <app.utils.kg_build.knowledge.KnowledgeCodeBase object at 0x7f75cb4e6290>
2026-01-18 19:08:40,230 - Knowledge - INFO - Found code-base-name: https://github.com/DarssiniRamesh/kuksa-val.git:kavia-master
2026-01-18 19:08:40,436 - Knowledge - INFO - Found code_base: <app.utils.kg_build.knowledge.KnowledgeCodeBase object at 0x7f75cb4e6290>
2026-01-18 19:08:40,619 - Knowledge - INFO - persist ingested knowledge for /app/data/T0015/307413/b4824bb/kuksa-val/kuksa_apps/README.md
2026-01-18 19:08:40,916 - Knowledge - INFO - [MONGODB_OP] Completed: persist, Collection: file_info, Duration: 92ms
2026-01-18 19:08:41,336 - Knowledge - INFO - [REDIS_OP] Completed: store_embedding, Key: kuksa_apps/README.md, Duration: 210ms
2026-01-18 19:08:41,556 - Knowledge - INFO - persist search terms embedding for kuksa_apps/README.md
2026-01-18 19:08:41,743 - Knowledge - INFO - process ingested knowledge for /app/data/T0015/307413/b4824bb/kuksa-val/kuksa_apps/README.md
2026-01-18 19:08:41,947 - Knowledge - INFO - Found code-base-name: https://github.com/DarssiniRamesh/kuksa-val.git:kavia-master
2026-01-18 19:08:42,108 - Knowledge - INFO - Found code_base: <app.utils.kg_build.knowledge.KnowledgeCodeBase object at 0x7f75cb4e6290>
2026-01-18 19:08:42,390 - Knowledge - INFO - Found code-base-name: https://github.com/DarssiniRamesh/kuksa-val.git:kavia-master
2026-01-18 19:08:42,562 - Knowledge - INFO - Found code_base: <app.utils.kg_build.knowledge.KnowledgeCodeBase object at 0x7f75cb4e6290>
2026-01-18 19:08:42,759 - Knowledge - INFO - persist ingested knowledge for /app/data/T0015/307413/b4824bb/kuksa-val/kuksa_apps/s3/s3_uploader.py
2026-01-18 19:08:43,032 - Knowledge - INFO - [MONGODB_OP] Completed: persist, Collection: file_info, Duration: 109ms
2026-01-18 19:08:43,467 - Knowledge - INFO - [REDIS_OP] Completed: store_embedding, Key: kuksa_apps/s3/s3_uploader.py, Duration: 261ms
2026-01-18 19:08:43,620 - Knowledge - INFO - persist search terms embedding for kuksa_apps/s3/s3_uploader.py
2026-01-18 19:08:43,861 - Knowledge - INFO - process ingested knowledge for /app/data/T0015/307413/b4824bb/kuksa-val/kuksa_apps/s3/s3_uploader.py
2026-01-18 19:08:44,076 - Knowledge - INFO - Found code-base-name: https://github.com/DarssiniRamesh/kuksa-val.git:kavia-master
2026-01-18 19:08:44,278 - Knowledge - INFO - Found code_base: <app.utils.kg_build.knowledge.KnowledgeCodeBase object at 0x7f75cb4e6290>
2026-01-18 19:08:44,576 - Knowledge - INFO - Found code-base-name: https://github.com/DarssiniRamesh/kuksa-val.git:kavia-master
2026-01-18 19:08:44,815 - Knowledge - INFO - Found code_base: <app.utils.kg_build.knowledge.KnowledgeCodeBase object at 0x7f75cb4e6290>
2026-01-18 19:08:44,967 - Knowledge - INFO - persist ingested knowledge for /app/data/T0015/307413/b4824bb/kuksa-val/test/stresstest/broker.py
2026-01-18 19:08:45,267 - Knowledge - INFO - [MONGODB_OP] Completed: persist, Collection: file_info, Duration: 113ms
2026-01-18 19:08:45,725 - Knowledge - INFO - [REDIS_OP] Completed: store_embedding, Key: test/stresstest/broker.py, Duration: 261ms
2026-01-18 19:08:45,934 - Knowledge - INFO - persist search terms embedding for test/stresstest/broker.py
2026-01-18 19:08:46,136 - Knowledge - INFO - process ingested knowledge for /app/data/T0015/307413/b4824bb/kuksa-val/test/stresstest/broker.py
2026-01-18 19:08:46,330 - Knowledge - INFO - Found code-base-name: https://github.com/DarssiniRamesh/kuksa-val.git:kavia-master
2026-01-18 19:08:46,498 - Knowledge - INFO - Found code_base: <app.utils.kg_build.knowledge.KnowledgeCodeBase object at 0x7f75cb4e6290>
2026-01-18 19:08:46,767 - Knowledge - INFO - Found code-base-name: https://github.com/DarssiniRamesh/kuksa-val.git:kavia-master
2026-01-18 19:08:46,957 - Knowledge - INFO - Found code_base: <app.utils.kg_build.knowledge.KnowledgeCodeBase object at 0x7f75cb4e6290>
2026-01-18 19:08:47,111 - Knowledge - INFO - persist ingested knowledge for /app/data/T0015/307413/b4824bb/kuksa-val/doc/KUKSA.val_server/usage.md
2026-01-18 19:08:47,360 - Knowledge - INFO - [MONGODB_OP] Completed: persist, Collection: file_info, Duration: 92ms
2026-01-18 19:08:48,021 - Knowledge - INFO - [REDIS_OP] Completed: store_embedding, Key: doc/KUKSA.val_server/usage.md, Duration: 512ms
2026-01-18 19:08:48,218 - Knowledge - INFO - persist search terms embedding for doc/KUKSA.val_server/usage.md
2026-01-18 19:08:48,416 - Knowledge - INFO - process ingested knowledge for /app/data/T0015/307413/b4824bb/kuksa-val/doc/KUKSA.val_server/usage.md
2026-01-18 19:08:48,621 - Knowledge - INFO - Found code-base-name: https://github.com/DarssiniRamesh/kuksa-val.git:kavia-master
2026-01-18 19:08:48,824 - Knowledge - INFO - Found code_base: <app.utils.kg_build.knowledge.KnowledgeCodeBase object at 0x7f75cb4e6290>
2026-01-18 19:08:49,094 - Knowledge - INFO - Found code-base-name: https://github.com/DarssiniRamesh/kuksa-val.git:kavia-master
2026-01-18 19:08:49,280 - Knowledge - INFO - Found code_base: <app.utils.kg_build.knowledge.KnowledgeCodeBase object at 0x7f75cb4e6290>
2026-01-18 19:08:49,483 - Knowledge - INFO - persist ingested knowledge for /app/data/T0015/307413/b4824bb/kuksa-val/kuksa-val-server/include/SubscriptionHandler.hpp
2026-01-18 19:08:49,779 - Knowledge - INFO - [MONGODB_OP] Completed: persist, Collection: file_info, Duration: 114ms
2026-01-18 19:08:50,154 - Knowledge - INFO - [REDIS_OP] Completed: store_embedding, Key: kuksa-val-server/include/SubscriptionHandler.hpp, Duration: 202ms
2026-01-18 19:08:50,331 - Knowledge - INFO - persist search terms embedding for kuksa-val-server/include/SubscriptionHandler.hpp
2026-01-18 19:08:50,496 - Knowledge - INFO - process ingested knowledge for /app/data/T0015/307413/b4824bb/kuksa-val/kuksa-val-server/include/SubscriptionHandler.hpp
2026-01-18 19:08:50,682 - Knowledge - INFO - Found code-base-name: https://github.com/DarssiniRamesh/kuksa-val.git:kavia-master
2026-01-18 19:08:50,876 - Knowledge - INFO - Found code_base: <app.utils.kg_build.knowledge.KnowledgeCodeBase object at 0x7f75cb4e6290>
2026-01-18 19:08:51,129 - Knowledge - INFO - Found code-base-name: https://github.com/DarssiniRamesh/kuksa-val.git:kavia-master
2026-01-18 19:08:51,323 - Knowledge - INFO - Found code_base: <app.utils.kg_build.knowledge.KnowledgeCodeBase object at 0x7f75cb4e6290>
2026-01-18 19:08:51,541 - Knowledge - INFO - persist ingested knowledge for /app/data/T0015/307413/b4824bb/kuksa-val/kuksa-val-server/src/WebSockHttpFlexServer.cpp
2026-01-18 19:08:51,824 - Knowledge - INFO - [MONGODB_OP] Completed: persist, Collection: file_info, Duration: 96ms
2026-01-18 19:08:52,330 - Knowledge - INFO - [REDIS_OP] Completed: store_embedding, Key: kuksa-val-server/src/WebSockHttpFlexServer.cpp, Duration: 318ms
2026-01-18 19:08:52,522 - Knowledge - INFO - persist search terms embedding for kuksa-val-server/src/WebSockHttpFlexServer.cpp
2026-01-18 19:08:52,680 - Knowledge - INFO - process ingested knowledge for /app/data/T0015/307413/b4824bb/kuksa-val/kuksa-val-server/src/WebSockHttpFlexServer.cpp
2026-01-18 19:08:52,853 - Knowledge - INFO - Found code-base-name: https://github.com/DarssiniRamesh/kuksa-val.git:kavia-master
2026-01-18 19:08:53,079 - Knowledge - INFO - Found code_base: <app.utils.kg_build.knowledge.KnowledgeCodeBase object at 0x7f75cb4e6290>
2026-01-18 19:08:53,353 - Knowledge - INFO - Found code-base-name: https://github.com/DarssiniRamesh/kuksa-val.git:kavia-master
2026-01-18 19:08:53,559 - Knowledge - INFO - Found code_base: <app.utils.kg_build.knowledge.KnowledgeCodeBase object at 0x7f75cb4e6290>
2026-01-18 19:08:53,758 - Knowledge - INFO - persist ingested knowledge for /app/data/T0015/307413/b4824bb/kuksa-val/kuksa-val-server/test/stresstest/stressClient.py
2026-01-18 19:08:54,041 - Knowledge - INFO - [MONGODB_OP] Completed: persist, Collection: file_info, Duration: 97ms
2026-01-18 19:08:54,494 - Knowledge - INFO - [REDIS_OP] Completed: store_embedding, Key: kuksa-val-server/test/stresstest/stressClient.py, Duration: 250ms
2026-01-18 19:08:54,656 - Knowledge - INFO - persist search terms embedding for kuksa-val-server/test/stresstest/stressClient.py
2026-01-18 19:08:54,865 - Knowledge - INFO - process ingested knowledge for /app/data/T0015/307413/b4824bb/kuksa-val/kuksa-val-server/test/stresstest/stressClient.py
2026-01-18 19:08:55,037 - Knowledge - INFO - Found code-base-name: https://github.com/DarssiniRamesh/kuksa-val.git:kavia-master
2026-01-18 19:08:55,220 - Knowledge - INFO - Found code_base: <app.utils.kg_build.knowledge.KnowledgeCodeBase object at 0x7f75cb4e6290>
2026-01-18 19:08:55,537 - Knowledge - INFO - Found code-base-name: https://github.com/DarssiniRamesh/kuksa-val.git:kavia-master
2026-01-18 19:08:55,699 - Knowledge - INFO - Found code_base: <app.utils.kg_build.knowledge.KnowledgeCodeBase object at 0x7f75cb4e6290>
2026-01-18 19:08:55,871 - Knowledge - INFO - persist ingested knowledge for /app/data/T0015/307413/b4824bb/kuksa-val/kuksa-val-server/src/MQTTPublisher.cpp
2026-01-18 19:08:56,159 - Knowledge - INFO - [MONGODB_OP] Completed: persist, Collection: file_info, Duration: 101ms
2026-01-18 19:08:56,593 - Knowledge - INFO - [REDIS_OP] Completed: store_embedding, Key: kuksa-val-server/src/MQTTPublisher.cpp, Duration: 267ms
2026-01-18 19:08:56,803 - Knowledge - INFO - persist search terms embedding for kuksa-val-server/src/MQTTPublisher.cpp
2026-01-18 19:08:56,980 - Knowledge - INFO - process ingested knowledge for /app/data/T0015/307413/b4824bb/kuksa-val/kuksa-val-server/src/MQTTPublisher.cpp
2026-01-18 19:08:57,192 - Knowledge - INFO - Found code-base-name: https://github.com/DarssiniRamesh/kuksa-val.git:kavia-master
2026-01-18 19:08:57,380 - Knowledge - INFO - Found code_base: <app.utils.kg_build.knowledge.KnowledgeCodeBase object at 0x7f75cb4e6290>
2026-01-18 19:08:57,640 - Knowledge - INFO - Found code-base-name: https://github.com/DarssiniRamesh/kuksa-val.git:kavia-master
2026-01-18 19:08:57,850 - Knowledge - INFO - Found code_base: <app.utils.kg_build.knowledge.KnowledgeCodeBase object at 0x7f75cb4e6290>
2026-01-18 19:08:58,029 - Knowledge - INFO - persist ingested knowledge for /app/data/T0015/307413/b4824bb/kuksa-val/doc/KUKSA.val_server/jwt.md
2026-01-18 19:08:58,341 - Knowledge - INFO - [MONGODB_OP] Completed: persist, Collection: file_info, Duration: 89ms
2026-01-18 19:08:58,790 - Knowledge - INFO - [REDIS_OP] Completed: store_embedding, Key: doc/KUKSA.val_server/jwt.md, Duration: 274ms
2026-01-18 19:08:59,006 - Knowledge - INFO - persist search terms embedding for doc/KUKSA.val_server/jwt.md
2026-01-18 19:08:59,196 - Knowledge - INFO - process ingested knowledge for /app/data/T0015/307413/b4824bb/kuksa-val/doc/KUKSA.val_server/jwt.md
2026-01-18 19:08:59,384 - Knowledge - INFO - Found code-base-name: https://github.com/DarssiniRamesh/kuksa-val.git:kavia-master
2026-01-18 19:08:59,554 - Knowledge - INFO - Found code_base: <app.utils.kg_build.knowledge.KnowledgeCodeBase object at 0x7f75cb4e6290>
2026-01-18 19:08:59,800 - Knowledge - INFO - Found code-base-name: https://github.com/DarssiniRamesh/kuksa-val.git:kavia-master
2026-01-18 19:08:59,993 - Knowledge - INFO - Found code_base: <app.utils.kg_build.knowledge.KnowledgeCodeBase object at 0x7f75cb4e6290>
2026-01-18 19:09:00,182 - Knowledge - INFO - persist ingested knowledge for /app/data/T0015/307413/b4824bb/kuksa-val/doc/KUKSA.val_server/build-docker.md
2026-01-18 19:09:00,526 - Knowledge - INFO - [MONGODB_OP] Completed: persist, Collection: file_info, Duration: 95ms
2026-01-18 19:09:01,060 - Knowledge - INFO - [REDIS_OP] Completed: store_embedding, Key: doc/KUKSA.val_server/build-docker.md, Duration: 342ms
2026-01-18 19:09:01,253 - Knowledge - INFO - persist search terms embedding for doc/KUKSA.val_server/build-docker.md
2026-01-18 19:09:01,411 - Knowledge - INFO - process ingested knowledge for /app/data/T0015/307413/b4824bb/kuksa-val/doc/KUKSA.val_server/build-docker.md
2026-01-18 19:09:01,598 - Knowledge - INFO - Found code-base-name: https://github.com/DarssiniRamesh/kuksa-val.git:kavia-master
2026-01-18 19:09:01,809 - Knowledge - INFO - Found code_base: <app.utils.kg_build.knowledge.KnowledgeCodeBase object at 0x7f75cb4e6290>
2026-01-18 19:09:02,103 - Knowledge - INFO - Found code-base-name: https://github.com/DarssiniRamesh/kuksa-val.git:kavia-master
2026-01-18 19:09:02,279 - Knowledge - INFO - Found code_base: <app.utils.kg_build.knowledge.KnowledgeCodeBase object at 0x7f75cb4e6290>
2026-01-18 19:09:02,473 - Knowledge - INFO - persist ingested knowledge for /app/data/T0015/307413/b4824bb/kuksa-val/kuksa_apps/node-red/mqtt/flows.json
2026-01-18 19:09:02,815 - Knowledge - INFO - [MONGODB_OP] Completed: persist, Collection: file_info, Duration: 132ms
2026-01-18 19:09:03,258 - Knowledge - INFO - [REDIS_OP] Completed: store_embedding, Key: kuksa_apps/node-red/mqtt/flows.json, Duration: 267ms
2026-01-18 19:09:03,506 - Knowledge - INFO - persist search terms embedding for kuksa_apps/node-red/mqtt/flows.json
2026-01-18 19:09:03,710 - Knowledge - INFO - process ingested knowledge for /app/data/T0015/307413/b4824bb/kuksa-val/kuksa_apps/node-red/mqtt/flows.json
2026-01-18 19:09:03,931 - Knowledge - INFO - Found code-base-name: https://github.com/DarssiniRamesh/kuksa-val.git:kavia-master
2026-01-18 19:09:04,114 - Knowledge - INFO - Found code_base: <app.utils.kg_build.knowledge.KnowledgeCodeBase object at 0x7f75cb4e6290>
2026-01-18 19:09:04,417 - Knowledge - INFO - Found code-base-name: https://github.com/DarssiniRamesh/kuksa-val.git:kavia-master
2026-01-18 19:09:04,588 - Knowledge - INFO - Found code_base: <app.utils.kg_build.knowledge.KnowledgeCodeBase object at 0x7f75cb4e6290>
2026-01-18 19:09:04,787 - Knowledge - INFO - persist ingested knowledge for /app/data/T0015/307413/b4824bb/kuksa-val/kuksa-val-server/src/VssCommandSet.cpp
2026-01-18 19:09:05,113 - Knowledge - INFO - [MONGODB_OP] Completed: persist, Collection: file_info, Duration: 118ms
2026-01-18 19:09:05,575 - Knowledge - INFO - [REDIS_OP] Completed: store_embedding, Key: kuksa-val-server/src/VssCommandSet.cpp, Duration: 224ms
2026-01-18 19:09:05,765 - Knowledge - INFO - persist search terms embedding for kuksa-val-server/src/VssCommandSet.cpp
2026-01-18 19:09:05,963 - Knowledge - INFO - process ingested knowledge for /app/data/T0015/307413/b4824bb/kuksa-val/kuksa-val-server/src/VssCommandSet.cpp
2026-01-18 19:09:06,118 - Knowledge - INFO - Found code-base-name: https://github.com/DarssiniRamesh/kuksa-val.git:kavia-master
2026-01-18 19:09:06,305 - Knowledge - INFO - Found code_base: <app.utils.kg_build.knowledge.KnowledgeCodeBase object at 0x7f75cb4e6290>
2026-01-18 19:09:06,535 - Knowledge - INFO - Found code-base-name: https://github.com/DarssiniRamesh/kuksa-val.git:kavia-master
2026-01-18 19:09:06,704 - Knowledge - INFO - Found code_base: <app.utils.kg_build.knowledge.KnowledgeCodeBase object at 0x7f75cb4e6290>
2026-01-18 19:09:06,905 - Knowledge - INFO - persist ingested knowledge for /app/data/T0015/307413/b4824bb/kuksa-val/doc/KUKSA.val_data_broker/authorization.md
2026-01-18 19:09:07,198 - Knowledge - INFO - [MONGODB_OP] Completed: persist, Collection: file_info, Duration: 91ms
2026-01-18 19:09:07,576 - Knowledge - INFO - [REDIS_OP] Completed: store_embedding, Key: doc/KUKSA.val_data_broker/authorization.md, Duration: 213ms
2026-01-18 19:09:07,737 - Knowledge - INFO - persist search terms embedding for doc/KUKSA.val_data_broker/authorization.md
2026-01-18 19:09:07,911 - Knowledge - INFO - process ingested knowledge for /app/data/T0015/307413/b4824bb/kuksa-val/doc/KUKSA.val_data_broker/authorization.md
2026-01-18 19:09:08,094 - Knowledge - INFO - Found code-base-name: https://github.com/DarssiniRamesh/kuksa-val.git:kavia-master
2026-01-18 19:09:08,264 - Knowledge - INFO - Found code_base: <app.utils.kg_build.knowledge.KnowledgeCodeBase object at 0x7f75cb4e6290>
2026-01-18 19:09:08,523 - Knowledge - INFO - Found code-base-name: https://github.com/DarssiniRamesh/kuksa-val.git:kavia-master
2026-01-18 19:09:08,712 - Knowledge - INFO - Found code_base: <app.utils.kg_build.knowledge.KnowledgeCodeBase object at 0x7f75cb4e6290>
2026-01-18 19:09:08,916 - Knowledge - INFO - persist ingested knowledge for /app/data/T0015/307413/b4824bb/kuksa-val/kuksa_certificates/jwt/all-read-write.json
2026-01-18 19:09:09,243 - Knowledge - INFO - [MONGODB_OP] Completed: persist, Collection: file_info, Duration: 105ms
2026-01-18 19:09:09,674 - Knowledge - INFO - [REDIS_OP] Completed: store_embedding, Key: kuksa_certificates/jwt/all-read-write.json, Duration: 271ms
2026-01-18 19:09:09,857 - Knowledge - INFO - persist search terms embedding for kuksa_certificates/jwt/all-read-write.json
2026-01-18 19:09:10,047 - Knowledge - INFO - process ingested knowledge for /app/data/T0015/307413/b4824bb/kuksa-val/kuksa_certificates/jwt/all-read-write.json
2026-01-18 19:09:10,232 - Knowledge - INFO - Found code-base-name: https://github.com/DarssiniRamesh/kuksa-val.git:kavia-master
2026-01-18 19:09:10,448 - Knowledge - INFO - Found code_base: <app.utils.kg_build.knowledge.KnowledgeCodeBase object at 0x7f75cb4e6290>
2026-01-18 19:09:10,770 - Knowledge - INFO - Found code-base-name: https://github.com/DarssiniRamesh/kuksa-val.git:kavia-master
2026-01-18 19:09:10,998 - Knowledge - INFO - Found code_base: <app.utils.kg_build.knowledge.KnowledgeCodeBase object at 0x7f75cb4e6290>
2026-01-18 19:09:11,159 - Knowledge - INFO - persist ingested knowledge for /app/data/T0015/307413/b4824bb/kuksa-val/kuksa-val-server/src/VSSTypeSanitizer.cpp
2026-01-18 19:09:11,459 - Knowledge - INFO - [MONGODB_OP] Completed: persist, Collection: file_info, Duration: 108ms
2026-01-18 19:09:11,834 - Knowledge - INFO - [REDIS_OP] Completed: store_embedding, Key: kuksa-val-server/src/VSSTypeSanitizer.cpp, Duration: 212ms
2026-01-18 19:09:12,007 - Knowledge - INFO - persist search terms embedding for kuksa-val-server/src/VSSTypeSanitizer.cpp
2026-01-18 19:09:12,211 - Knowledge - INFO - process ingested knowledge for /app/data/T0015/307413/b4824bb/kuksa-val/kuksa-val-server/src/VSSTypeSanitizer.cpp
2026-01-18 19:09:12,370 - Knowledge - INFO - Found code-base-name: https://github.com/DarssiniRamesh/kuksa-val.git:kavia-master
2026-01-18 19:09:12,566 - Knowledge - INFO - Found code_base: <app.utils.kg_build.knowledge.KnowledgeCodeBase object at 0x7f75cb4e6290>
2026-01-18 19:09:12,815 - Knowledge - INFO - Found code-base-name: https://github.com/DarssiniRamesh/kuksa-val.git:kavia-master
2026-01-18 19:09:12,965 - Knowledge - INFO - Found code_base: <app.utils.kg_build.knowledge.KnowledgeCodeBase object at 0x7f75cb4e6290>
2026-01-18 19:09:13,157 - Knowledge - INFO - persist ingested knowledge for /app/data/T0015/307413/b4824bb/kuksa-val/kuksa-val-server/src/AccessChecker.cpp
2026-01-18 19:09:13,429 - Knowledge - INFO - [MONGODB_OP] Completed: persist, Collection: file_info, Duration: 99ms
2026-01-18 19:09:13,809 - Knowledge - INFO - [REDIS_OP] Completed: store_embedding, Key: kuksa-val-server/src/AccessChecker.cpp, Duration: 217ms
2026-01-18 19:09:14,013 - Knowledge - INFO - persist search terms embedding for kuksa-val-server/src/AccessChecker.cpp
2026-01-18 19:09:14,183 - Knowledge - INFO - process ingested knowledge for /app/data/T0015/307413/b4824bb/kuksa-val/kuksa-val-server/src/AccessChecker.cpp
2026-01-18 19:09:14,342 - Knowledge - INFO - Found code-base-name: https://github.com/DarssiniRamesh/kuksa-val.git:kavia-master
2026-01-18 19:09:14,554 - Knowledge - INFO - Found code_base: <app.utils.kg_build.knowledge.KnowledgeCodeBase object at 0x7f75cb4e6290>
2026-01-18 19:09:14,778 - Knowledge - INFO - Found code-base-name: https://github.com/DarssiniRamesh/kuksa-val.git:kavia-master
2026-01-18 19:09:15,020 - Knowledge - INFO - Found code_base: <app.utils.kg_build.knowledge.KnowledgeCodeBase object at 0x7f75cb4e6290>
2026-01-18 19:09:15,162 - Knowledge - INFO - persist ingested knowledge for /app/data/T0015/307413/b4824bb/kuksa-val/kuksa-val-server/test/stresstest/Readme.md
2026-01-18 19:09:15,451 - Knowledge - INFO - [MONGODB_OP] Completed: persist, Collection: file_info, Duration: 93ms
2026-01-18 19:09:15,824 - Knowledge - INFO - [REDIS_OP] Completed: store_embedding, Key: kuksa-val-server/test/stresstest/Readme.md, Duration: 207ms
2026-01-18 19:09:16,043 - Knowledge - INFO - persist search terms embedding for kuksa-val-server/test/stresstest/Readme.md
2026-01-18 19:09:16,249 - Knowledge - INFO - process ingested knowledge for /app/data/T0015/307413/b4824bb/kuksa-val/kuksa-val-server/test/stresstest/Readme.md
2026-01-18 19:09:16,414 - Knowledge - INFO - Found code-base-name: https://github.com/DarssiniRamesh/kuksa-val.git:kavia-master
2026-01-18 19:09:16,584 - Knowledge - INFO - Found code_base: <app.utils.kg_build.knowledge.KnowledgeCodeBase object at 0x7f75cb4e6290>
2026-01-18 19:09:16,824 - Knowledge - INFO - Found code-base-name: https://github.com/DarssiniRamesh/kuksa-val.git:kavia-master
2026-01-18 19:09:17,018 - Knowledge - INFO - Found code_base: <app.utils.kg_build.knowledge.KnowledgeCodeBase object at 0x7f75cb4e6290>
2026-01-18 19:09:17,196 - Knowledge - INFO - persist ingested knowledge for /app/data/T0015/307413/b4824bb/kuksa-val/NOTICE.md
2026-01-18 19:09:17,446 - Knowledge - INFO - [MONGODB_OP] Completed: persist, Collection: file_info, Duration: 84ms
2026-01-18 19:09:18,036 - Knowledge - INFO - [REDIS_OP] Completed: store_embedding, Key: NOTICE.md, Duration: 410ms
2026-01-18 19:09:18,250 - Knowledge - INFO - persist search terms embedding for NOTICE.md
2026-01-18 19:09:18,477 - Knowledge - INFO - process ingested knowledge for /app/data/T0015/307413/b4824bb/kuksa-val/NOTICE.md
2026-01-18 19:09:18,653 - Knowledge - INFO - Found code-base-name: https://github.com/DarssiniRamesh/kuksa-val.git:kavia-master
2026-01-18 19:09:18,848 - Knowledge - INFO - Found code_base: <app.utils.kg_build.knowledge.KnowledgeCodeBase object at 0x7f75cb4e6290>
2026-01-18 19:09:19,148 - Knowledge - INFO - Found code-base-name: https://github.com/DarssiniRamesh/kuksa-val.git:kavia-master
2026-01-18 19:09:19,350 - Knowledge - INFO - Found code_base: <app.utils.kg_build.knowledge.KnowledgeCodeBase object at 0x7f75cb4e6290>
2026-01-18 19:09:19,518 - Knowledge - INFO - persist ingested knowledge for /app/data/T0015/307413/b4824bb/kuksa-val/kuksa-val-server/src/VssDatabase_Record.cpp
2026-01-18 19:09:19,833 - Knowledge - INFO - [MONGODB_OP] Completed: persist, Collection: file_info, Duration: 113ms
2026-01-18 19:09:20,219 - Knowledge - INFO - [REDIS_OP] Completed: store_embedding, Key: kuksa-val-server/src/VssDatabase_Record.cpp, Duration: 209ms
2026-01-18 19:09:20,413 - Knowledge - INFO - persist search terms embedding for kuksa-val-server/src/VssDatabase_Record.cpp
2026-01-18 19:09:20,603 - Knowledge - INFO - process ingested knowledge for /app/data/T0015/307413/b4824bb/kuksa-val/kuksa-val-server/src/VssDatabase_Record.cpp
2026-01-18 19:09:20,782 - Knowledge - INFO - Found code-base-name: https://github.com/DarssiniRamesh/kuksa-val.git:kavia-master
2026-01-18 19:09:20,957 - Knowledge - INFO - Found code_base: <app.utils.kg_build.knowledge.KnowledgeCodeBase object at 0x7f75cb4e6290>
2026-01-18 19:09:21,194 - Knowledge - INFO - Found code-base-name: https://github.com/DarssiniRamesh/kuksa-val.git:kavia-master
2026-01-18 19:09:21,357 - Knowledge - INFO - Found code_base: <app.utils.kg_build.knowledge.KnowledgeCodeBase object at 0x7f75cb4e6290>
2026-01-18 19:09:21,520 - Knowledge - INFO - persist ingested knowledge for /app/data/T0015/307413/b4824bb/kuksa-val/doc/system-architecture.md
2026-01-18 19:09:21,835 - Knowledge - INFO - [MONGODB_OP] Completed: persist, Collection: file_info, Duration: 112ms
2026-01-18 19:09:22,247 - Knowledge - INFO - [REDIS_OP] Completed: store_embedding, Key: doc/system-architecture.md, Duration: 233ms
2026-01-18 19:09:22,405 - Knowledge - INFO - persist search terms embedding for doc/system-architecture.md
2026-01-18 19:09:22,590 - Knowledge - INFO - process ingested knowledge for /app/data/T0015/307413/b4824bb/kuksa-val/doc/system-architecture.md
2026-01-18 19:09:22,759 - Knowledge - INFO - Found code-base-name: https://github.com/DarssiniRamesh/kuksa-val.git:kavia-master
2026-01-18 19:09:22,977 - Knowledge - INFO - Found code_base: <app.utils.kg_build.knowledge.KnowledgeCodeBase object at 0x7f75cb4e6290>
2026-01-18 19:09:23,249 - Knowledge - INFO - Found code-base-name: https://github.com/DarssiniRamesh/kuksa-val.git:kavia-master
2026-01-18 19:09:23,409 - Knowledge - INFO - Found code_base: <app.utils.kg_build.knowledge.KnowledgeCodeBase object at 0x7f75cb4e6290>
2026-01-18 19:09:23,612 - Knowledge - INFO - persist ingested knowledge for /app/data/T0015/307413/b4824bb/kuksa-val/kuksa_certificates/jwt/requirements.txt
2026-01-18 19:09:23,860 - Knowledge - INFO - [MONGODB_OP] Completed: persist, Collection: file_info, Duration: 86ms
2026-01-18 19:09:24,233 - Knowledge - INFO - [REDIS_OP] Completed: store_embedding, Key: kuksa_certificates/jwt/requirements.txt, Duration: 193ms
2026-01-18 19:09:24,425 - Knowledge - INFO - persist search terms embedding for kuksa_certificates/jwt/requirements.txt
2026-01-18 19:09:24,624 - Knowledge - INFO - process ingested knowledge for /app/data/T0015/307413/b4824bb/kuksa-val/kuksa_certificates/jwt/requirements.txt
2026-01-18 19:09:24,810 - Knowledge - INFO - Found code-base-name: https://github.com/DarssiniRamesh/kuksa-val.git:kavia-master
2026-01-18 19:09:25,018 - Knowledge - INFO - Found code_base: <app.utils.kg_build.knowledge.KnowledgeCodeBase object at 0x7f75cb4e6290>
2026-01-18 19:09:25,330 - Knowledge - INFO - Found code-base-name: https://github.com/DarssiniRamesh/kuksa-val.git:kavia-master
2026-01-18 19:09:25,535 - Knowledge - INFO - Found code_base: <app.utils.kg_build.knowledge.KnowledgeCodeBase object at 0x7f75cb4e6290>
2026-01-18 19:09:25,804 - Knowledge - INFO - persist ingested knowledge for /app/data/T0015/307413/b4824bb/kuksa-val/kuksa-val-server/test/unit-test/Gen2SetTests.cpp
2026-01-18 19:09:26,125 - Knowledge - INFO - [MONGODB_OP] Completed: persist, Collection: file_info, Duration: 95ms
2026-01-18 19:09:26,574 - Knowledge - INFO - [REDIS_OP] Completed: store_embedding, Key: kuksa-val-server/test/unit-test/Gen2SetTests.cpp, Duration: 263ms
2026-01-18 19:09:26,732 - Knowledge - INFO - persist search terms embedding for kuksa-val-server/test/unit-test/Gen2SetTests.cpp
2026-01-18 19:09:26,897 - Knowledge - INFO - process ingested knowledge for /app/data/T0015/307413/b4824bb/kuksa-val/kuksa-val-server/test/unit-test/Gen2SetTests.cpp
2026-01-18 19:09:27,123 - Knowledge - INFO - Found code-base-name: https://github.com/DarssiniRamesh/kuksa-val.git:kavia-master
2026-01-18 19:09:27,299 - Knowledge - INFO - Found code_base: <app.utils.kg_build.knowledge.KnowledgeCodeBase object at 0x7f75cb4e6290>
2026-01-18 19:09:27,607 - Knowledge - INFO - Found code-base-name: https://github.com/DarssiniRamesh/kuksa-val.git:kavia-master
2026-01-18 19:09:27,789 - Knowledge - INFO - Found code_base: <app.utils.kg_build.knowledge.KnowledgeCodeBase object at 0x7f75cb4e6290>
2026-01-18 19:09:27,973 - Knowledge - INFO - persist ingested knowledge for /app/data/T0015/307413/b4824bb/kuksa-val/kuksa_apps/node-red/docker-compose.yml
2026-01-18 19:09:28,237 - Knowledge - INFO - [MONGODB_OP] Completed: persist, Collection: file_info, Duration: 93ms
2026-01-18 19:09:28,642 - Knowledge - INFO - [REDIS_OP] Completed: store_embedding, Key: kuksa_apps/node-red/docker-compose.yml, Duration: 228ms
2026-01-18 19:09:28,796 - Knowledge - INFO - persist search terms embedding for kuksa_apps/node-red/docker-compose.yml
2026-01-18 19:09:28,959 - Knowledge - INFO - process ingested knowledge for /app/data/T0015/307413/b4824bb/kuksa-val/kuksa_apps/node-red/docker-compose.yml
2026-01-18 19:09:29,184 - Knowledge - INFO - Found code-base-name: https://github.com/DarssiniRamesh/kuksa-val.git:kavia-master
2026-01-18 19:09:29,395 - Knowledge - INFO - Found code_base: <app.utils.kg_build.knowledge.KnowledgeCodeBase object at 0x7f75cb4e6290>
2026-01-18 19:09:29,680 - Knowledge - INFO - Found code-base-name: https://github.com/DarssiniRamesh/kuksa-val.git:kavia-master
2026-01-18 19:09:29,888 - Knowledge - INFO - Found code_base: <app.utils.kg_build.knowledge.KnowledgeCodeBase object at 0x7f75cb4e6290>
2026-01-18 19:09:30,049 - Knowledge - INFO - persist ingested knowledge for /app/data/T0015/307413/b4824bb/kuksa-val/kuksa-val-server/include/grpcHandler.hpp
2026-01-18 19:09:30,353 - Knowledge - INFO - [MONGODB_OP] Completed: persist, Collection: file_info, Duration: 105ms
2026-01-18 19:09:30,783 - Knowledge - INFO - [REDIS_OP] Completed: store_embedding, Key: kuksa-val-server/include/grpcHandler.hpp, Duration: 239ms
2026-01-18 19:09:30,972 - Knowledge - INFO - persist search terms embedding for kuksa-val-server/include/grpcHandler.hpp
2026-01-18 19:09:31,166 - Knowledge - INFO - process ingested knowledge for /app/data/T0015/307413/b4824bb/kuksa-val/kuksa-val-server/include/grpcHandler.hpp
2026-01-18 19:09:31,364 - Knowledge - INFO - Found code-base-name: https://github.com/DarssiniRamesh/kuksa-val.git:kavia-master
2026-01-18 19:09:31,559 - Knowledge - INFO - Found code_base: <app.utils.kg_build.knowledge.KnowledgeCodeBase object at 0x7f75cb4e6290>
2026-01-18 19:09:31,856 - Knowledge - INFO - Found code-base-name: https://github.com/DarssiniRamesh/kuksa-val.git:kavia-master
2026-01-18 19:09:32,011 - Knowledge - INFO - Found code_base: <app.utils.kg_build.knowledge.KnowledgeCodeBase object at 0x7f75cb4e6290>
2026-01-18 19:09:32,176 - Knowledge - INFO - persist ingested knowledge for /app/data/T0015/307413/b4824bb/kuksa-val/kuksa-val-server/src/VSSRequestValidator.cpp
2026-01-18 19:09:32,495 - Knowledge - INFO - [MONGODB_OP] Completed: persist, Collection: file_info, Duration: 110ms
2026-01-18 19:09:32,963 - Knowledge - INFO - [REDIS_OP] Completed: store_embedding, Key: kuksa-val-server/src/VSSRequestValidator.cpp, Duration: 278ms
2026-01-18 19:09:33,148 - Knowledge - INFO - persist search terms embedding for kuksa-val-server/src/VSSRequestValidator.cpp
2026-01-18 19:09:33,322 - Knowledge - INFO - process ingested knowledge for /app/data/T0015/307413/b4824bb/kuksa-val/kuksa-val-server/src/VSSRequestValidator.cpp
2026-01-18 19:09:33,490 - Knowledge - INFO - Found code-base-name: https://github.com/DarssiniRamesh/kuksa-val.git:kavia-master
2026-01-18 19:09:33,714 - Knowledge - INFO - Found code_base: <app.utils.kg_build.knowledge.KnowledgeCodeBase object at 0x7f75cb4e6290>
2026-01-18 19:09:34,024 - Knowledge - INFO - Found code-base-name: https://github.com/DarssiniRamesh/kuksa-val.git:kavia-master
2026-01-18 19:09:34,209 - Knowledge - INFO - Found code_base: <app.utils.kg_build.knowledge.KnowledgeCodeBase object at 0x7f75cb4e6290>
2026-01-18 19:09:34,406 - Knowledge - INFO - persist ingested knowledge for /app/data/T0015/307413/b4824bb/kuksa-val/doc/KUKSA.val_data_broker/broker.md
2026-01-18 19:09:34,673 - Knowledge - INFO - [MONGODB_OP] Completed: persist, Collection: file_info, Duration: 94ms
2026-01-18 19:09:35,021 - Knowledge - INFO - [REDIS_OP] Completed: store_embedding, Key: doc/KUKSA.val_data_broker/broker.md, Duration: 175ms
2026-01-18 19:09:35,175 - Knowledge - INFO - persist search terms embedding for doc/KUKSA.val_data_broker/broker.md
2026-01-18 19:09:35,366 - Knowledge - INFO - process ingested knowledge for /app/data/T0015/307413/b4824bb/kuksa-val/doc/KUKSA.val_data_broker/broker.md
2026-01-18 19:09:35,571 - Knowledge - INFO - Found code-base-name: https://github.com/DarssiniRamesh/kuksa-val.git:kavia-master
2026-01-18 19:09:35,742 - Knowledge - INFO - Found code_base: <app.utils.kg_build.knowledge.KnowledgeCodeBase object at 0x7f75cb4e6290>
2026-01-18 19:09:36,040 - Knowledge - INFO - Found code-base-name: https://github.com/DarssiniRamesh/kuksa-val.git:kavia-master
2026-01-18 19:09:36,198 - Knowledge - INFO - Found code_base: <app.utils.kg_build.knowledge.KnowledgeCodeBase object at 0x7f75cb4e6290>
2026-01-18 19:09:36,407 - Knowledge - INFO - persist ingested knowledge for /app/data/T0015/307413/b4824bb/kuksa-val/kuksa-val-server/src/Authenticator.cpp
2026-01-18 19:09:36,659 - Knowledge - INFO - [MONGODB_OP] Completed: persist, Collection: file_info, Duration: 93ms
2026-01-18 19:09:37,031 - Knowledge - INFO - [REDIS_OP] Completed: store_embedding, Key: kuksa-val-server/src/Authenticator.cpp, Duration: 207ms
2026-01-18 19:09:37,203 - Knowledge - INFO - persist search terms embedding for kuksa-val-server/src/Authenticator.cpp
2026-01-18 19:09:37,376 - Knowledge - INFO - process ingested knowledge for /app/data/T0015/307413/b4824bb/kuksa-val/kuksa-val-server/src/Authenticator.cpp
2026-01-18 19:09:37,535 - Knowledge - INFO - Found code-base-name: https://github.com/DarssiniRamesh/kuksa-val.git:kavia-master
2026-01-18 19:09:37,741 - Knowledge - INFO - Found code_base: <app.utils.kg_build.knowledge.KnowledgeCodeBase object at 0x7f75cb4e6290>
2026-01-18 19:09:38,003 - Knowledge - INFO - Found code-base-name: https://github.com/DarssiniRamesh/kuksa-val.git:kavia-master
2026-01-18 19:09:38,204 - Knowledge - INFO - Found code_base: <app.utils.kg_build.knowledge.KnowledgeCodeBase object at 0x7f75cb4e6290>
2026-01-18 19:09:38,400 - Knowledge - INFO - persist ingested knowledge for /app/data/T0015/307413/b4824bb/kuksa-val/kuksa-val-server/include/interface/IVssDatabase.hpp
2026-01-18 19:09:38,670 - Knowledge - INFO - [MONGODB_OP] Completed: persist, Collection: file_info, Duration: 89ms
2026-01-18 19:09:39,036 - Knowledge - INFO - [REDIS_OP] Completed: store_embedding, Key: kuksa-val-server/include/interface/IVssDatabase.hpp, Duration: 219ms
2026-01-18 19:09:39,201 - Knowledge - INFO - persist search terms embedding for kuksa-val-server/include/interface/IVssDatabase.hpp
2026-01-18 19:09:39,450 - Knowledge - INFO - process ingested knowledge for /app/data/T0015/307413/b4824bb/kuksa-val/kuksa-val-server/include/interface/IVssDatabase.hpp
2026-01-18 19:09:39,611 - Knowledge - INFO - Found code-base-name: https://github.com/DarssiniRamesh/kuksa-val.git:kavia-master
2026-01-18 19:09:39,826 - Knowledge - INFO - Found code_base: <app.utils.kg_build.knowledge.KnowledgeCodeBase object at 0x7f75cb4e6290>
2026-01-18 19:09:40,068 - Knowledge - INFO - Found code-base-name: https://github.com/DarssiniRamesh/kuksa-val.git:kavia-master
2026-01-18 19:09:40,222 - Knowledge - INFO - Found code_base: <app.utils.kg_build.knowledge.KnowledgeCodeBase object at 0x7f75cb4e6290>
2026-01-18 19:09:40,441 - Knowledge - INFO - persist ingested knowledge for /app/data/T0015/307413/b4824bb/kuksa-val/doc/deployment.md
2026-01-18 19:09:40,754 - Knowledge - INFO - [MONGODB_OP] Completed: persist, Collection: file_info, Duration: 107ms
2026-01-18 19:09:41,140 - Knowledge - INFO - [REDIS_OP] Completed: store_embedding, Key: doc/deployment.md, Duration: 188ms
2026-01-18 19:09:41,304 - Knowledge - INFO - persist search terms embedding for doc/deployment.md
2026-01-18 19:09:41,467 - Knowledge - INFO - process ingested knowledge for /app/data/T0015/307413/b4824bb/kuksa-val/doc/deployment.md
2026-01-18 19:09:41,648 - Knowledge - INFO - Found code-base-name: https://github.com/DarssiniRamesh/kuksa-val.git:kavia-master
2026-01-18 19:09:41,818 - Knowledge - INFO - Found code_base: <app.utils.kg_build.knowledge.KnowledgeCodeBase object at 0x7f75cb4e6290>
2026-01-18 19:09:42,117 - Knowledge - INFO - Found code-base-name: https://github.com/DarssiniRamesh/kuksa-val.git:kavia-master
2026-01-18 19:09:42,298 - Knowledge - INFO - Found code_base: <app.utils.kg_build.knowledge.KnowledgeCodeBase object at 0x7f75cb4e6290>
2026-01-18 19:09:42,494 - Knowledge - INFO - persist ingested knowledge for /app/data/T0015/307413/b4824bb/kuksa-val/kuksa-val-server/test/unit-test/KuksavalUnitTest.hpp
2026-01-18 19:09:42,811 - Knowledge - INFO - [MONGODB_OP] Completed: persist, Collection: file_info, Duration: 110ms
2026-01-18 19:09:43,247 - Knowledge - INFO - [REDIS_OP] Completed: store_embedding, Key: kuksa-val-server/test/unit-test/KuksavalUnitTest.hpp, Duration: 238ms
2026-01-18 19:09:43,413 - Knowledge - INFO - persist search terms embedding for kuksa-val-server/test/unit-test/KuksavalUnitTest.hpp
2026-01-18 19:09:43,670 - Knowledge - INFO - process ingested knowledge for /app/data/T0015/307413/b4824bb/kuksa-val/kuksa-val-server/test/unit-test/KuksavalUnitTest.hpp
2026-01-18 19:09:43,865 - Knowledge - INFO - Found code-base-name: https://github.com/DarssiniRamesh/kuksa-val.git:kavia-master
2026-01-18 19:09:44,048 - Knowledge - INFO - Found code_base: <app.utils.kg_build.knowledge.KnowledgeCodeBase object at 0x7f75cb4e6290>
2026-01-18 19:09:44,343 - Knowledge - INFO - Found code-base-name: https://github.com/DarssiniRamesh/kuksa-val.git:kavia-master
2026-01-18 19:09:44,565 - Knowledge - INFO - Found code_base: <app.utils.kg_build.knowledge.KnowledgeCodeBase object at 0x7f75cb4e6290>
2026-01-18 19:09:44,747 - Knowledge - INFO - persist ingested knowledge for /app/data/T0015/307413/b4824bb/kuksa-val/kuksa-val-server/protos/README.md
2026-01-18 19:09:45,013 - Knowledge - INFO - [MONGODB_OP] Completed: persist, Collection: file_info, Duration: 106ms
2026-01-18 19:09:45,471 - Knowledge - INFO - [REDIS_OP] Completed: store_embedding, Key: kuksa-val-server/protos/README.md, Duration: 239ms
2026-01-18 19:09:45,666 - Knowledge - INFO - persist search terms embedding for kuksa-val-server/protos/README.md
2026-01-18 19:09:45,823 - Knowledge - INFO - process ingested knowledge for /app/data/T0015/307413/b4824bb/kuksa-val/kuksa-val-server/protos/README.md
2026-01-18 19:09:46,033 - Knowledge - INFO - Found code-base-name: https://github.com/DarssiniRamesh/kuksa-val.git:kavia-master
2026-01-18 19:09:46,215 - Knowledge - INFO - Found code_base: <app.utils.kg_build.knowledge.KnowledgeCodeBase object at 0x7f75cb4e6290>
2026-01-18 19:09:46,506 - Knowledge - INFO - Found code-base-name: https://github.com/DarssiniRamesh/kuksa-val.git:kavia-master
2026-01-18 19:09:46,688 - Knowledge - INFO - Found code_base: <app.utils.kg_build.knowledge.KnowledgeCodeBase object at 0x7f75cb4e6290>
2026-01-18 19:09:46,866 - Knowledge - INFO - persist ingested knowledge for /app/data/T0015/307413/b4824bb/kuksa-val/data/vss-core/vss_release_2.0.json
2026-01-18 19:09:47,141 - Knowledge - INFO - [MONGODB_OP] Completed: persist, Collection: file_info, Duration: 98ms
2026-01-18 19:09:47,621 - Knowledge - INFO - [REDIS_OP] Completed: store_embedding, Key: data/vss-core/vss_release_2.0.json, Duration: 276ms
2026-01-18 19:09:47,789 - Knowledge - INFO - persist search terms embedding for data/vss-core/vss_release_2.0.json
2026-01-18 19:09:47,982 - Knowledge - INFO - process ingested knowledge for /app/data/T0015/307413/b4824bb/kuksa-val/data/vss-core/vss_release_2.0.json
2026-01-18 19:09:48,197 - Knowledge - INFO - Found code-base-name: https://github.com/DarssiniRamesh/kuksa-val.git:kavia-master
2026-01-18 19:09:48,387 - Knowledge - INFO - Found code_base: <app.utils.kg_build.knowledge.KnowledgeCodeBase object at 0x7f75cb4e6290>
2026-01-18 19:09:48,694 - Knowledge - INFO - Found code-base-name: https://github.com/DarssiniRamesh/kuksa-val.git:kavia-master
2026-01-18 19:09:48,892 - Knowledge - INFO - Found code_base: <app.utils.kg_build.knowledge.KnowledgeCodeBase object at 0x7f75cb4e6290>
2026-01-18 19:09:49,056 - Knowledge - INFO - persist ingested knowledge for /app/data/T0015/307413/b4824bb/kuksa-val/kuksa-val-server/src/VssCommandProcessor.cpp
2026-01-18 19:09:49,358 - Knowledge - INFO - [MONGODB_OP] Completed: persist, Collection: file_info, Duration: 100ms
2026-01-18 19:09:49,724 - Knowledge - INFO - [REDIS_OP] Completed: store_embedding, Key: kuksa-val-server/src/VssCommandProcessor.cpp, Duration: 194ms
2026-01-18 19:09:49,956 - Knowledge - INFO - persist search terms embedding for kuksa-val-server/src/VssCommandProcessor.cpp
2026-01-18 19:09:50,191 - Knowledge - INFO - process ingested knowledge for /app/data/T0015/307413/b4824bb/kuksa-val/kuksa-val-server/src/VssCommandProcessor.cpp
2026-01-18 19:09:50,392 - Knowledge - INFO - Found code-base-name: https://github.com/DarssiniRamesh/kuksa-val.git:kavia-master
2026-01-18 19:09:50,547 - Knowledge - INFO - Found code_base: <app.utils.kg_build.knowledge.KnowledgeCodeBase object at 0x7f75cb4e6290>
2026-01-18 19:09:50,825 - Knowledge - INFO - Found code-base-name: https://github.com/DarssiniRamesh/kuksa-val.git:kavia-master
2026-01-18 19:09:51,026 - Knowledge - INFO - Found code_base: <app.utils.kg_build.knowledge.KnowledgeCodeBase object at 0x7f75cb4e6290>
2026-01-18 19:09:51,225 - Knowledge - INFO - persist ingested knowledge for /app/data/T0015/307413/b4824bb/kuksa-val/kuksa-val-server/src/VssCommandGet.cpp
2026-01-18 19:09:51,502 - Knowledge - INFO - [MONGODB_OP] Completed: persist, Collection: file_info, Duration: 96ms
2026-01-18 19:09:51,942 - Knowledge - INFO - [REDIS_OP] Completed: store_embedding, Key: kuksa-val-server/src/VssCommandGet.cpp, Duration: 284ms
2026-01-18 19:09:52,120 - Knowledge - INFO - persist search terms embedding for kuksa-val-server/src/VssCommandGet.cpp
2026-01-18 19:09:52,290 - Knowledge - INFO - process ingested knowledge for /app/data/T0015/307413/b4824bb/kuksa-val/kuksa-val-server/src/VssCommandGet.cpp
2026-01-18 19:09:52,450 - Knowledge - INFO - Found code-base-name: https://github.com/DarssiniRamesh/kuksa-val.git:kavia-master
2026-01-18 19:09:52,642 - Knowledge - INFO - Found code_base: <app.utils.kg_build.knowledge.KnowledgeCodeBase object at 0x7f75cb4e6290>
2026-01-18 19:09:52,956 - Knowledge - INFO - Found code-base-name: https://github.com/DarssiniRamesh/kuksa-val.git:kavia-master
2026-01-18 19:09:53,111 - Knowledge - INFO - Found code_base: <app.utils.kg_build.knowledge.KnowledgeCodeBase object at 0x7f75cb4e6290>
2026-01-18 19:09:53,294 - Knowledge - INFO - persist ingested knowledge for /app/data/T0015/307413/b4824bb/kuksa-val/kuksa-val-server/include/BasicLogger.hpp
2026-01-18 19:09:53,572 - Knowledge - INFO - [MONGODB_OP] Completed: persist, Collection: file_info, Duration: 90ms
2026-01-18 19:09:53,942 - Knowledge - INFO - [REDIS_OP] Completed: store_embedding, Key: kuksa-val-server/include/BasicLogger.hpp, Duration: 204ms
2026-01-18 19:09:54,153 - Knowledge - INFO - persist search terms embedding for kuksa-val-server/include/BasicLogger.hpp
2026-01-18 19:09:54,500 - Knowledge - INFO - process ingested knowledge for /app/data/T0015/307413/b4824bb/kuksa-val/kuksa-val-server/include/BasicLogger.hpp
2026-01-18 19:09:54,674 - Knowledge - INFO - Found code-base-name: https://github.com/DarssiniRamesh/kuksa-val.git:kavia-master
2026-01-18 19:09:54,843 - Knowledge - INFO - Found code_base: <app.utils.kg_build.knowledge.KnowledgeCodeBase object at 0x7f75cb4e6290>
2026-01-18 19:09:55,079 - Knowledge - INFO - Found code-base-name: https://github.com/DarssiniRamesh/kuksa-val.git:kavia-master
2026-01-18 19:09:55,261 - Knowledge - INFO - Found code_base: <app.utils.kg_build.knowledge.KnowledgeCodeBase object at 0x7f75cb4e6290>
2026-01-18 19:09:55,443 - Knowledge - INFO - persist ingested knowledge for /app/data/T0015/307413/b4824bb/kuksa-val/README.md
2026-01-18 19:09:55,680 - Knowledge - INFO - [MONGODB_OP] Completed: persist, Collection: file_info, Duration: 86ms
2026-01-18 19:09:56,039 - Knowledge - INFO - [REDIS_OP] Completed: store_embedding, Key: README.md, Duration: 199ms
2026-01-18 19:09:56,230 - Knowledge - INFO - persist search terms embedding for README.md
2026-01-18 19:09:56,411 - Knowledge - INFO - process ingested knowledge for /app/data/T0015/307413/b4824bb/kuksa-val/README.md
2026-01-18 19:09:56,602 - Knowledge - INFO - Found code-base-name: https://github.com/DarssiniRamesh/kuksa-val.git:kavia-master
2026-01-18 19:09:56,791 - Knowledge - INFO - Found code_base: <app.utils.kg_build.knowledge.KnowledgeCodeBase object at 0x7f75cb4e6290>
2026-01-18 19:09:57,051 - Knowledge - INFO - Found code-base-name: https://github.com/DarssiniRamesh/kuksa-val.git:kavia-master
2026-01-18 19:09:57,232 - Knowledge - INFO - Found code_base: <app.utils.kg_build.knowledge.KnowledgeCodeBase object at 0x7f75cb4e6290>
2026-01-18 19:09:57,432 - Knowledge - INFO - persist ingested knowledge for /app/data/T0015/307413/b4824bb/kuksa-val/kuksa-val-server/grpc.cmake
2026-01-18 19:09:57,728 - Knowledge - INFO - [MONGODB_OP] Completed: persist, Collection: file_info, Duration: 106ms
2026-01-18 19:09:58,329 - Knowledge - INFO - [REDIS_OP] Completed: store_embedding, Key: kuksa-val-server/grpc.cmake, Duration: 411ms
2026-01-18 19:09:58,504 - Knowledge - INFO - persist search terms embedding for kuksa-val-server/grpc.cmake
2026-01-18 19:09:58,674 - Knowledge - INFO - process ingested knowledge for /app/data/T0015/307413/b4824bb/kuksa-val/kuksa-val-server/grpc.cmake
2026-01-18 19:09:58,864 - Knowledge - INFO - Found code-base-name: https://github.com/DarssiniRamesh/kuksa-val.git:kavia-master
2026-01-18 19:09:59,074 - Knowledge - INFO - Found code_base: <app.utils.kg_build.knowledge.KnowledgeCodeBase object at 0x7f75cb4e6290>
2026-01-18 19:09:59,371 - Knowledge - INFO - Found code-base-name: https://github.com/DarssiniRamesh/kuksa-val.git:kavia-master
2026-01-18 19:09:59,527 - Knowledge - INFO - Found code_base: <app.utils.kg_build.knowledge.KnowledgeCodeBase object at 0x7f75cb4e6290>
2026-01-18 19:09:59,726 - Knowledge - INFO - persist ingested knowledge for /app/data/T0015/307413/b4824bb/kuksa-val/test/stresstest/stresstest.py
2026-01-18 19:09:59,993 - Knowledge - INFO - [MONGODB_OP] Completed: persist, Collection: file_info, Duration: 91ms
2026-01-18 19:10:00,371 - Knowledge - INFO - [REDIS_OP] Completed: store_embedding, Key: test/stresstest/stresstest.py, Duration: 193ms
2026-01-18 19:10:00,527 - Knowledge - INFO - persist search terms embedding for test/stresstest/stresstest.py
2026-01-18 19:10:00,707 - Knowledge - INFO - process ingested knowledge for /app/data/T0015/307413/b4824bb/kuksa-val/test/stresstest/stresstest.py
2026-01-18 19:10:00,908 - Knowledge - INFO - Found code-base-name: https://github.com/DarssiniRamesh/kuksa-val.git:kavia-master
2026-01-18 19:10:01,085 - Knowledge - INFO - Found code_base: <app.utils.kg_build.knowledge.KnowledgeCodeBase object at 0x7f75cb4e6290>
2026-01-18 19:10:01,332 - Knowledge - INFO - Found code-base-name: https://github.com/DarssiniRamesh/kuksa-val.git:kavia-master
2026-01-18 19:10:01,518 - Knowledge - INFO - Found code_base: <app.utils.kg_build.knowledge.KnowledgeCodeBase object at 0x7f75cb4e6290>
2026-01-18 19:10:01,728 - Knowledge - INFO - persist ingested knowledge for /app/data/T0015/307413/b4824bb/kuksa-val/kuksa-val-server/test/unit-test/mock/IPublisherMock.hpp
2026-01-18 19:10:02,087 - Knowledge - INFO - [MONGODB_OP] Completed: persist, Collection: file_info, Duration: 185ms
2026-01-18 19:10:02,589 - Knowledge - INFO - [REDIS_OP] Completed: store_embedding, Key: kuksa-val-server/test/unit-test/mock/IPublisherMock.hpp, Duration: 294ms
2026-01-18 19:10:02,763 - Knowledge - INFO - persist search terms embedding for kuksa-val-server/test/unit-test/mock/IPublisherMock.hpp
2026-01-18 19:10:02,972 - Knowledge - INFO - process ingested knowledge for /app/data/T0015/307413/b4824bb/kuksa-val/kuksa-val-server/test/unit-test/mock/IPublisherMock.hpp
2026-01-18 19:10:03,153 - Knowledge - INFO - Found code-base-name: https://github.com/DarssiniRamesh/kuksa-val.git:kavia-master
2026-01-18 19:10:03,360 - Knowledge - INFO - Found code_base: <app.utils.kg_build.knowledge.KnowledgeCodeBase object at 0x7f75cb4e6290>
2026-01-18 19:10:03,611 - Knowledge - INFO - Found code-base-name: https://github.com/DarssiniRamesh/kuksa-val.git:kavia-master
2026-01-18 19:10:03,788 - Knowledge - INFO - Found code_base: <app.utils.kg_build.knowledge.KnowledgeCodeBase object at 0x7f75cb4e6290>
2026-01-18 19:10:03,984 - Knowledge - INFO - persist ingested knowledge for /app/data/T0015/307413/b4824bb/kuksa-val/test/stresstest/subscriber.py
2026-01-18 19:10:04,289 - Knowledge - INFO - [MONGODB_OP] Completed: persist, Collection: file_info, Duration: 139ms
2026-01-18 19:10:04,755 - Knowledge - INFO - [REDIS_OP] Completed: store_embedding, Key: test/stresstest/subscriber.py, Duration: 284ms
2026-01-18 19:10:04,906 - Knowledge - INFO - persist search terms embedding for test/stresstest/subscriber.py
2026-01-18 19:10:05,112 - Knowledge - INFO - process ingested knowledge for /app/data/T0015/307413/b4824bb/kuksa-val/test/stresstest/subscriber.py
2026-01-18 19:10:05,282 - Knowledge - INFO - Found code-base-name: https://github.com/DarssiniRamesh/kuksa-val.git:kavia-master
2026-01-18 19:10:05,471 - Knowledge - INFO - Found code_base: <app.utils.kg_build.knowledge.KnowledgeCodeBase object at 0x7f75cb4e6290>
2026-01-18 19:10:05,744 - Knowledge - INFO - Found code-base-name: https://github.com/DarssiniRamesh/kuksa-val.git:kavia-master
2026-01-18 19:10:05,963 - Knowledge - INFO - Found code_base: <app.utils.kg_build.knowledge.KnowledgeCodeBase object at 0x7f75cb4e6290>
2026-01-18 19:10:06,128 - Knowledge - INFO - persist ingested knowledge for /app/data/T0015/307413/b4824bb/kuksa-val/kuksa-val-server/test/unit-test/Gen2GetTests.cpp
2026-01-18 19:10:06,450 - Knowledge - INFO - [MONGODB_OP] Completed: persist, Collection: file_info, Duration: 108ms
2026-01-18 19:10:07,002 - Knowledge - INFO - [REDIS_OP] Completed: store_embedding, Key: kuksa-val-server/test/unit-test/Gen2GetTests.cpp, Duration: 332ms
2026-01-18 19:10:07,163 - Knowledge - INFO - persist search terms embedding for kuksa-val-server/test/unit-test/Gen2GetTests.cpp
2026-01-18 19:10:07,338 - Knowledge - INFO - process ingested knowledge for /app/data/T0015/307413/b4824bb/kuksa-val/kuksa-val-server/test/unit-test/Gen2GetTests.cpp
2026-01-18 19:10:07,514 - Knowledge - INFO - Found code-base-name: https://github.com/DarssiniRamesh/kuksa-val.git:kavia-master
2026-01-18 19:10:07,681 - Knowledge - INFO - Found code_base: <app.utils.kg_build.knowledge.KnowledgeCodeBase object at 0x7f75cb4e6290>
2026-01-18 19:10:07,963 - Knowledge - INFO - Found code-base-name: https://github.com/DarssiniRamesh/kuksa-val.git:kavia-master
2026-01-18 19:10:08,132 - Knowledge - INFO - Found code_base: <app.utils.kg_build.knowledge.KnowledgeCodeBase object at 0x7f75cb4e6290>
2026-01-18 19:10:08,327 - Knowledge - INFO - persist ingested knowledge for /app/data/T0015/307413/b4824bb/kuksa-val/kuksa-val-server/src/SubscriptionHandler.cpp
2026-01-18 19:10:08,652 - Knowledge - INFO - [MONGODB_OP] Completed: persist, Collection: file_info, Duration: 123ms
2026-01-18 19:10:09,064 - Knowledge - INFO - [REDIS_OP] Completed: store_embedding, Key: kuksa-val-server/src/SubscriptionHandler.cpp, Duration: 240ms
2026-01-18 19:10:09,258 - Knowledge - INFO - persist search terms embedding for kuksa-val-server/src/SubscriptionHandler.cpp
2026-01-18 19:10:09,428 - Knowledge - INFO - process ingested knowledge for /app/data/T0015/307413/b4824bb/kuksa-val/kuksa-val-server/src/SubscriptionHandler.cpp
2026-01-18 19:10:09,652 - Knowledge - INFO - Found code-base-name: https://github.com/DarssiniRamesh/kuksa-val.git:kavia-master
2026-01-18 19:10:09,848 - Knowledge - INFO - Found code_base: <app.utils.kg_build.knowledge.KnowledgeCodeBase object at 0x7f75cb4e6290>
2026-01-18 19:10:10,121 - Knowledge - INFO - Found code-base-name: https://github.com/DarssiniRamesh/kuksa-val.git:kavia-master
2026-01-18 19:10:10,304 - Knowledge - INFO - Found code_base: <app.utils.kg_build.knowledge.KnowledgeCodeBase object at 0x7f75cb4e6290>
2026-01-18 19:10:10,497 - Knowledge - INFO - persist ingested knowledge for /app/data/T0015/307413/b4824bb/kuksa-val/doc/terminology.md
2026-01-18 19:10:10,775 - Knowledge - INFO - [MONGODB_OP] Completed: persist, Collection: file_info, Duration: 97ms
2026-01-18 19:10:11,175 - Knowledge - INFO - [REDIS_OP] Completed: store_embedding, Key: doc/terminology.md, Duration: 221ms
2026-01-18 19:10:11,355 - Knowledge - INFO - persist search terms embedding for doc/terminology.md
2026-01-18 19:10:11,518 - Knowledge - INFO - process ingested knowledge for /app/data/T0015/307413/b4824bb/kuksa-val/doc/terminology.md
2026-01-18 19:10:11,720 - Knowledge - INFO - Found code-base-name: https://github.com/DarssiniRamesh/kuksa-val.git:kavia-master
2026-01-18 19:10:11,953 - Knowledge - INFO - Found code_base: <app.utils.kg_build.knowledge.KnowledgeCodeBase object at 0x7f75cb4e6290>
2026-01-18 19:10:12,282 - Knowledge - INFO - Found code-base-name: https://github.com/DarssiniRamesh/kuksa-val.git:kavia-master
2026-01-18 19:10:12,490 - Knowledge - INFO - Found code_base: <app.utils.kg_build.knowledge.KnowledgeCodeBase object at 0x7f75cb4e6290>
2026-01-18 19:10:12,652 - Knowledge - INFO - persist ingested knowledge for /app/data/T0015/307413/b4824bb/kuksa-val/kuksa-val-server/test/unit-test/UpdateVSSTreeTest.cpp
2026-01-18 19:10:12,920 - Knowledge - INFO - [MONGODB_OP] Completed: persist, Collection: file_info, Duration: 103ms
2026-01-18 19:10:13,400 - Knowledge - INFO - [REDIS_OP] Completed: store_embedding, Key: kuksa-val-server/test/unit-test/UpdateVSSTreeTest.cpp, Duration: 300ms
2026-01-18 19:10:13,604 - Knowledge - INFO - persist search terms embedding for kuksa-val-server/test/unit-test/UpdateVSSTreeTest.cpp
2026-01-18 19:10:13,790 - Knowledge - INFO - process ingested knowledge for /app/data/T0015/307413/b4824bb/kuksa-val/kuksa-val-server/test/unit-test/UpdateVSSTreeTest.cpp
2026-01-18 19:10:13,968 - Knowledge - INFO - Found code-base-name: https://github.com/DarssiniRamesh/kuksa-val.git:kavia-master
2026-01-18 19:10:14,149 - Knowledge - INFO - Found code_base: <app.utils.kg_build.knowledge.KnowledgeCodeBase object at 0x7f75cb4e6290>
2026-01-18 19:10:14,429 - Knowledge - INFO - Found code-base-name: https://github.com/DarssiniRamesh/kuksa-val.git:kavia-master
2026-01-18 19:10:14,598 - Knowledge - INFO - Found code_base: <app.utils.kg_build.knowledge.KnowledgeCodeBase object at 0x7f75cb4e6290>
2026-01-18 19:10:14,839 - Knowledge - INFO - persist ingested knowledge for /app/data/T0015/307413/b4824bb/kuksa-val/test/stresstest/stress.py
2026-01-18 19:10:15,168 - Knowledge - INFO - [MONGODB_OP] Completed: persist, Collection: file_info, Duration: 121ms
2026-01-18 19:10:15,564 - Knowledge - INFO - [REDIS_OP] Completed: store_embedding, Key: test/stresstest/stress.py, Duration: 211ms
2026-01-18 19:10:15,807 - Knowledge - INFO - persist search terms embedding for test/stresstest/stress.py
2026-01-18 19:10:15,970 - Knowledge - INFO - process ingested knowledge for /app/data/T0015/307413/b4824bb/kuksa-val/test/stresstest/stress.py
2026-01-18 19:10:16,175 - Knowledge - INFO - Found code-base-name: https://github.com/DarssiniRamesh/kuksa-val.git:kavia-master
2026-01-18 19:10:16,336 - Knowledge - INFO - Found code_base: <app.utils.kg_build.knowledge.KnowledgeCodeBase object at 0x7f75cb4e6290>
2026-01-18 19:10:16,582 - Knowledge - INFO - Found code-base-name: https://github.com/DarssiniRamesh/kuksa-val.git:kavia-master
2026-01-18 19:10:16,767 - Knowledge - INFO - Found code_base: <app.utils.kg_build.knowledge.KnowledgeCodeBase object at 0x7f75cb4e6290>
2026-01-18 19:10:16,932 - Knowledge - INFO - persist ingested knowledge for /app/data/T0015/307413/b4824bb/kuksa-val/doc/KUKSA.val_server/run-docker.md
2026-01-18 19:10:17,211 - Knowledge - INFO - [MONGODB_OP] Completed: persist, Collection: file_info, Duration: 92ms
2026-01-18 19:10:17,553 - Knowledge - INFO - [REDIS_OP] Completed: store_embedding, Key: doc/KUKSA.val_server/run-docker.md, Duration: 182ms
2026-01-18 19:10:17,714 - Knowledge - INFO - persist search terms embedding for doc/KUKSA.val_server/run-docker.md
2026-01-18 19:10:17,903 - Knowledge - INFO - process ingested knowledge for /app/data/T0015/307413/b4824bb/kuksa-val/doc/KUKSA.val_server/run-docker.md
2026-01-18 19:10:18,150 - Knowledge - INFO - Found code-base-name: https://github.com/DarssiniRamesh/kuksa-val.git:kavia-master
2026-01-18 19:10:18,354 - Knowledge - INFO - Found code_base: <app.utils.kg_build.knowledge.KnowledgeCodeBase object at 0x7f75cb4e6290>
2026-01-18 19:10:18,638 - Knowledge - INFO - Found code-base-name: https://github.com/DarssiniRamesh/kuksa-val.git:kavia-master
2026-01-18 19:10:18,836 - Knowledge - INFO - Found code_base: <app.utils.kg_build.knowledge.KnowledgeCodeBase object at 0x7f75cb4e6290>
2026-01-18 19:10:19,024 - Knowledge - INFO - persist ingested knowledge for /app/data/T0015/307413/b4824bb/kuksa-val/kuksa-val-server/include/visconf.hpp
2026-01-18 19:10:19,306 - Knowledge - INFO - [MONGODB_OP] Completed: persist, Collection: file_info, Duration: 104ms
2026-01-18 19:10:19,727 - Knowledge - INFO - [REDIS_OP] Completed: store_embedding, Key: kuksa-val-server/include/visconf.hpp, Duration: 219ms
2026-01-18 19:10:19,890 - Knowledge - INFO - persist search terms embedding for kuksa-val-server/include/visconf.hpp
2026-01-18 19:10:20,089 - Knowledge - INFO - process ingested knowledge for /app/data/T0015/307413/b4824bb/kuksa-val/kuksa-val-server/include/visconf.hpp
2026-01-18 19:10:20,301 - Knowledge - INFO - Found code-base-name: https://github.com/DarssiniRamesh/kuksa-val.git:kavia-master
2026-01-18 19:10:20,477 - Knowledge - INFO - Found code_base: <app.utils.kg_build.knowledge.KnowledgeCodeBase object at 0x7f75cb4e6290>
2026-01-18 19:10:20,791 - Knowledge - INFO - Found code-base-name: https://github.com/DarssiniRamesh/kuksa-val.git:kavia-master
2026-01-18 19:10:21,005 - Knowledge - INFO - Found code_base: <app.utils.kg_build.knowledge.KnowledgeCodeBase object at 0x7f75cb4e6290>
2026-01-18 19:10:21,171 - Knowledge - INFO - persist ingested knowledge for /app/data/T0015/307413/b4824bb/kuksa-val/kuksa_apps/s3/readme.md
2026-01-18 19:10:21,448 - Knowledge - INFO - [MONGODB_OP] Completed: persist, Collection: file_info, Duration: 83ms
2026-01-18 19:10:21,881 - Knowledge - INFO - [REDIS_OP] Completed: store_embedding, Key: kuksa_apps/s3/readme.md, Duration: 222ms
2026-01-18 19:10:22,100 - Knowledge - INFO - persist search terms embedding for kuksa_apps/s3/readme.md
2026-01-18 19:10:22,300 - Knowledge - INFO - process ingested knowledge for /app/data/T0015/307413/b4824bb/kuksa-val/kuksa_apps/s3/readme.md
2026-01-18 19:10:22,515 - Knowledge - INFO - Found code-base-name: https://github.com/DarssiniRamesh/kuksa-val.git:kavia-master
2026-01-18 19:10:22,730 - Knowledge - INFO - Found code_base: <app.utils.kg_build.knowledge.KnowledgeCodeBase object at 0x7f75cb4e6290>
2026-01-18 19:10:22,955 - Knowledge - INFO - Found code-base-name: https://github.com/DarssiniRamesh/kuksa-val.git:kavia-master
2026-01-18 19:10:23,142 - Knowledge - INFO - Found code_base: <app.utils.kg_build.knowledge.KnowledgeCodeBase object at 0x7f75cb4e6290>
2026-01-18 19:10:23,329 - Knowledge - INFO - persist ingested knowledge for /app/data/T0015/307413/b4824bb/kuksa-val/doc/server-vs-broker.md
2026-01-18 19:10:23,633 - Knowledge - INFO - [MONGODB_OP] Completed: persist, Collection: file_info, Duration: 88ms
2026-01-18 19:10:24,092 - Knowledge - INFO - [REDIS_OP] Completed: store_embedding, Key: doc/server-vs-broker.md, Duration: 246ms
2026-01-18 19:10:24,276 - Knowledge - INFO - persist search terms embedding for doc/server-vs-broker.md
2026-01-18 19:10:24,453 - Knowledge - INFO - process ingested knowledge for /app/data/T0015/307413/b4824bb/kuksa-val/doc/server-vs-broker.md
2026-01-18 19:10:24,690 - Knowledge - INFO - Found code-base-name: https://github.com/DarssiniRamesh/kuksa-val.git:kavia-master
2026-01-18 19:10:24,886 - Knowledge - INFO - Found code_base: <app.utils.kg_build.knowledge.KnowledgeCodeBase object at 0x7f75cb4e6290>
2026-01-18 19:10:25,151 - Knowledge - INFO - Found code-base-name: https://github.com/DarssiniRamesh/kuksa-val.git:kavia-master
2026-01-18 19:10:25,360 - Knowledge - INFO - Found code_base: <app.utils.kg_build.knowledge.KnowledgeCodeBase object at 0x7f75cb4e6290>
2026-01-18 19:10:25,568 - Knowledge - INFO - persist ingested knowledge for /app/data/T0015/307413/b4824bb/kuksa-val/kuksa-val-server/src/VSSPath.cpp
2026-01-18 19:10:25,835 - Knowledge - INFO - [MONGODB_OP] Completed: persist, Collection: file_info, Duration: 104ms
2026-01-18 19:10:26,270 - Knowledge - INFO - [REDIS_OP] Completed: store_embedding, Key: kuksa-val-server/src/VSSPath.cpp, Duration: 214ms
2026-01-18 19:10:26,459 - Knowledge - INFO - persist search terms embedding for kuksa-val-server/src/VSSPath.cpp
2026-01-18 19:10:26,672 - Knowledge - INFO - process ingested knowledge for /app/data/T0015/307413/b4824bb/kuksa-val/kuksa-val-server/src/VSSPath.cpp
2026-01-18 19:10:26,836 - Knowledge - INFO - Found code-base-name: https://github.com/DarssiniRamesh/kuksa-val.git:kavia-master
2026-01-18 19:10:26,993 - Knowledge - INFO - Found code_base: <app.utils.kg_build.knowledge.KnowledgeCodeBase object at 0x7f75cb4e6290>
2026-01-18 19:10:27,302 - Knowledge - INFO - Found code-base-name: https://github.com/DarssiniRamesh/kuksa-val.git:kavia-master
2026-01-18 19:10:27,476 - Knowledge - INFO - Found code_base: <app.utils.kg_build.knowledge.KnowledgeCodeBase object at 0x7f75cb4e6290>
2026-01-18 19:10:27,713 - Knowledge - INFO - persist ingested knowledge for /app/data/T0015/307413/b4824bb/kuksa-val/doc/protocol/README.md
2026-01-18 19:10:28,125 - Knowledge - INFO - [MONGODB_OP] Completed: persist, Collection: file_info, Duration: 110ms
2026-01-18 19:10:28,639 - Knowledge - INFO - [REDIS_OP] Completed: store_embedding, Key: doc/protocol/README.md, Duration: 306ms
2026-01-18 19:10:28,849 - Knowledge - INFO - persist search terms embedding for doc/protocol/README.md
2026-01-18 19:10:29,031 - Knowledge - INFO - process ingested knowledge for /app/data/T0015/307413/b4824bb/kuksa-val/doc/protocol/README.md
2026-01-18 19:10:29,262 - Knowledge - INFO - Found code-base-name: https://github.com/DarssiniRamesh/kuksa-val.git:kavia-master
2026-01-18 19:10:29,446 - Knowledge - INFO - Found code_base: <app.utils.kg_build.knowledge.KnowledgeCodeBase object at 0x7f75cb4e6290>
2026-01-18 19:10:29,805 - Knowledge - INFO - Found code-base-name: https://github.com/DarssiniRamesh/kuksa-val.git:kavia-master
2026-01-18 19:10:29,959 - Knowledge - INFO - Found code_base: <app.utils.kg_build.knowledge.KnowledgeCodeBase object at 0x7f75cb4e6290>
2026-01-18 19:10:30,167 - Knowledge - INFO - persist ingested knowledge for /app/data/T0015/307413/b4824bb/kuksa-val/kuksa-val-server/include/KuksaChannel.hpp
2026-01-18 19:10:30,487 - Knowledge - INFO - [MONGODB_OP] Completed: persist, Collection: file_info, Duration: 112ms
2026-01-18 19:10:30,854 - Knowledge - INFO - [REDIS_OP] Completed: store_embedding, Key: kuksa-val-server/include/KuksaChannel.hpp, Duration: 221ms
2026-01-18 19:10:31,053 - Knowledge - INFO - persist search terms embedding for kuksa-val-server/include/KuksaChannel.hpp
2026-01-18 19:10:31,252 - Knowledge - INFO - process ingested knowledge for /app/data/T0015/307413/b4824bb/kuksa-val/kuksa-val-server/include/KuksaChannel.hpp
2026-01-18 19:10:31,437 - Knowledge - INFO - Found code-base-name: https://github.com/DarssiniRamesh/kuksa-val.git:kavia-master
2026-01-18 19:10:31,648 - Knowledge - INFO - Found code_base: <app.utils.kg_build.knowledge.KnowledgeCodeBase object at 0x7f75cb4e6290>
2026-01-18 19:10:31,953 - Knowledge - INFO - Found code-base-name: https://github.com/DarssiniRamesh/kuksa-val.git:kavia-master
2026-01-18 19:10:32,122 - Knowledge - INFO - Found code_base: <app.utils.kg_build.knowledge.KnowledgeCodeBase object at 0x7f75cb4e6290>
2026-01-18 19:10:32,390 - Knowledge - INFO - persist ingested knowledge for /app/data/T0015/307413/b4824bb/kuksa-val/codecov.yml
2026-01-18 19:10:32,681 - Knowledge - INFO - [MONGODB_OP] Completed: persist, Collection: file_info, Duration: 113ms
2026-01-18 19:10:33,110 - Knowledge - INFO - [REDIS_OP] Completed: store_embedding, Key: codecov.yml, Duration: 208ms
2026-01-18 19:10:33,303 - Knowledge - INFO - persist search terms embedding for codecov.yml
2026-01-18 19:10:33,513 - Knowledge - INFO - process ingested knowledge for /app/data/T0015/307413/b4824bb/kuksa-val/codecov.yml
2026-01-18 19:10:33,674 - Knowledge - INFO - Found code-base-name: https://github.com/DarssiniRamesh/kuksa-val.git:kavia-master
2026-01-18 19:10:33,850 - Knowledge - INFO - Found code_base: <app.utils.kg_build.knowledge.KnowledgeCodeBase object at 0x7f75cb4e6290>
2026-01-18 19:10:34,103 - Knowledge - INFO - Found code-base-name: https://github.com/DarssiniRamesh/kuksa-val.git:kavia-master
2026-01-18 19:10:34,295 - Knowledge - INFO - Found code_base: <app.utils.kg_build.knowledge.KnowledgeCodeBase object at 0x7f75cb4e6290>
2026-01-18 19:10:34,482 - Knowledge - INFO - persist ingested knowledge for /app/data/T0015/307413/b4824bb/kuksa-val/kuksa-val-server/src/OverlayLoader.cpp
2026-01-18 19:10:34,768 - Knowledge - INFO - [MONGODB_OP] Completed: persist, Collection: file_info, Duration: 110ms
2026-01-18 19:10:35,144 - Knowledge - INFO - [REDIS_OP] Completed: store_embedding, Key: kuksa-val-server/src/OverlayLoader.cpp, Duration: 208ms
2026-01-18 19:10:35,308 - Knowledge - INFO - persist search terms embedding for kuksa-val-server/src/OverlayLoader.cpp
2026-01-18 19:10:35,510 - Knowledge - INFO - process ingested knowledge for /app/data/T0015/307413/b4824bb/kuksa-val/kuksa-val-server/src/OverlayLoader.cpp
2026-01-18 19:10:35,667 - Knowledge - INFO - Found code-base-name: https://github.com/DarssiniRamesh/kuksa-val.git:kavia-master
2026-01-18 19:10:35,815 - Knowledge - INFO - Found code_base: <app.utils.kg_build.knowledge.KnowledgeCodeBase object at 0x7f75cb4e6290>
2026-01-18 19:10:36,122 - Knowledge - INFO - Found code-base-name: https://github.com/DarssiniRamesh/kuksa-val.git:kavia-master
2026-01-18 19:10:36,284 - Knowledge - INFO - Found code_base: <app.utils.kg_build.knowledge.KnowledgeCodeBase object at 0x7f75cb4e6290>
2026-01-18 19:10:36,471 - Knowledge - INFO - persist ingested knowledge for /app/data/T0015/307413/b4824bb/kuksa-val/kuksa-val-server/include/interface/IServer.hpp
2026-01-18 19:10:36,756 - Knowledge - INFO - [MONGODB_OP] Completed: persist, Collection: file_info, Duration: 111ms
2026-01-18 19:10:37,176 - Knowledge - INFO - [REDIS_OP] Completed: store_embedding, Key: kuksa-val-server/include/interface/IServer.hpp, Duration: 236ms
2026-01-18 19:10:37,348 - Knowledge - INFO - persist search terms embedding for kuksa-val-server/include/interface/IServer.hpp
2026-01-18 19:10:37,528 - Knowledge - INFO - process ingested knowledge for /app/data/T0015/307413/b4824bb/kuksa-val/kuksa-val-server/include/interface/IServer.hpp
2026-01-18 19:10:37,691 - Knowledge - INFO - Found code-base-name: https://github.com/DarssiniRamesh/kuksa-val.git:kavia-master
2026-01-18 19:10:37,889 - Knowledge - INFO - Found code_base: <app.utils.kg_build.knowledge.KnowledgeCodeBase object at 0x7f75cb4e6290>
2026-01-18 19:10:38,174 - Knowledge - INFO - Found code-base-name: https://github.com/DarssiniRamesh/kuksa-val.git:kavia-master
2026-01-18 19:10:38,372 - Knowledge - INFO - Found code_base: <app.utils.kg_build.knowledge.KnowledgeCodeBase object at 0x7f75cb4e6290>
2026-01-18 19:10:38,546 - Knowledge - INFO - persist ingested knowledge for /app/data/T0015/307413/b4824bb/kuksa-val/kuksa-val-server/include/interface/IAccessChecker.hpp
2026-01-18 19:10:38,808 - Knowledge - INFO - [MONGODB_OP] Completed: persist, Collection: file_info, Duration: 95ms
2026-01-18 19:10:39,207 - Knowledge - INFO - [REDIS_OP] Completed: store_embedding, Key: kuksa-val-server/include/interface/IAccessChecker.hpp, Duration: 207ms
2026-01-18 19:10:39,383 - Knowledge - INFO - persist search terms embedding for kuksa-val-server/include/interface/IAccessChecker.hpp
2026-01-18 19:10:39,587 - Knowledge - INFO - process ingested knowledge for /app/data/T0015/307413/b4824bb/kuksa-val/kuksa-val-server/include/interface/IAccessChecker.hpp
2026-01-18 19:10:39,770 - Knowledge - INFO - Found code-base-name: https://github.com/DarssiniRamesh/kuksa-val.git:kavia-master
2026-01-18 19:10:39,969 - Knowledge - INFO - Found code_base: <app.utils.kg_build.knowledge.KnowledgeCodeBase object at 0x7f75cb4e6290>
2026-01-18 19:10:40,214 - Knowledge - INFO - Found code-base-name: https://github.com/DarssiniRamesh/kuksa-val.git:kavia-master
2026-01-18 19:10:40,419 - Knowledge - INFO - Found code_base: <app.utils.kg_build.knowledge.KnowledgeCodeBase object at 0x7f75cb4e6290>
2026-01-18 19:10:40,612 - Knowledge - INFO - persist ingested knowledge for /app/data/T0015/307413/b4824bb/kuksa-val/kuksa-val-server/src/VssDatabase.cpp
2026-01-18 19:10:40,913 - Knowledge - INFO - [MONGODB_OP] Completed: persist, Collection: file_info, Duration: 134ms
2026-01-18 19:10:41,370 - Knowledge - INFO - [REDIS_OP] Completed: store_embedding, Key: kuksa-val-server/src/VssDatabase.cpp, Duration: 291ms
2026-01-18 19:10:41,534 - Knowledge - INFO - persist search terms embedding for kuksa-val-server/src/VssDatabase.cpp
2026-01-18 19:10:41,718 - Knowledge - INFO - process ingested knowledge for /app/data/T0015/307413/b4824bb/kuksa-val/kuksa-val-server/src/VssDatabase.cpp
2026-01-18 19:10:41,975 - Knowledge - INFO - Found code-base-name: https://github.com/DarssiniRamesh/kuksa-val.git:kavia-master
2026-01-18 19:10:42,155 - Knowledge - INFO - Found code_base: <app.utils.kg_build.knowledge.KnowledgeCodeBase object at 0x7f75cb4e6290>
2026-01-18 19:10:42,415 - Knowledge - INFO - Found code-base-name: https://github.com/DarssiniRamesh/kuksa-val.git:kavia-master
2026-01-18 19:10:42,676 - Knowledge - INFO - Found code_base: <app.utils.kg_build.knowledge.KnowledgeCodeBase object at 0x7f75cb4e6290>
2026-01-18 19:10:42,851 - Knowledge - INFO - persist ingested knowledge for /app/data/T0015/307413/b4824bb/kuksa-val/kuksa-val-server/test/unit-test/CMakeLists.txt
2026-01-18 19:10:43,153 - Knowledge - INFO - [MONGODB_OP] Completed: persist, Collection: file_info, Duration: 100ms
2026-01-18 19:10:43,585 - Knowledge - INFO - [REDIS_OP] Completed: store_embedding, Key: kuksa-val-server/test/unit-test/CMakeLists.txt, Duration: 245ms
2026-01-18 19:10:43,751 - Knowledge - INFO - persist search terms embedding for kuksa-val-server/test/unit-test/CMakeLists.txt
2026-01-18 19:10:43,959 - Knowledge - INFO - process ingested knowledge for /app/data/T0015/307413/b4824bb/kuksa-val/kuksa-val-server/test/unit-test/CMakeLists.txt
2026-01-18 19:10:44,152 - Knowledge - INFO - Found code-base-name: https://github.com/DarssiniRamesh/kuksa-val.git:kavia-master
2026-01-18 19:10:44,341 - Knowledge - INFO - Found code_base: <app.utils.kg_build.knowledge.KnowledgeCodeBase object at 0x7f75cb4e6290>
2026-01-18 19:10:44,568 - Knowledge - INFO - Found code-base-name: https://github.com/DarssiniRamesh/kuksa-val.git:kavia-master
2026-01-18 19:10:44,732 - Knowledge - INFO - Found code_base: <app.utils.kg_build.knowledge.KnowledgeCodeBase object at 0x7f75cb4e6290>
2026-01-18 19:10:44,915 - Knowledge - INFO - persist ingested knowledge for /app/data/T0015/307413/b4824bb/kuksa-val/kuksa_apps/node-red/README.md
2026-01-18 19:10:45,192 - Knowledge - INFO - [MONGODB_OP] Completed: persist, Collection: file_info, Duration: 94ms
2026-01-18 19:10:45,651 - Knowledge - INFO - [REDIS_OP] Completed: store_embedding, Key: kuksa_apps/node-red/README.md, Duration: 218ms
2026-01-18 19:10:45,864 - Knowledge - INFO - persist search terms embedding for kuksa_apps/node-red/README.md
2026-01-18 19:10:46,082 - Knowledge - INFO - process ingested knowledge for /app/data/T0015/307413/b4824bb/kuksa-val/kuksa_apps/node-red/README.md
2026-01-18 19:10:46,254 - Knowledge - INFO - Found code-base-name: https://github.com/DarssiniRamesh/kuksa-val.git:kavia-master
2026-01-18 19:10:46,457 - Knowledge - INFO - Found code_base: <app.utils.kg_build.knowledge.KnowledgeCodeBase object at 0x7f75cb4e6290>
2026-01-18 19:10:46,764 - Knowledge - INFO - Found code-base-name: https://github.com/DarssiniRamesh/kuksa-val.git:kavia-master
2026-01-18 19:10:46,964 - Knowledge - INFO - Found code_base: <app.utils.kg_build.knowledge.KnowledgeCodeBase object at 0x7f75cb4e6290>
2026-01-18 19:10:47,203 - Knowledge - INFO - persist ingested knowledge for /app/data/T0015/307413/b4824bb/kuksa-val/kuksa-val-server/include/VSSRequestJsonSchema.hpp
2026-01-18 19:10:47,457 - Knowledge - INFO - [MONGODB_OP] Completed: persist, Collection: file_info, Duration: 100ms
2026-01-18 19:10:47,894 - Knowledge - INFO - [REDIS_OP] Completed: store_embedding, Key: kuksa-val-server/include/VSSRequestJsonSchema.hpp, Duration: 271ms
2026-01-18 19:10:48,055 - Knowledge - INFO - persist search terms embedding for kuksa-val-server/include/VSSRequestJsonSchema.hpp
2026-01-18 19:10:48,237 - Knowledge - INFO - process ingested knowledge for /app/data/T0015/307413/b4824bb/kuksa-val/kuksa-val-server/include/VSSRequestJsonSchema.hpp
2026-01-18 19:10:48,414 - Knowledge - INFO - Found code-base-name: https://github.com/DarssiniRamesh/kuksa-val.git:kavia-master
2026-01-18 19:10:48,611 - Knowledge - INFO - Found code_base: <app.utils.kg_build.knowledge.KnowledgeCodeBase object at 0x7f75cb4e6290>
2026-01-18 19:10:48,915 - Knowledge - INFO - Found code-base-name: https://github.com/DarssiniRamesh/kuksa-val.git:kavia-master
2026-01-18 19:10:49,099 - Knowledge - INFO - Found code_base: <app.utils.kg_build.knowledge.KnowledgeCodeBase object at 0x7f75cb4e6290>
2026-01-18 19:10:49,273 - Knowledge - INFO - persist ingested knowledge for /app/data/T0015/307413/b4824bb/kuksa-val/doc/tls.md
2026-01-18 19:10:49,548 - Knowledge - INFO - [MONGODB_OP] Completed: persist, Collection: file_info, Duration: 87ms
2026-01-18 19:10:49,924 - Knowledge - INFO - [REDIS_OP] Completed: store_embedding, Key: doc/tls.md, Duration: 192ms
2026-01-18 19:10:50,088 - Knowledge - INFO - persist search terms embedding for doc/tls.md
2026-01-18 19:10:50,298 - Knowledge - INFO - process ingested knowledge for /app/data/T0015/307413/b4824bb/kuksa-val/doc/tls.md
2026-01-18 19:10:50,479 - Knowledge - INFO - Found code-base-name: https://github.com/DarssiniRamesh/kuksa-val.git:kavia-master
2026-01-18 19:10:50,698 - Knowledge - INFO - Found code_base: <app.utils.kg_build.knowledge.KnowledgeCodeBase object at 0x7f75cb4e6290>
2026-01-18 19:10:50,969 - Knowledge - INFO - Found code-base-name: https://github.com/DarssiniRamesh/kuksa-val.git:kavia-master
2026-01-18 19:10:51,145 - Knowledge - INFO - Found code_base: <app.utils.kg_build.knowledge.KnowledgeCodeBase object at 0x7f75cb4e6290>
2026-01-18 19:10:51,313 - Knowledge - INFO - persist ingested knowledge for /app/data/T0015/307413/b4824bb/kuksa-val/kuksa-val-server/src/VssCommandSubscribe.cpp
2026-01-18 19:10:51,610 - Knowledge - INFO - [MONGODB_OP] Completed: persist, Collection: file_info, Duration: 92ms
2026-01-18 19:10:52,037 - Knowledge - INFO - [REDIS_OP] Completed: store_embedding, Key: kuksa-val-server/src/VssCommandSubscribe.cpp, Duration: 256ms
2026-01-18 19:10:52,222 - Knowledge - INFO - persist search terms embedding for kuksa-val-server/src/VssCommandSubscribe.cpp
2026-01-18 19:10:52,433 - Knowledge - INFO - process ingested knowledge for /app/data/T0015/307413/b4824bb/kuksa-val/kuksa-val-server/src/VssCommandSubscribe.cpp
2026-01-18 19:10:52,634 - Knowledge - INFO - Found code-base-name: https://github.com/DarssiniRamesh/kuksa-val.git:kavia-master
2026-01-18 19:10:52,819 - Knowledge - INFO - Found code_base: <app.utils.kg_build.knowledge.KnowledgeCodeBase object at 0x7f75cb4e6290>
2026-01-18 19:10:53,099 - Knowledge - INFO - Found code-base-name: https://github.com/DarssiniRamesh/kuksa-val.git:kavia-master
2026-01-18 19:10:53,320 - Knowledge - INFO - Found code_base: <app.utils.kg_build.knowledge.KnowledgeCodeBase object at 0x7f75cb4e6290>
2026-01-18 19:10:53,522 - Knowledge - INFO - persist ingested knowledge for /app/data/T0015/307413/b4824bb/kuksa-val/kuksa-val-server/include/interface/ISubscriptionHandler.hpp
2026-01-18 19:10:53,805 - Knowledge - INFO - [MONGODB_OP] Completed: persist, Collection: file_info, Duration: 90ms
2026-01-18 19:10:54,170 - Knowledge - INFO - [REDIS_OP] Completed: store_embedding, Key: kuksa-val-server/include/interface/ISubscriptionHandler.hpp, Duration: 209ms
2026-01-18 19:10:54,324 - Knowledge - INFO - persist search terms embedding for kuksa-val-server/include/interface/ISubscriptionHandler.hpp
2026-01-18 19:10:54,525 - Knowledge - INFO - process ingested knowledge for /app/data/T0015/307413/b4824bb/kuksa-val/kuksa-val-server/include/interface/ISubscriptionHandler.hpp
2026-01-18 19:10:54,682 - Knowledge - INFO - Found code-base-name: https://github.com/DarssiniRamesh/kuksa-val.git:kavia-master
2026-01-18 19:10:54,845 - Knowledge - INFO - Found code_base: <app.utils.kg_build.knowledge.KnowledgeCodeBase object at 0x7f75cb4e6290>
2026-01-18 19:10:55,124 - Knowledge - INFO - Found code-base-name: https://github.com/DarssiniRamesh/kuksa-val.git:kavia-master
2026-01-18 19:10:55,300 - Knowledge - INFO - Found code_base: <app.utils.kg_build.knowledge.KnowledgeCodeBase object at 0x7f75cb4e6290>
2026-01-18 19:10:55,484 - Knowledge - INFO - persist ingested knowledge for /app/data/T0015/307413/b4824bb/kuksa-val/kuksa_apps/node-red/websocket-subscription.json
2026-01-18 19:10:55,736 - Knowledge - INFO - [MONGODB_OP] Completed: persist, Collection: file_info, Duration: 92ms
2026-01-18 19:10:56,124 - Knowledge - INFO - [REDIS_OP] Completed: store_embedding, Key: kuksa_apps/node-red/websocket-subscription.json, Duration: 215ms
2026-01-18 19:10:56,294 - Knowledge - INFO - persist search terms embedding for kuksa_apps/node-red/websocket-subscription.json
2026-01-18 19:10:56,463 - Knowledge - INFO - process ingested knowledge for /app/data/T0015/307413/b4824bb/kuksa-val/kuksa_apps/node-red/websocket-subscription.json
2026-01-18 19:10:56,631 - Knowledge - INFO - Found code-base-name: https://github.com/DarssiniRamesh/kuksa-val.git:kavia-master
2026-01-18 19:10:56,783 - Knowledge - INFO - Found code_base: <app.utils.kg_build.knowledge.KnowledgeCodeBase object at 0x7f75cb4e6290>
2026-01-18 19:10:57,026 - Knowledge - INFO - Found code-base-name: https://github.com/DarssiniRamesh/kuksa-val.git:kavia-master
2026-01-18 19:10:57,239 - Knowledge - INFO - Found code_base: <app.utils.kg_build.knowledge.KnowledgeCodeBase object at 0x7f75cb4e6290>
2026-01-18 19:10:57,422 - Knowledge - INFO - persist ingested knowledge for /app/data/T0015/307413/b4824bb/kuksa-val/CONTRIBUTING.md
2026-01-18 19:10:57,683 - Knowledge - INFO - [MONGODB_OP] Completed: persist, Collection: file_info, Duration: 93ms
2026-01-18 19:10:58,041 - Knowledge - INFO - [REDIS_OP] Completed: store_embedding, Key: CONTRIBUTING.md, Duration: 195ms
2026-01-18 19:10:58,226 - Knowledge - INFO - persist search terms embedding for CONTRIBUTING.md
2026-01-18 19:10:58,438 - Knowledge - INFO - process ingested knowledge for /app/data/T0015/307413/b4824bb/kuksa-val/CONTRIBUTING.md
2026-01-18 19:10:58,644 - Knowledge - INFO - Found code-base-name: https://github.com/DarssiniRamesh/kuksa-val.git:kavia-master
2026-01-18 19:10:58,844 - Knowledge - INFO - Found code_base: <app.utils.kg_build.knowledge.KnowledgeCodeBase object at 0x7f75cb4e6290>
2026-01-18 19:10:59,127 - Knowledge - INFO - Found code-base-name: https://github.com/DarssiniRamesh/kuksa-val.git:kavia-master
2026-01-18 19:10:59,292 - Knowledge - INFO - Found code_base: <app.utils.kg_build.knowledge.KnowledgeCodeBase object at 0x7f75cb4e6290>
2026-01-18 19:10:59,473 - Knowledge - INFO - persist ingested knowledge for /app/data/T0015/307413/b4824bb/kuksa-val/kuksa-val-server/src/CMakeLists.txt
2026-01-18 19:10:59,723 - Knowledge - INFO - [MONGODB_OP] Completed: persist, Collection: file_info, Duration: 86ms
2026-01-18 19:11:00,112 - Knowledge - INFO - [REDIS_OP] Completed: store_embedding, Key: kuksa-val-server/src/CMakeLists.txt, Duration: 216ms
2026-01-18 19:11:00,286 - Knowledge - INFO - persist search terms embedding for kuksa-val-server/src/CMakeLists.txt
2026-01-18 19:11:00,468 - Knowledge - INFO - process ingested knowledge for /app/data/T0015/307413/b4824bb/kuksa-val/kuksa-val-server/src/CMakeLists.txt
2026-01-18 19:11:00,639 - Knowledge - INFO - Found code-base-name: https://github.com/DarssiniRamesh/kuksa-val.git:kavia-master
2026-01-18 19:11:00,812 - Knowledge - INFO - Found code_base: <app.utils.kg_build.knowledge.KnowledgeCodeBase object at 0x7f75cb4e6290>
2026-01-18 19:11:01,060 - Knowledge - INFO - Found code-base-name: https://github.com/DarssiniRamesh/kuksa-val.git:kavia-master
2026-01-18 19:11:01,264 - Knowledge - INFO - Found code_base: <app.utils.kg_build.knowledge.KnowledgeCodeBase object at 0x7f75cb4e6290>
2026-01-18 19:11:01,422 - Knowledge - INFO - persist ingested knowledge for /app/data/T0015/307413/b4824bb/kuksa-val/data/vss-core/README.md
2026-01-18 19:11:01,691 - Knowledge - INFO - [MONGODB_OP] Completed: persist, Collection: file_info, Duration: 91ms
2026-01-18 19:11:02,070 - Knowledge - INFO - [REDIS_OP] Completed: store_embedding, Key: data/vss-core/README.md, Duration: 211ms
2026-01-18 19:11:02,274 - Knowledge - INFO - persist search terms embedding for data/vss-core/README.md
2026-01-18 19:11:02,469 - Knowledge - INFO - process ingested knowledge for /app/data/T0015/307413/b4824bb/kuksa-val/data/vss-core/README.md
2026-01-18 19:11:02,714 - Knowledge - INFO - Found code-base-name: https://github.com/DarssiniRamesh/kuksa-val.git:kavia-master
2026-01-18 19:11:02,913 - Knowledge - INFO - Found code_base: <app.utils.kg_build.knowledge.KnowledgeCodeBase object at 0x7f75cb4e6290>
2026-01-18 19:11:03,195 - Knowledge - INFO - Found code-base-name: https://github.com/DarssiniRamesh/kuksa-val.git:kavia-master
2026-01-18 19:11:03,360 - Knowledge - INFO - Found code_base: <app.utils.kg_build.knowledge.KnowledgeCodeBase object at 0x7f75cb4e6290>
2026-01-18 19:11:03,542 - Knowledge - INFO - persist ingested knowledge for /app/data/T0015/307413/b4824bb/kuksa-val/kuksa-client/README.md
2026-01-18 19:11:03,808 - Knowledge - INFO - [MONGODB_OP] Completed: persist, Collection: file_info, Duration: 107ms
2026-01-18 19:11:04,245 - Knowledge - INFO - [REDIS_OP] Completed: store_embedding, Key: kuksa-client/README.md, Duration: 204ms
2026-01-18 19:11:04,425 - Knowledge - INFO - persist search terms embedding for kuksa-client/README.md
2026-01-18 19:11:04,618 - Knowledge - INFO - process ingested knowledge for /app/data/T0015/307413/b4824bb/kuksa-val/kuksa-client/README.md
2026-01-18 19:11:04,802 - Knowledge - INFO - Found code-base-name: https://github.com/DarssiniRamesh/kuksa-val.git:kavia-master
2026-01-18 19:11:05,000 - Knowledge - INFO - Found code_base: <app.utils.kg_build.knowledge.KnowledgeCodeBase object at 0x7f75cb4e6290>
2026-01-18 19:11:05,317 - Knowledge - INFO - Found code-base-name: https://github.com/DarssiniRamesh/kuksa-val.git:kavia-master
2026-01-18 19:11:05,475 - Knowledge - INFO - Found code_base: <app.utils.kg_build.knowledge.KnowledgeCodeBase object at 0x7f75cb4e6290>
2026-01-18 19:11:05,675 - Knowledge - INFO - persist ingested knowledge for /app/data/T0015/307413/b4824bb/kuksa-val/kuksa_apps/node-red/kuksa_config/gpsd_feeder.ini
2026-01-18 19:11:05,981 - Knowledge - INFO - [MONGODB_OP] Completed: persist, Collection: file_info, Duration: 132ms
2026-01-18 19:11:06,442 - Knowledge - INFO - [REDIS_OP] Completed: store_embedding, Key: kuksa_apps/node-red/kuksa_config/gpsd_feeder.ini, Duration: 222ms
2026-01-18 19:11:06,617 - Knowledge - INFO - persist search terms embedding for kuksa_apps/node-red/kuksa_config/gpsd_feeder.ini
2026-01-18 19:11:06,788 - Knowledge - INFO - process ingested knowledge for /app/data/T0015/307413/b4824bb/kuksa-val/kuksa_apps/node-red/kuksa_config/gpsd_feeder.ini
2026-01-18 19:11:06,956 - Knowledge - INFO - Found code-base-name: https://github.com/DarssiniRamesh/kuksa-val.git:kavia-master
2026-01-18 19:11:07,160 - Knowledge - INFO - Found code_base: <app.utils.kg_build.knowledge.KnowledgeCodeBase object at 0x7f75cb4e6290>
2026-01-18 19:11:07,436 - Knowledge - INFO - Found code-base-name: https://github.com/DarssiniRamesh/kuksa-val.git:kavia-master
2026-01-18 19:11:07,607 - Knowledge - INFO - Found code_base: <app.utils.kg_build.knowledge.KnowledgeCodeBase object at 0x7f75cb4e6290>
2026-01-18 19:11:07,784 - Knowledge - INFO - persist ingested knowledge for /app/data/T0015/307413/b4824bb/kuksa-val/kuksa-val-server/include/JsonResponses.hpp
2026-01-18 19:11:08,083 - Knowledge - INFO - [MONGODB_OP] Completed: persist, Collection: file_info, Duration: 103ms
2026-01-18 19:11:08,551 - Knowledge - INFO - [REDIS_OP] Completed: store_embedding, Key: kuksa-val-server/include/JsonResponses.hpp, Duration: 251ms
2026-01-18 19:11:08,741 - Knowledge - INFO - persist search terms embedding for kuksa-val-server/include/JsonResponses.hpp
2026-01-18 19:11:08,916 - Knowledge - INFO - process ingested knowledge for /app/data/T0015/307413/b4824bb/kuksa-val/kuksa-val-server/include/JsonResponses.hpp
2026-01-18 19:11:09,094 - Knowledge - INFO - Found code-base-name: https://github.com/DarssiniRamesh/kuksa-val.git:kavia-master
2026-01-18 19:11:09,260 - Knowledge - INFO - Found code_base: <app.utils.kg_build.knowledge.KnowledgeCodeBase object at 0x7f75cb4e6290>
2026-01-18 19:11:09,564 - Knowledge - INFO - Found code-base-name: https://github.com/DarssiniRamesh/kuksa-val.git:kavia-master
2026-01-18 19:11:09,733 - Knowledge - INFO - Found code_base: <app.utils.kg_build.knowledge.KnowledgeCodeBase object at 0x7f75cb4e6290>
2026-01-18 19:11:09,880 - Knowledge - INFO - persist ingested knowledge for /app/data/T0015/307413/b4824bb/kuksa-val/data/vss-core/vss_release_4.0.json
2026-01-18 19:11:10,151 - Knowledge - INFO - [MONGODB_OP] Completed: persist, Collection: file_info, Duration: 93ms
2026-01-18 19:11:10,527 - Knowledge - INFO - [REDIS_OP] Completed: store_embedding, Key: data/vss-core/vss_release_4.0.json, Duration: 210ms
2026-01-18 19:11:10,783 - Knowledge - INFO - persist search terms embedding for data/vss-core/vss_release_4.0.json
2026-01-18 19:11:11,016 - Knowledge - INFO - process ingested knowledge for /app/data/T0015/307413/b4824bb/kuksa-val/data/vss-core/vss_release_4.0.json
2026-01-18 19:11:11,205 - Knowledge - INFO - Found code-base-name: https://github.com/DarssiniRamesh/kuksa-val.git:kavia-master
2026-01-18 19:11:11,376 - Knowledge - INFO - Found code_base: <app.utils.kg_build.knowledge.KnowledgeCodeBase object at 0x7f75cb4e6290>
2026-01-18 19:11:11,640 - Knowledge - INFO - Found code-base-name: https://github.com/DarssiniRamesh/kuksa-val.git:kavia-master
2026-01-18 19:11:11,807 - Knowledge - INFO - Found code_base: <app.utils.kg_build.knowledge.KnowledgeCodeBase object at 0x7f75cb4e6290>
2026-01-18 19:11:12,048 - Knowledge - INFO - persist ingested knowledge for /app/data/T0015/307413/b4824bb/kuksa-val/data/vss-core/vss_release_2.2.json
2026-01-18 19:11:12,344 - Knowledge - INFO - [MONGODB_OP] Completed: persist, Collection: file_info, Duration: 105ms
2026-01-18 19:11:12,815 - Knowledge - INFO - [REDIS_OP] Completed: store_embedding, Key: data/vss-core/vss_release_2.2.json, Duration: 217ms
2026-01-18 19:11:12,982 - Knowledge - INFO - persist search terms embedding for data/vss-core/vss_release_2.2.json
2026-01-18 19:11:13,184 - Knowledge - INFO - process ingested knowledge for /app/data/T0015/307413/b4824bb/kuksa-val/data/vss-core/vss_release_2.2.json
2026-01-18 19:11:13,391 - Knowledge - INFO - Found code-base-name: https://github.com/DarssiniRamesh/kuksa-val.git:kavia-master
2026-01-18 19:11:13,554 - Knowledge - INFO - Found code_base: <app.utils.kg_build.knowledge.KnowledgeCodeBase object at 0x7f75cb4e6290>
2026-01-18 19:11:13,824 - Knowledge - INFO - Found code-base-name: https://github.com/DarssiniRamesh/kuksa-val.git:kavia-master
2026-01-18 19:11:14,028 - Knowledge - INFO - Found code_base: <app.utils.kg_build.knowledge.KnowledgeCodeBase object at 0x7f75cb4e6290>
2026-01-18 19:11:14,185 - Knowledge - INFO - persist ingested knowledge for /app/data/T0015/307413/b4824bb/kuksa-val/kuksa-val-server/test/stresstest/stress.py
2026-01-18 19:11:14,467 - Knowledge - INFO - [MONGODB_OP] Completed: persist, Collection: file_info, Duration: 88ms
2026-01-18 19:11:14,875 - Knowledge - INFO - [REDIS_OP] Completed: store_embedding, Key: kuksa-val-server/test/stresstest/stress.py, Duration: 218ms
2026-01-18 19:11:15,041 - Knowledge - INFO - persist search terms embedding for kuksa-val-server/test/stresstest/stress.py
2026-01-18 19:11:15,265 - Knowledge - INFO - process ingested knowledge for /app/data/T0015/307413/b4824bb/kuksa-val/kuksa-val-server/test/stresstest/stress.py
2026-01-18 19:11:15,468 - Knowledge - INFO - Found code-base-name: https://github.com/DarssiniRamesh/kuksa-val.git:kavia-master
2026-01-18 19:11:15,658 - Knowledge - INFO - Found code_base: <app.utils.kg_build.knowledge.KnowledgeCodeBase object at 0x7f75cb4e6290>
2026-01-18 19:11:15,918 - Knowledge - INFO - Found code-base-name: https://github.com/DarssiniRamesh/kuksa-val.git:kavia-master
2026-01-18 19:11:16,094 - Knowledge - INFO - Found code_base: <app.utils.kg_build.knowledge.KnowledgeCodeBase object at 0x7f75cb4e6290>
2026-01-18 19:11:16,256 - Knowledge - INFO - persist ingested knowledge for /app/data/T0015/307413/b4824bb/kuksa-val/kuksa-val-server/config_grpc_client.ini
2026-01-18 19:11:16,515 - Knowledge - INFO - [MONGODB_OP] Completed: persist, Collection: file_info, Duration: 97ms
2026-01-18 19:11:16,916 - Knowledge - INFO - [REDIS_OP] Completed: store_embedding, Key: kuksa-val-server/config_grpc_client.ini, Duration: 187ms
2026-01-18 19:11:17,075 - Knowledge - INFO - persist search terms embedding for kuksa-val-server/config_grpc_client.ini
2026-01-18 19:11:17,242 - Knowledge - INFO - process ingested knowledge for /app/data/T0015/307413/b4824bb/kuksa-val/kuksa-val-server/config_grpc_client.ini
2026-01-18 19:11:17,441 - Knowledge - INFO - Found code-base-name: https://github.com/DarssiniRamesh/kuksa-val.git:kavia-master
2026-01-18 19:11:17,614 - Knowledge - INFO - Found code_base: <app.utils.kg_build.knowledge.KnowledgeCodeBase object at 0x7f75cb4e6290>
2026-01-18 19:11:17,878 - Knowledge - INFO - Found code-base-name: https://github.com/DarssiniRamesh/kuksa-val.git:kavia-master
2026-01-18 19:11:18,046 - Knowledge - INFO - Found code_base: <app.utils.kg_build.knowledge.KnowledgeCodeBase object at 0x7f75cb4e6290>
2026-01-18 19:11:18,215 - Knowledge - INFO - persist ingested knowledge for /app/data/T0015/307413/b4824bb/kuksa-val/kuksa-val-server/include/interface/IAuthenticator.hpp
2026-01-18 19:11:18,537 - Knowledge - INFO - [MONGODB_OP] Completed: persist, Collection: file_info, Duration: 123ms
2026-01-18 19:11:19,144 - Knowledge - INFO - [REDIS_OP] Completed: store_embedding, Key: kuksa-val-server/include/interface/IAuthenticator.hpp, Duration: 430ms
2026-01-18 19:11:19,308 - Knowledge - INFO - persist search terms embedding for kuksa-val-server/include/interface/IAuthenticator.hpp
2026-01-18 19:11:19,463 - Knowledge - INFO - process ingested knowledge for /app/data/T0015/307413/b4824bb/kuksa-val/kuksa-val-server/include/interface/IAuthenticator.hpp
2026-01-18 19:11:19,635 - Knowledge - INFO - Found code-base-name: https://github.com/DarssiniRamesh/kuksa-val.git:kavia-master
2026-01-18 19:11:19,815 - Knowledge - INFO - Found code_base: <app.utils.kg_build.knowledge.KnowledgeCodeBase object at 0x7f75cb4e6290>
2026-01-18 19:11:20,088 - Knowledge - INFO - Found code-base-name: https://github.com/DarssiniRamesh/kuksa-val.git:kavia-master
2026-01-18 19:11:20,331 - Knowledge - INFO - Found code_base: <app.utils.kg_build.knowledge.KnowledgeCodeBase object at 0x7f75cb4e6290>
2026-01-18 19:11:20,501 - Knowledge - INFO - persist ingested knowledge for /app/data/T0015/307413/b4824bb/kuksa-val/test/stresstest/config.py
2026-01-18 19:11:20,811 - Knowledge - INFO - [MONGODB_OP] Completed: persist, Collection: file_info, Duration: 114ms
2026-01-18 19:11:21,187 - Knowledge - INFO - [REDIS_OP] Completed: store_embedding, Key: test/stresstest/config.py, Duration: 193ms
2026-01-18 19:11:21,364 - Knowledge - INFO - persist search terms embedding for test/stresstest/config.py
2026-01-18 19:11:21,587 - Knowledge - INFO - process ingested knowledge for /app/data/T0015/307413/b4824bb/kuksa-val/test/stresstest/config.py
2026-01-18 19:11:21,750 - Knowledge - INFO - Found code-base-name: https://github.com/DarssiniRamesh/kuksa-val.git:kavia-master
2026-01-18 19:11:21,921 - Knowledge - INFO - Found code_base: <app.utils.kg_build.knowledge.KnowledgeCodeBase object at 0x7f75cb4e6290>
2026-01-18 19:11:22,272 - Knowledge - INFO - Found code-base-name: https://github.com/DarssiniRamesh/kuksa-val.git:kavia-master
2026-01-18 19:11:22,479 - Knowledge - INFO - Found code_base: <app.utils.kg_build.knowledge.KnowledgeCodeBase object at 0x7f75cb4e6290>
2026-01-18 19:11:22,654 - Knowledge - INFO - persist ingested knowledge for /app/data/T0015/307413/b4824bb/kuksa-val/test/stresstest/README.md
2026-01-18 19:11:22,911 - Knowledge - INFO - [MONGODB_OP] Completed: persist, Collection: file_info, Duration: 108ms
2026-01-18 19:11:23,323 - Knowledge - INFO - [REDIS_OP] Completed: store_embedding, Key: test/stresstest/README.md, Duration: 219ms
2026-01-18 19:11:23,517 - Knowledge - INFO - persist search terms embedding for test/stresstest/README.md
2026-01-18 19:11:23,741 - Knowledge - INFO - process ingested knowledge for /app/data/T0015/307413/b4824bb/kuksa-val/test/stresstest/README.md
2026-01-18 19:11:23,978 - Knowledge - INFO - Found code-base-name: https://github.com/DarssiniRamesh/kuksa-val.git:kavia-master
2026-01-18 19:11:24,134 - Knowledge - INFO - Found code_base: <app.utils.kg_build.knowledge.KnowledgeCodeBase object at 0x7f75cb4e6290>
2026-01-18 19:11:24,414 - Knowledge - INFO - Found code-base-name: https://github.com/DarssiniRamesh/kuksa-val.git:kavia-master
2026-01-18 19:11:24,570 - Knowledge - INFO - Found code_base: <app.utils.kg_build.knowledge.KnowledgeCodeBase object at 0x7f75cb4e6290>
2026-01-18 19:11:24,743 - Knowledge - INFO - persist ingested knowledge for /app/data/T0015/307413/b4824bb/kuksa-val/kuksa-val-server/test/unit-test/mock/ILoggerMock.hpp
2026-01-18 19:11:25,045 - Knowledge - INFO - [MONGODB_OP] Completed: persist, Collection: file_info, Duration: 96ms
2026-01-18 19:11:25,511 - Knowledge - INFO - [REDIS_OP] Completed: store_embedding, Key: kuksa-val-server/test/unit-test/mock/ILoggerMock.hpp, Duration: 234ms
2026-01-18 19:11:25,665 - Knowledge - INFO - persist search terms embedding for kuksa-val-server/test/unit-test/mock/ILoggerMock.hpp
2026-01-18 19:11:25,828 - Knowledge - INFO - process ingested knowledge for /app/data/T0015/307413/b4824bb/kuksa-val/kuksa-val-server/test/unit-test/mock/ILoggerMock.hpp
2026-01-18 19:11:26,004 - Knowledge - INFO - Found code-base-name: https://github.com/DarssiniRamesh/kuksa-val.git:kavia-master
2026-01-18 19:11:26,187 - Knowledge - INFO - Found code_base: <app.utils.kg_build.knowledge.KnowledgeCodeBase object at 0x7f75cb4e6290>
2026-01-18 19:11:26,482 - Knowledge - INFO - Found code-base-name: https://github.com/DarssiniRamesh/kuksa-val.git:kavia-master
2026-01-18 19:11:26,682 - Knowledge - INFO - Found code_base: <app.utils.kg_build.knowledge.KnowledgeCodeBase object at 0x7f75cb4e6290>
2026-01-18 19:11:26,838 - Knowledge - INFO - persist ingested knowledge for /app/data/T0015/307413/b4824bb/kuksa-val/kuksa-val-server/include/WebSockHttpFlexServer.hpp
2026-01-18 19:11:27,113 - Knowledge - INFO - [MONGODB_OP] Completed: persist, Collection: file_info, Duration: 97ms
2026-01-18 19:11:27,483 - Knowledge - INFO - [REDIS_OP] Completed: store_embedding, Key: kuksa-val-server/include/WebSockHttpFlexServer.hpp, Duration: 212ms
2026-01-18 19:11:27,671 - Knowledge - INFO - persist search terms embedding for kuksa-val-server/include/WebSockHttpFlexServer.hpp
2026-01-18 19:11:27,870 - Knowledge - INFO - process ingested knowledge for /app/data/T0015/307413/b4824bb/kuksa-val/kuksa-val-server/include/WebSockHttpFlexServer.hpp
2026-01-18 19:11:28,040 - Knowledge - INFO - Found code-base-name: https://github.com/DarssiniRamesh/kuksa-val.git:kavia-master
2026-01-18 19:11:28,218 - Knowledge - INFO - Found code_base: <app.utils.kg_build.knowledge.KnowledgeCodeBase object at 0x7f75cb4e6290>
2026-01-18 19:11:28,463 - Knowledge - INFO - Found code-base-name: https://github.com/DarssiniRamesh/kuksa-val.git:kavia-master
2026-01-18 19:11:28,629 - Knowledge - INFO - Found code_base: <app.utils.kg_build.knowledge.KnowledgeCodeBase object at 0x7f75cb4e6290>
2026-01-18 19:11:28,789 - Knowledge - INFO - persist ingested knowledge for /app/data/T0015/307413/b4824bb/kuksa-val/kuksa-val-server/README.md
2026-01-18 19:11:29,105 - Knowledge - INFO - [MONGODB_OP] Completed: persist, Collection: file_info, Duration: 86ms
2026-01-18 19:11:29,539 - Knowledge - INFO - [REDIS_OP] Completed: store_embedding, Key: kuksa-val-server/README.md, Duration: 275ms
2026-01-18 19:11:29,694 - Knowledge - INFO - persist search terms embedding for kuksa-val-server/README.md
2026-01-18 19:11:29,859 - Knowledge - INFO - process ingested knowledge for /app/data/T0015/307413/b4824bb/kuksa-val/kuksa-val-server/README.md
2026-01-18 19:11:30,031 - Knowledge - INFO - Found code-base-name: https://github.com/DarssiniRamesh/kuksa-val.git:kavia-master
2026-01-18 19:11:30,245 - Knowledge - INFO - Found code_base: <app.utils.kg_build.knowledge.KnowledgeCodeBase object at 0x7f75cb4e6290>
2026-01-18 19:11:30,487 - Knowledge - INFO - Found code-base-name: https://github.com/DarssiniRamesh/kuksa-val.git:kavia-master
2026-01-18 19:11:30,665 - Knowledge - INFO - Found code_base: <app.utils.kg_build.knowledge.KnowledgeCodeBase object at 0x7f75cb4e6290>
2026-01-18 19:11:30,852 - Knowledge - INFO - persist ingested knowledge for /app/data/T0015/307413/b4824bb/kuksa-val/kuksa-val-server/src/main.cpp
2026-01-18 19:11:31,103 - Knowledge - INFO - [MONGODB_OP] Completed: persist, Collection: file_info, Duration: 92ms
2026-01-18 19:11:31,669 - Knowledge - INFO - [REDIS_OP] Completed: store_embedding, Key: kuksa-val-server/src/main.cpp, Duration: 389ms
2026-01-18 19:11:31,842 - Knowledge - INFO - persist search terms embedding for kuksa-val-server/src/main.cpp
2026-01-18 19:11:31,995 - Knowledge - INFO - process ingested knowledge for /app/data/T0015/307413/b4824bb/kuksa-val/kuksa-val-server/src/main.cpp
2026-01-18 19:11:32,160 - Knowledge - INFO - Found code-base-name: https://github.com/DarssiniRamesh/kuksa-val.git:kavia-master
2026-01-18 19:11:32,311 - Knowledge - INFO - Found code_base: <app.utils.kg_build.knowledge.KnowledgeCodeBase object at 0x7f75cb4e6290>
2026-01-18 19:11:32,567 - Knowledge - INFO - Found code-base-name: https://github.com/DarssiniRamesh/kuksa-val.git:kavia-master
2026-01-18 19:11:32,743 - Knowledge - INFO - Found code_base: <app.utils.kg_build.knowledge.KnowledgeCodeBase object at 0x7f75cb4e6290>
2026-01-18 19:11:32,907 - Knowledge - INFO - persist ingested knowledge for /app/data/T0015/307413/b4824bb/kuksa-val/kuksa_apps/node-red/mqtt/settings.js
2026-01-18 19:11:33,194 - Knowledge - INFO - [MONGODB_OP] Completed: persist, Collection: file_info, Duration: 101ms
2026-01-18 19:11:33,609 - Knowledge - INFO - [REDIS_OP] Completed: store_embedding, Key: kuksa_apps/node-red/mqtt/settings.js, Duration: 231ms
2026-01-18 19:11:33,770 - Knowledge - INFO - persist search terms embedding for kuksa_apps/node-red/mqtt/settings.js
2026-01-18 19:11:33,932 - Knowledge - INFO - process ingested knowledge for /app/data/T0015/307413/b4824bb/kuksa-val/kuksa_apps/node-red/mqtt/settings.js
2026-01-18 19:11:34,107 - Knowledge - INFO - Found code-base-name: https://github.com/DarssiniRamesh/kuksa-val.git:kavia-master
2026-01-18 19:11:34,337 - Knowledge - INFO - Found code_base: <app.utils.kg_build.knowledge.KnowledgeCodeBase object at 0x7f75cb4e6290>
2026-01-18 19:11:34,640 - Knowledge - INFO - Found code-base-name: https://github.com/DarssiniRamesh/kuksa-val.git:kavia-master
2026-01-18 19:11:34,801 - Knowledge - INFO - Found code_base: <app.utils.kg_build.knowledge.KnowledgeCodeBase object at 0x7f75cb4e6290>
2026-01-18 19:11:34,972 - Knowledge - INFO - persist ingested knowledge for /app/data/T0015/307413/b4824bb/kuksa-val/kuksa_apps/node-red/mqtt/package.json
2026-01-18 19:11:35,262 - Knowledge - INFO - [MONGODB_OP] Completed: persist, Collection: file_info, Duration: 87ms
2026-01-18 19:11:35,627 - Knowledge - INFO - [REDIS_OP] Completed: store_embedding, Key: kuksa_apps/node-red/mqtt/package.json, Duration: 204ms
2026-01-18 19:11:35,815 - Knowledge - INFO - persist search terms embedding for kuksa_apps/node-red/mqtt/package.json
2026-01-18 19:11:36,001 - Knowledge - INFO - process ingested knowledge for /app/data/T0015/307413/b4824bb/kuksa-val/kuksa_apps/node-red/mqtt/package.json
2026-01-18 19:11:36,174 - Knowledge - INFO - Found code-base-name: https://github.com/DarssiniRamesh/kuksa-val.git:kavia-master
2026-01-18 19:11:36,386 - Knowledge - INFO - Found code_base: <app.utils.kg_build.knowledge.KnowledgeCodeBase object at 0x7f75cb4e6290>
2026-01-18 19:11:36,649 - Knowledge - INFO - Found code-base-name: https://github.com/DarssiniRamesh/kuksa-val.git:kavia-master
2026-01-18 19:11:36,810 - Knowledge - INFO - Found code_base: <app.utils.kg_build.knowledge.KnowledgeCodeBase object at 0x7f75cb4e6290>
2026-01-18 19:11:36,960 - Knowledge - INFO - persist ingested knowledge for /app/data/T0015/307413/b4824bb/kuksa-val/kuksa-val-server/include/MQTTPublisher.hpp
2026-01-18 19:11:37,291 - Knowledge - INFO - [MONGODB_OP] Completed: persist, Collection: file_info, Duration: 119ms
2026-01-18 19:11:37,748 - Knowledge - INFO - [REDIS_OP] Completed: store_embedding, Key: kuksa-val-server/include/MQTTPublisher.hpp, Duration: 228ms
2026-01-18 19:11:37,946 - Knowledge - INFO - persist search terms embedding for kuksa-val-server/include/MQTTPublisher.hpp
2026-01-18 19:11:38,156 - Knowledge - INFO - process ingested knowledge for /app/data/T0015/307413/b4824bb/kuksa-val/kuksa-val-server/include/MQTTPublisher.hpp
2026-01-18 19:11:38,334 - Knowledge - INFO - Found code-base-name: https://github.com/DarssiniRamesh/kuksa-val.git:kavia-master
2026-01-18 19:11:38,536 - Knowledge - INFO - Found code_base: <app.utils.kg_build.knowledge.KnowledgeCodeBase object at 0x7f75cb4e6290>
2026-01-18 19:11:38,817 - Knowledge - INFO - Found code-base-name: https://github.com/DarssiniRamesh/kuksa-val.git:kavia-master
2026-01-18 19:11:38,984 - Knowledge - INFO - Found code_base: <app.utils.kg_build.knowledge.KnowledgeCodeBase object at 0x7f75cb4e6290>
2026-01-18 19:11:39,177 - Knowledge - INFO - persist ingested knowledge for /app/data/T0015/307413/b4824bb/kuksa-val/doc/quickstart.md
2026-01-18 19:11:39,475 - Knowledge - INFO - [MONGODB_OP] Completed: persist, Collection: file_info, Duration: 89ms
2026-01-18 19:11:39,879 - Knowledge - INFO - [REDIS_OP] Completed: store_embedding, Key: doc/quickstart.md, Duration: 216ms
2026-01-18 19:11:40,074 - Knowledge - INFO - persist search terms embedding for doc/quickstart.md
2026-01-18 19:11:40,253 - Knowledge - INFO - process ingested knowledge for /app/data/T0015/307413/b4824bb/kuksa-val/doc/quickstart.md
2026-01-18 19:11:40,454 - Knowledge - INFO - Found code-base-name: https://github.com/DarssiniRamesh/kuksa-val.git:kavia-master
2026-01-18 19:11:40,622 - Knowledge - INFO - Found code_base: <app.utils.kg_build.knowledge.KnowledgeCodeBase object at 0x7f75cb4e6290>
2026-01-18 19:11:40,896 - Knowledge - INFO - Found code-base-name: https://github.com/DarssiniRamesh/kuksa-val.git:kavia-master
2026-01-18 19:11:41,064 - Knowledge - INFO - Found code_base: <app.utils.kg_build.knowledge.KnowledgeCodeBase object at 0x7f75cb4e6290>
2026-01-18 19:11:41,287 - Knowledge - INFO - persist ingested knowledge for /app/data/T0015/307413/b4824bb/kuksa-val/kuksa_apps/node-red/kuksa_config/obdfeeder.ini
2026-01-18 19:11:41,568 - Knowledge - INFO - [MONGODB_OP] Completed: persist, Collection: file_info, Duration: 107ms
2026-01-18 19:11:41,994 - Knowledge - INFO - [REDIS_OP] Completed: store_embedding, Key: kuksa_apps/node-red/kuksa_config/obdfeeder.ini, Duration: 236ms
2026-01-18 19:11:42,162 - Knowledge - INFO - persist search terms embedding for kuksa_apps/node-red/kuksa_config/obdfeeder.ini
2026-01-18 19:11:42,331 - Knowledge - INFO - process ingested knowledge for /app/data/T0015/307413/b4824bb/kuksa-val/kuksa_apps/node-red/kuksa_config/obdfeeder.ini
2026-01-18 19:11:42,514 - Knowledge - INFO - Found code-base-name: https://github.com/DarssiniRamesh/kuksa-val.git:kavia-master
2026-01-18 19:11:42,716 - Knowledge - INFO - Found code_base: <app.utils.kg_build.knowledge.KnowledgeCodeBase object at 0x7f75cb4e6290>
2026-01-18 19:11:42,983 - Knowledge - INFO - Found code-base-name: https://github.com/DarssiniRamesh/kuksa-val.git:kavia-master
2026-01-18 19:11:43,236 - Knowledge - INFO - Found code_base: <app.utils.kg_build.knowledge.KnowledgeCodeBase object at 0x7f75cb4e6290>
2026-01-18 19:11:43,422 - Knowledge - INFO - persist ingested knowledge for /app/data/T0015/307413/b4824bb/kuksa-val/kuksa-val-server/include/interface/IVssCommandProcessor.hpp
2026-01-18 19:11:43,714 - Knowledge - INFO - [MONGODB_OP] Completed: persist, Collection: file_info, Duration: 122ms
2026-01-18 19:11:44,099 - Knowledge - INFO - [REDIS_OP] Completed: store_embedding, Key: kuksa-val-server/include/interface/IVssCommandProcessor.hpp, Duration: 200ms
2026-01-18 19:11:44,294 - Knowledge - INFO - persist search terms embedding for kuksa-val-server/include/interface/IVssCommandProcessor.hpp
2026-01-18 19:11:44,489 - Knowledge - INFO - process ingested knowledge for /app/data/T0015/307413/b4824bb/kuksa-val/kuksa-val-server/include/interface/IVssCommandProcessor.hpp
2026-01-18 19:11:44,648 - Knowledge - INFO - Loaded 150 files from persisted knowledge
2026-01-18 19:11:44,859 - Knowledge - INFO - load persisted knowledge: end
2026-01-18 19:11:45,073 - Knowledge - INFO - Redis support added with prefix knowledge:b4824bb:
2026-01-18 19:11:45,396 - Knowledge - INFO - Starting knowledge initialization for ID: Il7kyB-b4824bb
2026-01-18 19:11:45,606 - Knowledge - INFO - 🔍 Checking Redis for build_id: b4824bb
2026-01-18 19:11:45,789 - Knowledge - INFO - 🔍 Full session ID: Il7kyB-b4824bb
2026-01-18 19:11:45,954 - Knowledge - INFO - 🔍 Redis prefix will be: knowledge:b4824bb:
2026-01-18 19:11:46,139 - Knowledge - INFO - 🔍 Using attached load_from_redis() method
2026-01-18 19:11:46,316 - Knowledge - INFO - 🔍 Attempting to load knowledge from Redis...
2026-01-18 19:11:46,481 - Knowledge - INFO - 🔍 Using derived instance_id for Redis lookup: b4824bb
2026-01-18 19:11:46,678 - Knowledge - INFO - ✅ Redis cache found! Loading knowledge...
2026-01-18 19:11:46,853 - Knowledge - INFO - ✅ Successfully loaded from Redis: 150 files
2026-01-18 19:11:47,027 - Knowledge - INFO - ✅ Redis load complete: 150 files in 0.89s
2026-01-18 19:11:47,191 - Knowledge - INFO - ⚡ Total Redis path: 0.89s (vs ~300s from disk)
2026-01-18 19:11:47,371 - Knowledge - INFO - Saving knowledge to Redis...
2026-01-18 19:11:47,691 - Knowledge - INFO - Knowledge saved to Redis successfully
